A corpse,Fire,50,0,0,0,0,0,0,0,15165,10,Crush,0,90,90,90,90,1,1,4
A Doubt,,,0,0,0,0,0,0,0,3477,8,Crush,0,59,72,58,85,1,1,6
Aberrant spectre,Air,50,0,20,20,20,-15,15,15,"2,3,4,5,6,7","8,14 (without Nose peg)",Magic,0,90,1,1,90,105,1,4
Abhorrent spectre,Air,50,0,40,40,40,-30,30,30,7402,31,Magic,0,250,1,1,180,300,1,4
Abomination,,,20,80,80,80,180,180,180,"8260,8261,8262",23,"Slash,Ranged",0,200,110,110,110,110,110,5
Abyssal antibody,,,0,0,0,0,0,0,0,12372,1,Crush,0,50,1,1,1,1,1,4
Abyssal demon#Catacombs of Kourend,,,0,20,20,20,20,20,20,7241,8,Stab,0,150,97,67,135,1,1,4
Abyssal demon#Standard,,,0,20,20,20,20,20,20,"415,416",8,Stab,0,150,97,67,135,1,1,4
Abyssal demon#Wilderness Slayer Cave,,,0,20,20,20,20,20,20,11239,8,Stab,0,150,97,67,135,1,1,4
Abyssal guardian,,,150,0,70,70,70,0,0,2585,11,"Stab,Magic",0,50,30,90,30,1,1,4
Abyssal leech,,,50,0,50,50,10,0,0,2584,2,Slash,0,10,95,5,25,1,1,2
Abyssal leech (The Scar)#Level 32,,,50,10,50,50,10,10,10,12393,2,Slash,0,50,50,10,1,1,1,2
Abyssal leech (The Scar)#Level 46,,,0,0,0,0,0,0,0,12366,1,Crush,0,30,1,1,1,1,1,2
Abyssal leech (The Scar)#Level 54,,,50,100,50,50,10,10,10,12391,2,Slash,0,20,120,10,30,1,1,2
Abyssal portal#Challenge Mode,Fire,50,60,0,0,0,140,110,140,7533,0,None,0,370,1,1,264,264,1,2
Abyssal portal#Normal,Fire,50,60,0,0,0,140,110,140,7533,0,None,0,250,1,1,176,176,1,2
Abyssal Sire#Phase 1,,,20,50,40,60,60,60,60,"5886,5887,5888","66 (Melee),96 (with explosion)",Melee,0,425,180,136,250,200,1,7
Abyssal Sire#Phase 2,,,20,50,40,60,60,60,60,"5889,5890","66 (Melee),96 (with explosion)",Melee,0,425,180,136,250,200,1,7
Abyssal Sire#Phase 3 (stage 1),,,20,50,40,60,60,60,60,5891,"66 (Melee),96 (with explosion)",Melee,0,425,180,136,250,200,1,7
Abyssal Sire#Phase 3 (stage 2),,,-40,25,20,30,30,30,30,5908,"66 (Melee),96 (with explosion)",Melee,0,425,180,136,250,200,1,7
Abyssal walker,,,75,0,75,75,75,0,0,2586,13,Crush,0,95,5,100,95,1,1,5
Abyssal walker (The Scar)#Level 109,,,75,10,75,75,75,75,75,12392,18,Crush,0,120,20,150,95,1,1,5
Abyssal walker (The Scar)#Level 90,,,75,10,75,75,75,75,75,12394,18,Crush,0,120,20,150,20,1,1,5
Acidic Araxyte,Fire,50,-10,25,25,25,25,25,25,13675,15,Ranged,0,58,150,120,50,1,60,6
Acidic Bloodveld,,,-100,-100,-100,-100,-100,-100,-100,9573,50,Magic,0,5,80,46,2,1,1,4
Adala,,,0,0,0,0,0,0,0,13824,4,Crush,0,60,50,30,10,5,1,4
Adamant dragon,Earth,50,30,85,20,110,95,65,95,"8030,8090","29 (Melee),20 (Ranged),20 (Magic),50 (Dragonfire),25 (Poison special)","Slash,Ranged,Magic,Dragonfire",0,295,280,280,272,186,186,4
Afflicted#Level 30,,,0,0,0,0,0,0,0,1298,3,Crush,0,24,24,24,34,1,1,4
Afflicted#Level 32,,,0,0,0,0,0,0,0,1297,4,Crush,0,26,26,26,36,1,1,4
Afflicted#Level 34,,,0,0,0,0,0,0,0,1294,4,Crush,0,28,28,28,38,1,1,4
Afflicted#Level 37,,,0,0,0,0,0,0,0,1293,4,Crush,0,30,30,30,40,1,1,4
Agile Scarab,,,0,0,0,0,0,0,0,11727,5,Ranged,0,30,60,20,5,30,40,4
Agile Warrior,,,0,0,0,0,0,0,0,13483,3,Crush,0,30,25,25,80,1,80,4
Agrith Naar,Water,25,0,0,0,0,0,0,0,911,"10 (Crush),10 (Magic)","Crush,Magic",0,95,83,90,82,100,100,4
Agrith Naar (Nightmare Zone)#Hard Mode,Water,25,0,0,0,0,0,0,0,6327,"21 (Crush),10 (Magic)","Crush,Magic",0,209,182,198,82,220,220,4
Agrith Naar (Nightmare Zone)#Normal Mode,Water,25,0,0,0,0,0,0,0,6388,"10 (Crush),10 (Magic)","Crush,Magic",0,95,83,90,82,100,100,4
Agrith-Na-Na,,,100,60,100,100,100,60,100,4880,16,"Crush,Magic",0,200,83,150,82,100,100,4
Agrith-Na-Na (Nightmare Zone)#Hard Mode,,,100,60,100,100,100,60,100,6308,"31 (melee),16 (magic)",Magic,0,255,166,300,82,200,200,4
Agrith-Na-Na (Nightmare Zone)#Normal Mode,,,100,60,100,100,100,60,100,6369,"16 (melee),16 (magic)",Magic,0,200,83,150,82,100,100,4
Ahrim the Blighted,Air,50,73,117,103,85,0,0,0,1672,20,Magic,0,100,1,1,100,100,1,6
Air elemental,Air,30,0,0,0,0,0,0,0,1369,3,Stab,0,30,40,20,30,40,20,4
Air wizard,,,15,0,0,0,0,0,0,1559,1,Magic,0,25,5,5,10,10,0,4
Akkha,,,10,120,60,120,60,60,60,"11789,11790,11791,11792,11793,11794,11795,11796",55,"Slash,Magic,Ranged",0,400,100,140,80,100,100,6
Akkha's Shadow,Air,60,10,120,60,120,60,60,60,"11797,11798,11799",22,None,0,70,100,140,30,100,100,6
Al Kharid warrior,,,-1,10,12,15,12,12,12,3292,2,Slash,0,19,7,5,4,1,1,4
Albatross,,,0,0,0,0,25,10,20,15224,10,Stab,0,135,100,90,60,1,0,4
Albino bat,Air,40,0,0,0,0,0,0,0,1039,7,Stab,0,33,57,57,30,1,1,4
Alchemical Hydra#Electric,Earth,50,150,150,75,150,45,45,45,"8619,8617","35 (default),26x2 (empowered)","Ranged,Magic",0,1100,100,100,100,260,260,6
Alchemical Hydra#Extinguished,Earth,50,150,150,75,150,45,45,45,"8621,8622",55,"Ranged,Magic",0,1100,100,100,100,260,260,4
Alchemical Hydra#Fire,Earth,50,150,150,75,150,45,45,45,"8620,8618","35 (default),52 (empowered)","Ranged,Magic",0,1100,100,100,100,260,260,6
Alchemical Hydra#Serpentine,Earth,50,150,150,75,150,45,45,45,"8615,8616","17x2 (default),26x2 (empowered)","Ranged,Magic",0,1100,100,100,100,260,260,6
Alexis,,,-21,-21,-21,-21,-21,-21,-21,2623,2,Crush,0,60,10,10,10,1,1,4
Alomone,,,0,8,5,6,0,0,0,-1,2,Crush,0,25,10,10,4,1,1,4
Alrik,,,0,0,0,0,0,0,0,3676,1,Crush,0,1,1,1,1,1,1,4
Ammonite Crab,Earth,25,0,0,0,0,0,0,0,7799,1,Crush,0,100,1,1,1,1,1,4
Amoxliatl (Echo),fire,30,20,40,100,100,40,40,40,-1,93,Magic,-2,650,0,0,80,240,0,8
Amoxliatl#Post-quest,Fire,30,100,40,100,100,200,200,200,13685,22 (standard)<br/>34 (Icicle Crash),Magic,-2,520,0,0,80,170,0,8
Amoxliatl#Quest,Fire,30,100,40,100,100,200,200,200,13686,16 (standard)<br/>? (Icicle Crash),Magic,-2,400,0,0,60,140,0,8
Ancient Custodian,Fire,30,0,80,50,-30,5,60,-10,14520,19,Crush,0,330,240,180,80,80,1,4
Ancient feral vyre#1,,,0,20,0,20,0,0,0,"15760,16229",10,Slash,0,81,144,88,88,1,1,4
Ancient feral vyre#2,,,0,20,0,20,0,0,0,16230,10,Slash,0,81,144,88,88,1,1,4
Ancient feral vyre#3,,,0,20,0,20,0,0,0,16231,10,Slash,0,81,144,88,88,1,1,4
Ancient feral vyre#4,,,0,20,0,20,0,0,0,16232,10,Slash,0,81,144,88,88,1,1,4
Ancient Guardian (Desert Treasure II),,,10,20,50,40,50,50,50,"12336,12337",12,Crush,0,100,180,110,100,100,0,5
Ancient Guardian#Golem,,,5,0,40,40,30,30,30,"10654,10665",7,Crush,0,40,25,33,25,1,1,5
Ancient Guardian#Rubble,,,5,0,40,40,30,30,30,10666,7,Crush,0,40,25,33,25,1,1,5
Ancient Wizard#Mage,,,0,0,0,0,0,0,0,7307,18,Magic,0,80,50,30,20,150,1,4
Ancient Wizard#Melee,,,0,0,0,0,0,0,0,7309,36,Stab,0,80,120,150,20,80,1,4
Ancient Wizard#Ranger,,,0,0,0,0,0,0,0,7308,23,Ranged,0,80,50,30,20,80,150,4
Ancient Wyvern,Air,35,170,70,50,70,120,90,120,7795,"10 (Ranged),16 (Melee),44 (Icy breath),10 (Icy breath with Elemental shield equipped)","Slash,Typeless Ranged,Icy breath",0,300,150,150,150,90,90,5
Ancient Zygomite,Fire,40,30,20,20,20,30,30,30,7797,"9 (melee),10 (ranged)","Magical melee,Magical ranged",0,150,80,80,80,80,80,4
Angry barbarian spirit,Air,30,-3,2,0,3,2,2,2,5563,18,Crush,0,190,150,140,100,1,1,4
Angry bear#Level 40,,,0,0,0,0,,,,1060,5,Stab,0,200,37,38,38,1,1,4
Angry bear#Level 47,,,0,0,0,0,0,0,0,4692,5,Stab,0,50,38,41,38,1,1,4
Angry giant rat#Level 45,,,,,,,,,,1062,5,Stab,0,200,37,38,38,1,1,4
Angry giant rat#Level 47,,,0,0,0,0,0,0,0,"4689,4690",5,Stab,0,50,38,41,38,1,1,4
Angry goblin#Level 45,,,,,,,,,,1065,5,Stab,0,200,37,38,38,1,1,4
Angry goblin#Level 47,,,0,0,0,0,0,0,0,4691,5,Stab,0,50,38,41,38,1,1,4
Angry tortugan,,,30,50,80,80,80,80,80,15170,7,Stab,0,75,90,65,50,40,1,5
Angry unicorn#Level 45,,,,,,,,,,1061,5,Stab,0,200,37,38,38,1,1,4
Angry unicorn#Level 47,,,0,0,0,0,0,0,0,4688,5,Stab,0,50,38,41,38,1,1,4
Animated Adamant Armour,Earth,30,400,19,50,25,400,400,400,2455,12,Crush,0,99,99,99,99,1,1,4
Animated Black Armour,Earth,30,400,19,50,25,400,400,400,2453,7,Stab,0,60,60,60,60,1,1,4
Animated Bronze Armour,Earth,30,400,19,50,25,400,400,400,2450,2,Crush,0,10,10,10,10,1,1,4
Animated Iron Armour,Earth,30,400,19,50,25,400,400,400,2451,3,Crush,0,20,20,20,20,1,1,4
Animated Mithril Armour,Earth,30,400,19,50,25,400,400,400,2454,10,Stab,0,80,80,80,80,1,1,4
Animated Rune Armour,Earth,30,400,19,50,25,400,400,400,2456,14,Stab,0,120,120,120,120,1,1,4
Animated spade,Earth,25,5,5,15,10,10,10,10,6470,6,Stab,0,40,40,55,40,1,1,4
Animated Steel Armour,Earth,30,400,19,50,25,400,400,400,2452,5,Stab,0,40,40,40,40,1,1,4
Animated steel armour (Tarn's Lair),Earth,30,400,25,50,25,400,400,400,6438,5,Stab,0,50,50,50,2,2,2,4
Anja,,,-21,-21,-21,-21,-21,-21,-21,3285,1,Crush,0,7,1,1,1,1,1,4
Ankou#Level 75,Air,40,0,0,0,0,0,0,0,"2514,2517",8,Crush,0,60,70,70,60,1,1,4
Ankou#Level 82,Air,40,0,0,0,0,0,0,0,"2515,2518",8,Crush,0,65,80,70,70,1,1,4
Ankou#Level 86,Air,40,0,0,0,0,0,0,0,"2516,2519,6608",8,Crush,0,70,75,75,80,1,1,4
Ankou#Level 95,Air,40,0,0,0,0,0,0,0,7257,8,Crush,0,60,100,70,100,1,1,4
Ankou#Level 98,Air,40,0,0,0,0,0,0,0,7864,10,Crush,0,100,75,90,80,1,1,4
Apparition#Apmeken,Air,40,50,65,65,65,0,0,0,4196,6,Magic,0,70,30,40,40,85,1,4
Apparition#Crondis,Air,40,70,15,15,15,70,70,70,4198,6,Magic,0,60,80,70,40,40,1,4
Apparition#Het,Air,40,0,0,0,0,0,0,0,4195,9,Slash,0,75,80,83,40,1,1,4
Apparition#Scabaras,Air,40,0,30,30,30,70,70,70,4197,8,Slash,0,50,70,70,40,1,1,4
Aquanite#Lure,,,140,80,60,80,100,100,100,15497,18,Magic,0,180,1,1,70,170,1,5
Aquanite#No lure,,,140,80,10,80,100,100,100,15498,18,Magic,0,180,1,1,70,170,1,5
Araxxor#Enraged,Fire,50,237,15,160,75,218,218,218,13668,38 (melee) <br/> 21 (magic) <br/> 34 (ranged),All,0,1020,320,320,170,218,241,4
Araxxor#In combat,Fire,50,237,15,160,75,218,218,218,13668,38 (melee) <br/> 21 (magic) <br/> 34 (ranged),"Crush,'""`UNIQ--ref-00000040-QINU`""' Magic,Ranged",0,1020,320,320,135,190,210,6
Araxyte#Level 146,Fire,50,20,20,60,30,20,20,20,"11176,13667",17,Crush,0,100,160,160,70,80,1,4
Araxyte#Level 96,Fire,50,20,20,60,30,20,20,20,"11175,13666",13,Crush,0,60,80,125,60,60,1,4
Arcane Scarab,Fire,50,75,30,15,250,50,50,50,11726,22,Magic,0,40,75,80,80,100,95,6
Archer (Ardougne),,,10,27,18,23,19,19,19,3301,6,Ranged,0,50,20,20,20,1,40,6
Archer (Burthorpe),,,18,49,39,50,45,45,45,"4096,4097,4098",6,Ranged,0,50,0,0,40,1,40,6
Arianwyn (Nightmare Zone)#Hard Mode,,,260,80,80,80,180,180,180,9246,"56,66 (special attack)",Ranged,0,300,0,0,102,102,552,5
Arianwyn (Nightmare Zone)#Normal Mode,,,260,80,80,80,180,180,180,9248,"38,47 (special attack)",Ranged,0,300,0,0,102,102,368,5
Arianwyn#In combat,,,260,80,80,80,180,180,180,"8865,9248","38,47 (special attack)",Ranged,0,300,0,0,102,102,368,5
Armadylean guard,Air,30,3,0,0,0,0,0,0,6587,10,Ranged,0,132,1,1,82,80,90,4
Armoured Foe,,,900,275,275,275,,,,7750,,,0,1500,500,420,500,1,1,
Armoured kraken,Earth,50,-63,0,0,0,125,125,175,15210,18,Magic,0,231,1,1,150,175,1,5
Armoured zombie (Defender of Varrock)#Melee (invasion),Fire,50,0,0,20,20,10,10,10,"12730,12731,12732,12733,12734,12736,12738,12755,12757,12758",8,Crush,1,75,73,72,68,1,1,4
Armoured zombie (Defender of Varrock)#Ranged (invasion),Fire,50,0,0,20,20,10,10,10,"12735,12738,12739,12761,12763,12764",8,Ranged,1,75,73,72,68,1,72,4
Armoured zombie (The Curse of Arrav)#1,Fire,50,-50,5,5,5,-100,-100,-100,14135,10,None,0,10,106,94,10,1,1,-1
Armoured zombie (The Curse of Arrav)#2,Fire,50,-50,5,5,5,-100,-100,-100,14136,10,None,0,10,106,94,10,1,1,-1
Armoured zombie (Zemouregal's Base)#Melee,Fire,50,0,0,20,20,10,10,10,"12720,12721,12722,12723,12724",8,Crush,1,75,73,72,68,1,1,4
Armoured zombie (Zemouregal's Base)#Ranged,Fire,50,0,0,20,20,10,10,10,"12725,12726,12727,12728,12729",8,Ranged,1,75,73,72,68,1,72,4
"Armoured zombie (Zemouregal's Fort)#Melee, 1",Fire,50,0,0,20,20,10,10,10,14113,10,Crush,2,95,106,94,68,1,1,4
"Armoured zombie (Zemouregal's Fort)#Melee, 2",Fire,50,0,0,20,20,10,10,10,14114,10,Crush,2,95,106,94,68,1,1,4
"Armoured zombie (Zemouregal's Fort)#Melee, 3",Fire,50,0,0,20,20,10,10,10,14115,10,Crush,2,95,106,94,68,1,1,4
"Armoured zombie (Zemouregal's Fort)#Melee, 4",Fire,50,0,0,20,20,10,10,10,14116,10,Crush,2,95,106,94,68,1,1,4
"Armoured zombie (Zemouregal's Fort)#Melee, 5",Fire,50,0,0,20,20,10,10,10,14117,10,Crush,2,95,106,94,68,1,1,4
"Armoured zombie (Zemouregal's Fort)#Ranged, 1",Fire,50,0,0,20,20,10,10,10,14118,10,Ranged,2,95,106,94,68,1,94,4
"Armoured zombie (Zemouregal's Fort)#Ranged, 2",Fire,50,0,0,20,20,10,10,10,14119,10,Ranged,2,95,106,94,68,1,94,4
"Armoured zombie (Zemouregal's Fort)#Ranged, 3",Fire,50,0,0,20,20,10,10,10,14120,10,Ranged,2,95,106,94,68,1,94,4
"Armoured zombie (Zemouregal's Fort)#Ranged, 4",Fire,50,0,0,20,20,10,10,10,14121,10,Ranged,2,95,106,94,68,1,94,4
"Armoured zombie (Zemouregal's Fort)#Ranged, 5",Fire,50,0,0,20,20,10,10,10,14122,10,Ranged,2,95,106,94,68,1,94,4
Arrav,,,160,40,80,80,80,80,80,14132,30,Crush,0,600,220,220,150,150,0,5
Arrg,Earth,50,200,35,35,60,200,200,200,"643,642","38 (melee),30 (ranged)","Slash,Ranged",0,140,70,140,40,0,70,4
Arrg (Nightmare Zone)#Hard Mode,Earth,50,200,35,35,60,200,200,200,6331,"74 (melee),30 (ranged)",Ranged,0,255,140,280,40,0,140,5
Arrg (Nightmare Zone)#Normal Mode,Earth,50,200,35,35,60,200,200,200,6392,"38 (melee),30 (ranged)",Ranged,0,140,70,140,40,0,70,5
Artio,,,0,110,125,110,40,40,40,11992,"35 (Crush),50 (Magic),17 (Ranged)","Crush,Magic,Ranged",0,450,250,270,150,90,120,5
Arzinian Avatar of Magic#Invincible,,,,,,,,,,1233,15,Magic,0,200,10,100,130,150,0,4
Arzinian Avatar of Magic#Level 125,,,20,80,80,80,15,15,15,1234,13,Magic,0,100,10,90,120,120,0,4
Arzinian Avatar of Magic#Level 75,,,15,40,40,40,10,10,10,1235,8,Magic,0,70,10,50,75,75,0,4
Arzinian Avatar of Ranging#Invincible,,,,,,,,,,1230,17,Ranged,0,200,20,110,130,0,140,4
Arzinian Avatar of Ranging#Level 125,,,80,15,15,15,20,20,20,1231,14,Ranged,0,100,10,100,120,0,110,4
Arzinian Avatar of Ranging#Level 75,,,40,10,10,10,15,15,15,1232,9,Ranged,0,70,10,40,75,0,75,4
Arzinian Avatar of Strength#Invincible,,,,,,,,,,1227,14,Crush,0,200,150,130,120,0,0,4
Arzinian Avatar of Strength#Level 125,,,15,20,20,20,80,80,80,1228,11,Crush,0,100,110,100,95,0,0,4
Arzinian Avatar of Strength#Level 75,,,10,15,15,15,40,40,40,1229,7,Crush,0,70,70,65,50,0,0,4
Assassin,,,200,80,60,30,50,50,50,12062,39,"Slash,Ranged",0,400,140,140,140,140,140,4
Assassin (A Kingdom Divided),,,20,50,50,50,50,50,50,10940,12,"Melee,Ranged",0,120,112,112,92,92,112,4
Assassin (A Kingdom Divided),,,20,50,50,50,50,50,50,10941,12,"Melee,Ranged",0,120,112,112,92,92,112,4
Assassin (While Guthix Sleeps)#1,,,30,15,10,10,20,30,60,13514,"20 (normal),105+ (special attack)","Ranged,Slash",0,275,50,70,70,30,110,5
Assassin (While Guthix Sleeps)#2,,,30,15,10,10,20,30,60,13515,"20 (normal),105+ (special attack)","Ranged,Slash",0,275,50,70,70,30,110,5
Asyn Shade#Shade,Air,40,0,0,0,0,0,0,0,1284,9,Crush,-3,90,102,84,70,0,0,4
Asyn Shade#Shadow,Air,40,0,0,0,0,0,0,0,1283,9,Crush,-3,90,102,84,70,0,0,4
Asyn shadow (Temple Trekking),Air,40,0,0,0,0,0,0,0,5632,11,Crush,0,94,110,96,80,50,50,4
Avatar of Creation,,,20,20,20,20,20,20,20,10531,54,Crush,0,1500,160,320,10,10,0,6
Avatar of Destruction,,,20,20,20,20,20,20,20,10532,54,Crush,0,1500,160,320,10,10,0,6
Aviansie#Level 131,Air,45,0,0,0,0,0,0,-20,3183,15,Ranged,0,115,1,1,175,1,143,4
Aviansie#Level 137,Air,45,0,0,0,0,0,0,-20,3175,15,Ranged,0,124,1,1,160,1,136,4
Aviansie#Level 148,Air,45,0,0,0,0,0,0,-20,3176,16,Ranged,0,139,1,1,160,1,151,4
Aviansie#Level 69,Air,45,0,0,0,0,0,0,-20,3169,8,Ranged,0,70,1,1,70,1,71,4
Aviansie#Level 71,Air,45,0,0,0,0,0,0,-20,3177,10,Ranged,0,63,1,1,55,1,86,4
Aviansie#Level 73,Air,45,0,0,0,0,0,0,-20,3178,10,Ranged,0,67,1,1,55,1,89,4
Aviansie#Level 79 (1),Air,45,0,0,0,0,0,0,-20,3170,9,Ranged,0,83,1,1,70,1,85,4
Aviansie#Level 79 (2),Air,45,0,0,0,0,0,0,-20,3179,11,Ranged,0,77,1,1,55,1,96,4
Aviansie#Level 83,Air,45,0,0,0,0,0,0,-20,3172,9,Ranged,0,86,1,1,100,1,76,4
Aviansie#Level 84,Air,45,0,0,0,0,0,0,-20,3171,10,Ranged,0,86,1,1,70,1,93,4
Aviansie#Level 89,Air,45,0,0,0,0,0,0,-20,3180,12,Ranged,0,69,1,1,115,1,89,4
Aviansie#Level 92,Air,45,0,0,0,0,0,0,-20,3173,10,Ranged,0,95,1,1,100,1,90,4
Aviansie#Level 94,Air,45,0,0,0,0,0,0,-20,3181,11,Ranged,0,75,1,1,115,1,96,4
Aviansie#Level 97 (1),Air,45,0,0,0,0,0,0,-20,3174,11,Ranged,0,98,1,1,100,1,99,4
Aviansie#Level 97 (2),Air,45,0,0,0,0,0,0,-20,3182,11,Ranged,0,79,1,1,115,1,101,4
Awakened Altar,,,,,,,,,,"7288,7290,7292,7294",0 (Does not attack),None,0,100,1,1,1,1,1,-1
Ba-Ba,,,280,240,80,160,200,120,200,"11778,11779,11780",24,"Crush,Ranged",0,380,150,160,80,100,0,6
Baboon,,,50,50,10,50,50,50,50,11781,1?,Ranged,0,10,0,0,50,50,80,4
Baboon Brawler#Level 56,,,-60,900,900,900,900,900,900,11709,5,Crush,0,25,40,40,12,40,40,4
Baboon Brawler#Level 68,,,-60,900,900,900,900,900,900,11712,7,Crush,0,30,60,60,20,60,40,4
Baboon Mage#Level 56,,,900,900,900,900,-50,-50,-50,11711,5,Magic,0,20,40,40,12,40,40,4
Baboon Mage#Level 68,,,900,900,900,900,-50,-50,-50,11714,7,Magic,0,25,60,60,20,60,40,4
Baboon Shaman,,,900,900,900,900,-50,-50,-50,11715,7,Magic,0,40,60,60,20,60,60,8
Baboon Thrall,,,0,0,0,0,0,0,0,11718,5,Crush,0,2,40,40,12,40,40,4
Baboon Thrower#Level 56,,,900,-50,-50,-50,900,900,900,11710,5,Ranged,0,30,40,40,12,40,40,4
Baboon Thrower#Level 68,,,900,-50,-50,-50,900,900,900,11713,7,Ranged,0,35,60,60,20,60,40,4
Baby black dragon#Myths' Guild,,,40,50,0,50,30,5,30,7955,11,Slash,0,80,70,70,70,1,1,4
Baby black dragon#Normal,Water,50,40,50,0,50,30,5,30,"1871,1872",11,Slash,0,80,70,70,70,1,1,4
Baby blue dragon (Realm of Memories),,,40,50,30,50,30,30,30,-1,,Melee,0,50,40,40,40,1,1,4
Baby blue dragon#1,Water,50,40,50,0,50,30,5,30,241,5,Slash,0,50,40,40,40,1,1,4
Baby blue dragon#2,Water,50,40,50,0,50,30,5,30,242,5,Slash,0,50,40,40,40,1,1,4
Baby blue dragon#3,Water,50,40,50,0,50,30,5,30,243,5,Slash,0,50,40,40,40,1,1,4
"Baby blue dragon#Ruins of Tapoyauik, 1",Fire,50,40,50,0,50,30,5,30,14105,5,Slash,0,50,40,40,40,1,1,4
"Baby blue dragon#Ruins of Tapoyauik, 2",Fire,50,40,50,0,50,30,5,30,14106,5,Slash,0,50,40,40,40,1,1,4
Baby dragon (unused),,,,,,,,,,-1,,,0,,,,,,,
Baby green dragon#1,Water,50,40,50,0,50,30,30,30,5194,5,Slash,0,50,40,40,40,1,1,4
Baby green dragon#2,Water,50,40,50,0,50,30,30,30,5872,5,Slash,0,50,40,40,40,1,1,4
Baby green dragon#3,Water,50,40,50,0,50,30,30,30,5873,5,Slash,0,50,40,40,40,1,1,4
Baby impling#Overworld,,,10,-10,-10,-10,-10,-10,-10,1635,N/A,N/A,0,10,0,0,0,1,1,0
Baby impling#Puro-Puro,,,10,-10,-10,-10,-10,-10,-10,1645,N/A,N/A,0,10,0,0,0,1,1,0
Baby leviathan,,,,,,,,,,-1,,,0,150,,,55,,80,
Baby red dragon (Construction),Water,50,40,50,30,50,30,30,30,137,6,Slash,0,65,55,55,55,1,1,4
Baby red dragon#1,Water,50,40,50,0,50,30,10,30,244,5,Slash,0,50,40,40,40,1,1,4
Baby red dragon#2,Water,50,40,50,0,50,30,10,30,245,5,Slash,0,50,40,40,40,1,1,4
Baby red dragon#3,Water,50,40,50,0,50,30,10,30,246,5,Slash,0,50,40,40,40,1,1,4
Baby Roc,Air,30,150,0,0,0,0,0,0,762,8,Crush,0,50,70,70,70,1,1,4
Baby sea kraken,,,-63,0,0,0,50,0,40,-1,7,Magic,0,50,1,1,75,60,1,5
Baby tanglefoot#Brown,Fire,20,0,0,0,0,0,0,0,5854,5,Slash,0,40,40,38,40,1,1,4
Baby tanglefoot#Tan,Fire,20,0,0,0,0,0,0,0,5853,5,Slash,0,40,40,38,40,1,1,4
Balance Elemental#Magic,,,-40,-40,5,0,0,-40,5,13530,40 (standard)<br>89 (stat-draining),Magic,0,750,275,286,275,275,275,6
Balance Elemental#Melee,,,-40,-40,5,0,0,-40,5,13529,40 (standard)<br>89 (stat-draining),Crush,0,750,275,286,275,275,275,6
Balance Elemental#Ranged,,,-40,-40,5,0,0,-40,5,13528,40 (standard)<br>89 (stat-draining),Ranged,0,750,275,286,275,275,275,6
Balfrug Kreeyath,Water,25,10,0,0,0,0,0,0,3132,16,Magic,0,161,115,60,153,150,1,5
Bandit (Bandit Camp)#Level 57,,,0,0,0,0,0,0,0,695,6,Crush,0,50,50,50,50,1,1,4
Bandit (Bandit Camp)#Level 74,,,0,0,0,0,0,0,0,690,7,Crush,0,65,65,65,65,1,1,4
Bandit (Pollnivneach)#Bearded,,,10,8,0,9,0,0,0,"736,737",7,Slash,0,30,40,50,20,1,1,4
Bandit (Pollnivneach)#No beard,,,10,8,0,9,0,0,0,"734,735",9,Slash,0,30,59,70,30,1,1,4
Bandit (Shayzien),,,1,5,4,8,4,4,4,"11063,11064,11065",3,Stab,0,27,17,17,17,1,1,4
Bandit (Varlamore),,,1,5,4,8,4,4,4,"13283,13284,13285,13286,13287,13288,13289,13290",4,Crush,0,27,17,22,17,1,1,4
Bandit champion,,,0,10,9,8,0,0,0,738,10,Slash,0,50,59,80,50,0,0,4
Bandit#Level 130,,,0,22,0,23,0,0,0,6605,12,Stab,0,155,57,57,57,1,1,4
Bandit#Level 22,,,0,2,0,3,0,0,0,1026,3,Stab,0,27,17,17,17,1,1,4
Bandosian guard,,,5,13,12,14,13,13,13,6588,13,Stab,0,130,110,115,80,1,1,5
Banshee,Air,30,0,5,5,5,5,5,5,414,"2,6 (without Earmuffs)",Magical melee,0,22,22,15,22,1,1,4
Barbarian (Barbarian Camp)#Level 10 (2h sword),,,-3,2,0,3,2,2,2,10984,2,Crush,0,18,8,7,3,1,1,4
Barbarian (Barbarian Camp)#Level 10 (greataxe),,,-3,2,0,3,2,2,2,10985,2,Crush,0,18,8,7,3,1,1,4
Barbarian (Barbarian Camp)#Level 10 (spear),,,-3,2,0,3,2,2,2,10987,2,Crush,0,18,8,7,3,1,1,4
Barbarian (Barbarian Camp)#Level 15,,,-3,2,0,3,2,2,2,10986,2,Ranged,0,24,15,3,10,1,15,4
Barbarian (Barbarian Camp)#Level 9,,,-3,10,0,10,5,5,5,10988,2,Crush,0,20,6,7,3,1,1,4
Barbarian Warlord,,,0,15,15,20,10,10,10,10989,10,Crush,0,80,90,90,50,40,1,6
Barbarian woman (historical),,,,,,,,,,-1,,,0,,,,,,,
Barbarian#Level 10 (Acelin),,,-3,2,0,3,2,2,2,3065,2,Crush,0,18,8,7,3,1,1,4
Barbarian#Level 10 (Adelino),,,-3,2,0,3,2,2,2,3066,2,Crush,0,18,8,7,3,1,1,4
Barbarian#Level 10 (Adolpho),,,-3,2,0,3,2,2,2,3067,2,Crush,0,18,8,7,3,1,1,4
Barbarian#Level 10 (Edelschwarz),,,-3,2,0,3,2,2,2,3071,2,Crush,0,18,8,7,3,1,1,4
Barbarian#Level 10 (Fafner),,,-3,2,0,3,2,2,2,3056,2,Crush,0,18,8,7,3,1,1,4
Barbarian#Level 10 (Gutrune),,,-3,2,0,3,2,2,2,3070,2,Crush,0,18,8,7,3,1,1,4
Barbarian#Level 10 (Hagen),,,-3,2,0,3,2,2,2,3061,2,Crush,0,18,8,7,3,1,1,4
Barbarian#Level 10 (Lydspor),,,-3,2,0,3,2,2,2,3060,2,Crush,0,18,8,7,3,1,1,4
Barbarian#Level 10 (Siegfried),,,-3,2,0,3,2,2,2,3059,2,Crush,0,18,8,7,3,1,1,4
Barbarian#Level 10 (Wotan),,,-3,2,0,3,2,2,2,3064,2,Crush,0,18,8,7,3,1,1,4
Barbarian#Level 15 (Aitan),,,-3,2,0,3,2,2,2,3068,2,Ranged,0,24,15,3,10,1,15,4
Barbarian#Level 17 (Alberich),,,-3,2,0,3,2,2,2,3055,3,Crush,0,24,15,14,10,1,1,4
Barbarian#Level 17 (Brunnhilde),,,-3,2,0,3,2,2,2,3069,3,Crush,0,24,15,14,10,1,1,4
Barbarian#Level 17 (Fasolt),,,-3,2,0,3,2,2,2,3057,3,Crush,0,24,15,14,10,1,1,4
Barbarian#Level 17 (Minarch),,,-3,2,0,3,2,2,2,3062,3,Crush,0,24,15,14,10,1,1,4
Barbarian#Level 17 (Siegmund),,,-3,2,0,3,2,2,2,3058,3,Crush,0,24,15,14,10,1,1,4
Barbarian#Level 8 (Blue Moon Inn),,,0,0,1,1,0,0,0,3262,2,Stab,0,14,6,5,5,1,1,6
Barbarian#Level 9 (Sieglinde),,,-3,10,9,10,5,5,5,3072,2,Crush,0,20,6,7,3,1,1,4
Bark Blamish Snail,Earth,30,5,30,5,5,30,30,30,2648,2,Ranged,0,22,0,0,20,1,10,6
Barrelchest,,,0,0,0,0,0,0,0,600,35,"Crush,Ranged",0,134,170,145,140,90,1,5
Barrelchest (Nightmare Zone)#Hard Mode,,,0,0,0,0,0,0,0,1126,61,Crush,0,255,306,261,140,162,1,5
Barrelchest (Nightmare Zone)#Normal Mode,,,0,0,0,0,0,0,0,6342,35,Crush,0,134,170,145,140,90,1,5
Basilisk,Earth,40,20,0,20,20,0,0,0,417,5,Slash,0,75,30,45,75,1,1,4
Basilisk (The Fremennik Exiles)#Adult,Earth,40,20,0,20,20,0,0,0,"9283,9284",5,Slash,0,75,30,45,75,1,1,4
Basilisk (The Fremennik Exiles)#Baby,Earth,40,20,0,20,20,0,0,0,"9285,9286",5,Slash,0,75,30,45,75,1,1,4
Basilisk (unused),Earth,40,20,0,20,20,0,0,0,418,5,Slash,0,75,30,45,75,1,1,4
Basilisk Knight,Earth,40,30,-15,30,30,20,-15,20,9293,20,"Slash,Magic",0,300,186,186,186,186,1,0
Basilisk Sentinel,Earth,40,50,10,50,50,10,10,10,9258,"28 (normal),74+ (special attack)","Magic,Melee",0,520,274,274,274,274,1,4
Basilisk Youngling,Earth,40,20,0,20,20,0,0,0,9282,5,Slash,0,60,25,40,70,1,1,4
Bat,Air,35,2,5,2,2,0,0,0,"2827,10888,14042",1,Stab,0,8,5,5,5,1,1,4
Battle mage#Guthix,,,0,0,0,0,0,0,0,1612,20,Magic,0,120,1,1,1,50,1,4
Battle mage#Saradomin,,,0,0,0,0,0,0,0,1611,20,Magic,0,120,1,1,1,50,1,4
Battle mage#Zamorak,,,0,0,0,0,0,0,0,1610,20,Magic,0,120,1,1,1,50,1,4
Bear Cub,Fire,25,0,0,0,0,0,0,0,"3908,3909",2,Slash,0,20,10,15,10,1,1,4
Bedabin Nomad Fighter,,,0,0,0,0,0,0,0,4655,7,Slash,0,50,40,50,60,0,0,4
Bee Swarm (Deadman)#Annihilation,Fire,50,0,10,10,10,0,0,0,13658,11,Crush,0,5000,400,100,30,1,1,1
Bee Swarm (Deadman)#Armageddon,Fire,50,0,10,10,10,0,0,0,13658,11,Crush,0,2000,400,100,30,1,1,1
Bee Swarm (Deadman)#Permanent,Fire,50,0,10,10,10,0,0,0,13658,11,Crush,0,1500,400,100,30,1,1,1
Berry#Awake,Earth,20,200,10,0,0,200,200,200,4132,13,Crush,0,90,40,90,25,0,0,6
Berry#Sleeping,Earth,20,200,10,0,0,200,200,200,4134,13,Crush,0,90,40,90,25,0,0,6
Berserk barbarian spirit,Air,25,-3,2,0,3,2,2,2,5565,18,Crush,0,190,150,140,100,1,1,4
Big Evil Chicken#Annihilation,,,255,25,25,25,0,0,0,15547,26,Magic,0,3500,255,255,25,300,0,3
Big Evil Chicken#Permanent,,,255,25,25,25,0,0,0,15547,26,Magic,0,1000,255,255,25,300,0,3
Big frog#Level 10,Earth,25,0,0,0,0,0,0,0,8701,2,Crush,0,18,8,6,4,1,1,4
Big frog#Level 24,Earth,25,0,0,0,0,0,0,0,478,3,Crush,0,25,25,20,15,1,1,4
Big Snake,,,0,0,0,0,0,0,0,2978,14,Stab,0,120,60,60,60,1,1,6
Big Wolf#Feldip Hills,Fire,20,0,0,0,0,0,0,0,115,7,Stab,0,74,60,61,62,1,1,4
Big Wolf#White Wolf Mountain,Fire,20,0,0,0,0,0,0,0,109,7,Stab,0,74,60,61,62,1,1,4
Billy Goat#Brown,Fire,10,0,0,10,10,10,10,10,1794,6,Crush,0,28,31,29,29,1,1,4
Billy Goat#Tan,Fire,10,0,0,10,10,10,10,10,1797,6,Crush,0,28,31,29,29,1,1,4
Bird#Level 11,Air,25,0,0,0,0,0,0,0,5240,2,Stab,0,10,10,10,10,10,1,4
Bird#Level 5,Air,25,0,0,0,0,0,0,0,"5241,10541",1,Stab,0,5,5,5,5,5,1,4
Black bear,Fire,30,0,0,0,0,0,0,0,2839,3,Slash,0,25,15,16,13,1,1,4
Black chinchompa (Hunter),,,0,0,0,0,0,0,0,2912,1,Crush,0,1,2,2,2,2,2,4
Black demon (Nightmare Zone)#Hard Mode,Water,40,-10,0,0,0,0,0,0,6295,31,Slash,0,255,290,296,152,1,1,4
Black demon (Nightmare Zone)#Normal Mode,Water,40,-10,0,0,0,0,0,0,6357,16,Slash,0,157,145,148,152,1,1,4
Black demon (Realm of Memories),,,-10,0,0,0,0,0,0,-1,,Slash,0,157,145,148,152,1,1,4
Black demon (The Grand Tree),Water,40,-10,0,0,0,0,0,0,1432,16,Slash,0,157,145,148,152,1,1,4
Black demon (The Scar),Water,40,-10,0,0,0,0,0,0,12385,16,Slash,0,157,145,148,152,1,1,4
Black demon#Level 172,Water,40,-10,0,0,0,0,0,0,"240,2048,2049,2050,2051,2052,5874,5875,5876,5877",16,Slash,0,157,145,148,152,1,1,4
Black demon#Level 178,Water,40,-5,0,0,0,0,0,0,7243,16,Slash,0,160,145,148,175,1,1,4
Black demon#Level 184,Water,40,-10,0,0,0,0,0,0,7242,17,Slash,0,170,155,158,162,1,1,4
Black demon#Level 188,Water,40,-10,0,0,0,0,0,0,"7874,7875,7876",17,Slash,0,200,145,165,152,1,1,4
Black dragon (Echo),,,,,,,,,,"14146,15610",,,0,190,200,200,200,100,1,
Black dragon (Realm of Memories),,,60,70,50,70,50,50,50,-1,,,0,190,200,200,200,100,1,
Black dragon#Level 227,Water,50,60,70,0,70,50,10,50,"252,253,254,255,256,257,258,259,8084,8085","21 (Melee),50 (Dragonfire)","Slash,Dragonfire",0,190,200,200,200,100,1,4
Black dragon#Level 247,Water,50,60,70,0,70,50,10,50,"7861,7862,7863","22 (Melee),50+ (Dragonfire)","Slash,Dragonfire",0,250,200,215,200,150,1,4
Black Eye Bethel#Dragon scimitar,Fire,50,10,20,20,40,20,20,20,15025,28,Slash,0,180,95,273,56,45,1,4
Black Eye Bethel#Rune scimitar,Fire,50,10,20,20,40,20,20,20,15025,25,Slash,0,180,145,241,85,68,1,4
Black Eye Bethel#Steel scimitar,Fire,50,10,20,20,40,20,20,20,15025,22,Slash,0,180,170,210,100,80,1,4
Black golem,,,300,1,300,300,300,300,300,4742,4,Crush,0,80,80,30,80,1,1,4
Black Guard Berserker#Blue,,,0,60,60,60,60,60,60,6051,13,Crush,0,50,60,60,60,1,1,3
Black Guard Berserker#Green,,,0,60,60,60,60,60,60,"6052,2232",13,Crush,0,50,60,60,60,1,1,3
Black Guard Berserker#Red,,,0,60,60,60,60,60,60,6050,13,Crush,0,50,60,60,60,1,1,3
"Black Guard#Level 25, 1",,,2,4,3,4,3,3,3,1409,3,Stab,0,30,20,20,20,1,1,4
"Black Guard#Level 25, 2",,,2,4,3,4,3,3,3,1410,3,Stab,0,30,20,20,20,1,1,4
"Black Guard#Level 25, 3",,,2,4,3,4,3,3,3,1411,3,Stab,0,30,20,20,20,1,1,4
"Black Guard#Level 25, 4",,,2,4,3,4,3,3,3,1412,3,Stab,0,30,20,20,20,1,1,4
"Black Guard#Level 48, 1",,,0,40,40,40,40,40,40,6046,8,Crush,0,40,40,45,45,1,1,3
"Black Guard#Level 48, 2",,,0,40,40,40,40,40,40,6047,8,Crush,0,40,40,45,45,1,1,3
"Black Guard#Level 48, 3",,,0,40,40,40,40,40,40,6048,8,Crush,0,40,40,45,45,1,1,3
"Black Guard#Level 48, 4",,,0,40,40,40,40,40,40,6049,8,Crush,0,40,40,45,45,1,1,3
Black Heather,,,0,10,9,8,0,0,0,301,4,Slash,0,37,32,26,27,1,1,4
Black jaguar,Fire,30,0,0,0,0,0,0,0,12978,6,Slash,0,80,55,50,55,1,1,4
Black jaguar (Scrambled!),Fire,30,0,0,0,0,0,0,0,14512,8,Slash,0,85,75,75,75,1,1,4
Black knight (Port Sarim jail),,,-11,70,73,76,72,72,72,1545,4,Slash,0,42,25,25,25,1,1,5
Black Knight (Wanted!),,,-11,70,73,76,72,72,72,"4934,4959,4960",4,Slash,0,42,25,25,25,1,1,5
Black Knight Titan,,,1000,18,18,27,1000,1000,1000,4067,15,Crush,0,142,91,100,91,1,1,7
Black Knight Titan (Nightmare Zone)#Hard Mode,,,1000,18,18,27,1000,1000,1000,6299,28,Crush,0,255,182,200,91,1,1,7
Black Knight Titan (Nightmare Zone)#Normal Mode,,,1000,18,18,27,1000,1000,1000,6360,15,Crush,0,142,91,100,91,1,1,7
"Black Knight#Hostile, female",,,-11,70,73,76,72,72,72,11953,4,Slash,0,42,25,25,25,1,1,5
"Black Knight#Hostile, male",,,-11,70,73,76,72,72,72,"517,4331",4,Slash,0,42,25,25,25,1,1,5
"Black Knight#Passive, female",,,-11,70,73,76,72,72,72,11952,4,Slash,0,42,25,25,25,1,1,5
"Black Knight#Passive, male",,,-11,70,73,76,72,72,72,516,4,Slash,0,42,25,25,25,1,1,5
Black unicorn,,,0,0,0,0,0,0,0,2849,3,Stab,0,29,21,23,23,1,1,4
Black unicorn Foal,,,0,0,0,0,0,0,0,3911,3,Stab,0,25,18,18,18,1,1,4
Blessed giant rat#1,,,-24,-24,-24,-24,-24,-24,-24,4534,1,Stab,0,30,5,1,1,1,1,4
Blessed giant rat#2,,,-24,-24,-24,-24,-24,-24,-24,4535,1,Stab,0,30,5,1,1,1,1,4
Blessed spider#Normal,Fire,50,12,7,15,16,16,16,16,4533,4,Crush,0,32,35,35,35,1,1,4
Blessed spider#Song of the Elves,Fire,50,12,7,15,16,16,16,16,8978,4,Crush,0,32,35,35,35,1,1,4
Blood Blamish Snail#Pointed,Earth,30,5,30,5,5,50,50,50,2650,3,Ranged,0,10,0,0,30,1,21,6
Blood Blamish Snail#Round,Earth,30,5,30,5,5,50,50,50,2645,2,Ranged,0,13,0,0,45,1,12,6
Blood jaguar,Earth,15,0,0,0,0,0,0,0,13021,5,Crush,0,100,40,40,28,1,1,6
Blood Moon,Air,15,500,100,100,0,500,500,500,13011,32 total 4+8+20,Typeless slash,-2,500,258,100,60,100,1,6
Blood Reaver#Ancient Prison,,,300,120,20,80,55,55,55,11293,20,Magic,0,125,1,1,100,190,1,5
Blood Reaver#Nex's chamber,,,300,120,20,80,55,55,55,11294,20,Magic,0,150,1,1,100,190,1,5
Blood spawn#Entry,Earth,50,0,0,0,0,0,0,0,"8367,10821,10829",1 (does not attack),None,0,7,1,1,0,0,1,-1
Blood spawn#Normal,Earth,50,0,0,0,0,0,0,0,"8367,10821,10829",1 (does not attack),None,0,120,1,1,0,0,1,-1
Blood-starved venator,,,110,130,-5,60,-5,-5,-5,15770,"21 (Melee/ranged),40 (Shriek)",Stab,0,345,200,200,120,100,75,5
Bloodthirst rockslug,,,,,,,,,,12561,,Crush,0,77,72,77,77,1,1,4
Bloodthirsty abomination,,,,,,,,,,12572,,Magical melee,0,130,230,195,142,230,1,4
Bloodthirsty abyssal demon,,,0,50,50,50,50,50,50,12581,40,Stab,0,600,450,390,240,1,1,4
Bloodthirsty banshee,,,,,,,,,,12540,,Magical melee,0,61,65,61,56,1,1,4
Bloodthirsty basilisk,,,35,0,35,35,0,0,0,12565,16,Slash,0,255,132,147,130,1,1,4
Bloodthirsty Basilisk Sentinel,,,50,10,50,50,10,10,10,12566,42,"Magic,Melee",0,780,411,411,274,411,1,4
Bloodthirsty Bloodveld,,,0,0,0,0,0,0,0,12568,20+,Magical melee,0,435,285,217,85,1,1,4
Bloodthirsty choke devil,,,,,,,,,,12575,,Ranged melee,0,300,260,230,120,1,1,4
Bloodthirsty Cockathrice,,,20,0,20,20,0,0,0,12562,13,Stab,0,142,94,117,78,1,1,4
Bloodthirsty Crawler,,,,,,,,,,12539,,Stab,0,60,64,59,55,1,1,4
Bloodthirsty Drake,,,20,100,60,100,150,150,150,12586,37,"Ranged melee,Ranged",0,945,405,420,200,450,360,4
Bloodthirsty gargoyle,,,,,,,,,,"12578,12579",,"Slash,Ranged,Magic (special)",0,270,230,250,190,1,220,4
Bloodthirsty hand,,,,,,,,,,12538,,Crush,0,55,45,42,14,1,1,4
Bloodthirsty Hydra,,,200,200,100,200,20,20,20,12588,38,"Magic,Ranged",0,1125,1,1,100,375,375,6
Bloodthirsty Infernal pyrelord,,,0,18,18,18,18,18,18,12564,,Magical melee,0,276,186,144,68,1,1,4
Bloodthirsty Jelly,,,0,0,0,0,0,0,0,12570,23,Magical melee,0,285,255,225,220,225,1,4
Bloodthirsty kurask,,,0,5,0,50,0,0,0,12576,49,Crush,0,405,285,480,250,1,1,4
Bloodthirsty Mage,,,,,,,,,,12567,,Magic,0,175,1,1,175,175,1,4
Bloodthirsty mutated Bloodveld,,,0,0,0,0,0,0,0,12569,27+,Magical melee,0,615,375,285,130,1,1,4
Bloodthirsty Nechryarch,,,0,30,30,30,30,30,30,12582,40,Crush,0,480,465,390,140,1,1,4
Bloodthirsty Night beast,,,190,200,75,80,200,200,200,12580,44,"Crush,Magic",0,825,405,435,220,450,1,4
Bloodthirsty pyrelord,,,0,18,18,18,18,18,18,12563,,Magical melee,0,187,147,97,52,1,1,4
Bloodthirsty Repugnant spectre,,,,,,,,,,12574,,Magic,0,380,1,1,220,380,1,4
Bloodthirsty Shadow Wyrm#Attacking,,,50,100,20,100,20,20,20,12585,41,"Magic,Melee",0,480,450,270,125,240,187,4
Bloodthirsty Shadow Wyrm#Idle,,,50,100,20,100,20,20,20,12584,41,"Magic,Melee",0,480,450,270,125,240,187,4
Bloodthirsty smoke devil,,,850,0,0,0,80,80,80,12577,35,Magical ranged,0,360,360,345,390,1,420,4
Bloodthirsty spectre,,,,,,,,,,12573,,Magic,0,250,1,1,180,300,1,4
Bloodthirsty Turoth,,,0,40,0,40,0,0,0,12583,43,Stab,0,292,306,420,154,1,1,4
Bloodthirsty twisted banshee,,,,,,,,,,12542,,Magical melee,0,220,103,110,80,1,1,4
Bloodthirsty Warped Jelly,,,0,0,0,0,0,0,0,12571,28,Magical melee,0,330,300,270,250,270,1,4
Bloodveld#GWD,,,0,0,0,0,0,0,0,3138,6,Magical melee,0,134,80,46,30,1,1,4
Bloodveld#Normal,,,0,0,0,0,0,0,0,"484,485,486,487",5,Magical melee,0,120,75,45,30,1,1,4
Bloodworm,,,0,0,0,0,0,0,0,1678,3,Stab,0,45,80,20,35,1,1,4
Bloody Jack,,,70,40,35,11,33,40,21,15682,11,Crush,0,100,55,55,65,60,70,5
Blue dagannoth,Earth,35,50,150,150,150,50,50,50,15166,9,Stab,0,120,78,78,81,1,50,4
Blue dragon (Realm of Memories),,,60,70,50,70,50,50,50,-1,,,0,105,95,95,95,1,1,
Blue dragon#1,Water,50,60,70,0,70,50,10,50,265,"10 (Slash),50 (Dragonfire)","Slash,Dragonfire",0,105,95,95,95,1,1,4
Blue dragon#2,Water,50,60,70,0,70,50,10,50,266,"10 (Slash),50 (Dragonfire)","Slash,Dragonfire",0,105,95,95,95,1,1,4
Blue dragon#3,Water,50,60,70,0,70,50,10,50,267,"10 (Slash),50 (Dragonfire)","Slash,Dragonfire",0,105,95,95,95,1,1,4
Blue dragon#4,Water,50,60,70,0,70,50,10,50,268,"10 (Slash),50 (Dragonfire)","Slash,Dragonfire",0,105,95,95,95,1,1,4
Blue dragon#5,Water,50,60,70,0,70,50,10,50,269,"10 (Slash),50 (Dragonfire)","Slash,Dragonfire",0,105,95,95,95,1,1,4
"Blue dragon#Ruins of Tapoyauik, 1",Fire,50,60,70,0,70,50,15,50,14103,"10 (Slash),50 (Dragonfire)","Slash,Dragonfire",0,105,95,95,95,1,1,4
"Blue dragon#Ruins of Tapoyauik, 2",Fire,50,60,70,0,70,50,15,50,14104,"10 (Slash),50 (Dragonfire)","Slash,Dragonfire",0,105,95,95,95,1,1,4
"Blue dragon#Task only, 1",Water,50,60,70,0,70,50,15,50,5878,"10 (Slash),50 (Dragonfire)","Slash,Dragonfire",0,105,95,95,95,1,1,4
"Blue dragon#Task only, 2",Water,50,60,70,0,70,50,15,50,5879,"10 (Slash),50 (Dragonfire)","Slash,Dragonfire",0,105,95,95,95,1,1,4
"Blue dragon#Task only, 3",Water,50,60,70,0,70,50,15,50,5880,"10 (Slash),50 (Dragonfire)","Slash,Dragonfire",0,105,95,95,95,1,1,4
"Blue dragon#Task only, 4",Water,50,60,70,0,70,50,15,50,5881,"10 (Slash),50 (Dragonfire)","Slash,Dragonfire",0,105,95,95,95,1,1,4
"Blue dragon#Task only, 5",Water,50,60,70,0,70,50,15,50,5882,"10 (Slash),50 (Dragonfire)","Slash,Dragonfire",0,105,95,95,95,1,1,4
Blue Moon,Air,15,500,0,100,100,500,500,500,13013,32 total 4+8+20,Typeless slash,-5,500,258,100,60,100,1,6
Boar#Level 5,Fire,20,0,0,0,0,0,0,0,11066,1,Slash,0,8,5,4,3,1,1,4
Boar#Level 7,Fire,20,0,0,0,0,0,0,0,11067,1,Slash,0,12,6,5,4,1,1,4
Boatswain Bill Teak,,,70,40,35,11,33,40,21,15678,11,Crush,0,100,55,55,65,60,70,5
Body Golem#Golem,Earth,35,2,0,5,5,10,10,10,10691,7,Slash,2,60,33,43,45,1,1,5
Body Golem#Rubble,Earth,35,2,0,5,5,10,10,10,10692,7,Slash,2,60,33,43,45,1,1,5
Boris,,,-21,-21,-21,-21,-21,-21,-21,2613,2,Crush,0,60,10,10,10,1,1,4
Borrokar,,,0,0,0,0,0,0,0,3939,6,Crush,0,50,40,40,40,1,1,4
Bouncer,,,0,0,0,0,0,0,0,1224,13,Stab,0,116,120,120,120,1,1,4
Bouncer (ghost),Air,15,0,0,0,0,0,0,0,"3508,3509",15,Stab,0,120,145,145,145,1,1,4
Bouncer (Nightmare Zone)#Hard Mode,,,0,0,0,0,0,0,0,6293,25,Stab,0,232,240,240,120,1,1,4
Bouncer (Nightmare Zone)#Normal Mode,,,0,0,0,0,0,0,0,6355,13,Stab,0,116,120,120,120,1,1,4
Branda the Fire Queen,Water,50,700,0,12,12,700,700,700,12596,"26 (Melee),12 (Wall)",Crush,0,600,300,250,100,100,150,7
Brassican Mage,,,0,0,0,0,0,0,0,7310,16,Typeless Magic,0,150,80,70,80,170,140,3
Brawler#Level 101,,,0,0,0,0,0,0,0,1736,12,Crush,0,113,47,107,93,0,0,4
Brawler#Level 129,,,0,0,0,0,0,0,0,1737,14,Crush,0,143,67,132,118,0,0,4
Brawler#Level 158,,,0,0,0,0,0,0,0,1738,,Crush,0,173,87,157,143,0,0,4
Brawler#Level 51,,,0,0,0,0,0,0,0,1734,7,Crush,0,53,27,57,43,0,0,4
Brawler#Level 76,,,0,0,0,0,0,0,0,1735,9,Crush,0,83,37,82,67,0,0,4
Bree,,,18,14,12,14,5,5,5,2208,16,Ranged,0,162,110,80,130,80,150,5
Breoca,,,-12,-12,-12,-12,-12,-12,-12,4107,1,Crush,0,10,3,3,3,1,1,4
Brine rat,,,0,0,0,0,0,0,0,4501,9,Stab,0,50,70,79,40,1,1,4
Broddi,,,-12,-12,-12,-12,-12,-12,-12,3685,1,Crush,0,1,3,3,3,1,1,4
Bronze dragon#Catacombs of Kourend,Earth,50,30,70,0,70,90,10,90,7253,"14 (Melee),50 (Dragonfire)","Slash,Dragonfire",0,122,130,130,112,130,1,4
Bronze dragon#Standard,Earth,50,30,70,0,70,90,10,90,"270,271","12 (Melee),50 (Dragonfire)","Slash,Dragonfire",0,122,112,112,112,100,1,4
Broodoo victim#Green,,,0,20,20,20,0,0,0,"6408,6409",7,Magic,0,100,0,0,26,60,1,6
Broodoo victim#White,,,0,20,20,20,0,0,0,"6412,6413",7,Magic,0,100,0,0,26,60,1,6
Broodoo victim#Yellow,,,0,20,20,20,0,0,0,"6410,6411",7,Magic,0,100,0,0,26,60,1,6
Bruise Blamish Snail#Pointed,Earth,25,5,30,5,5,50,50,50,2652,3,Ranged,0,15,0,0,27,1,20,6
Bruise Blamish Snail#Round,Earth,25,5,30,5,5,50,50,50,2647,2,Ranged,0,12,0,0,40,1,15,6
Brutal black dragon,Water,50,60,70,0,70,50,10,50,"7275,8092,8093","29 (Melee; Magic),50 (Dragonfire)","Slash,Magic,Dragonfire",0,315,330,210,258,250,0,4
Brutal blue dragon#Catacombs of Kourend,Water,50,60,70,0,70,50,10,50,7273,"21 (Melee; Magic),50 (Dragonfire)","Slash,Magic,Dragonfire",0,245,298,198,198,198,0,4
Brutal blue dragon#Ruins of Tapoyauik,Fire,50,60,70,0,70,50,10,50,13795,"21 (Melee; Magic),50 (Dragonfire)","Slash,Magic,Dragonfire",0,245,298,198,198,198,0,4
Brutal green dragon,Water,50,60,70,0,70,50,10,50,2918,"18 (Melee; Magic),50 (Dragonfire)","Stab,Magic,Dragonfire",0,175,268,168,168,168,0,4
Brutal red dragon,Water,50,60,70,0,70,50,10,50,"7274,8087","22 (Melee; Magic),50 (Dragonfire)","Slash,Magic,Dragonfire",0,285,310,210,198,250,0,4
Brutus,Earth,25,-3,-7,-7,-7,-7,-7,-7,"15626,15627","3 (melee),19 (special)",Crush,0,58,12,25,10,8,1,5
Bryophyta,Fire,50,0,0,0,0,0,0,0,8195,"16 (Melee),10 (Magic)","Crush,Magic",0,115,130,100,100,90,1,6
Buffalo,,,-21,-21,-21,-21,-21,-21,-21,13004,2,Crush,0,20,6,6,1,1,1,4
Bull shark,,,0,0,0,0,20,40,100,15194,5,Slash,0,81,80,45,20,1,0,4
Bunny#1,,,-42,-42,-42,-42,-42,-42,-42,3902,0,Crush,0,5,1,1,1,1,1,4
Bunny#2,,,-42,-42,-42,-42,-42,-42,-42,3903,0,Crush,0,5,1,1,1,1,1,4
Bush snake,,,0,0,0,0,0,0,0,"6102,6103",3,Stab,0,25,25,25,50,1,1,3
Butterfly ray,,,0,0,0,0,50,20,50,15216,4,Slash,0,83,100,35,15,1,0,4
Callisto,Fire,30,0,125,150,130,50,50,50,6609,"55 (Crush),31 (Ranged),50 (Special)","Crush,Magic,Ranged",0,1000,350,300,225,140,200,4
Callisto (PvM Arena),,,900,175,135,104,230,230,230,6503,"50 (Crush),60 (Special)",Crush,0,255,350,370,440,1,1,4
Calvar'ion#Enraged,,,198,-10,130,128,211,211,211,11994,26,"Slash,Magic",0,150,250,250,225,178,1,5
Calvar'ion#Normal,,,198,-10,130,128,211,211,211,11993,26,"Slash,Magic",0,150,250,250,225,178,1,6
Camp dweller#Level 25,,,0,0,0,0,0,0,0,1383,3,Crush,0,25,20,25,20,1,1,4
Camp dweller#Level 31 (1),,,0,0,0,0,0,0,0,1379,5,Crush,0,30,25,30,25,1,1,4
Camp dweller#Level 31 (2),,,0,0,0,0,0,0,0,1380,5,Crush,0,30,25,30,25,1,1,4
Camp dweller#Level 31 (3),,,0,0,0,0,0,0,0,1381,5,Crush,0,30,25,30,25,1,1,4
Camp dweller#Level 31 (4),,,0,0,0,0,0,0,0,1382,5,Crush,0,30,25,30,25,1,1,4
Captain Cotus,,,70,40,35,11,,,,15451,,,0,100,85,,65,60,90,5
Captain Darvald,,,0,137,120,140,,,,15457,,,0,150,70,,200,1,1,4
Captain Jack,,,70,40,35,11,33,40,21,15684,11,Crush,0,150,55,55,75,65,80,5
Captain Ruban Acer,,,70,40,35,11,33,40,21,15683,11,Crush,0,150,55,55,75,65,80,5
Carnivorous chinchompa,,,0,0,0,0,0,0,0,2911,1,Crush,0,1,2,2,2,2,2,4
Catablepon#Level 49,,,20,20,40,30,40,40,40,2474,6,"Stab,Magic",0,40,45,40,40,60,1,4
Catablepon#Level 64,,,30,30,50,40,50,50,50,2475,6,"Stab,Magic",0,70,55,50,50,45,1,4
Catablepon#Level 68,,,30,30,50,40,50,50,50,2476,7,"Stab,Magic",0,50,65,60,60,60,1,4
Catherby monodon,,,0,50,0,0,20,20,20,-1,4,Ranged,0,40,1,1,30,1,50,5
Cave abomination,,,0,0,0,0,0,0,0,7401,24,Magical melee,0,130,230,195,142,230,1,4
Cave abomination (Deadman)#Annihilation,,,0,0,0,0,0,0,0,12454,26,Crush,0,3000,280,250,142,230,1,5
"Cave abomination (Deadman)#Apocalypse, Armageddon",,,0,0,0,0,0,0,0,12454,20,Crush,0,750,230,195,142,230,1,4
Cave abomination (Deadman)#Permanent,,,0,0,0,0,0,0,0,12454,26,Crush,0,750,280,250,142,230,1,5
Cave Bug (Realm of Memories),,,5,5,10,10,10,10,10,-1,1,,0,5,6,5,6,1,1,4
Cave bug#Level 6,Fire,50,5,5,10,10,10,10,10,481,1,Stab,0,5,6,5,6,1,1,4
Cave bug#Level 96,Fire,50,25,35,72,59,95,95,95,483,9,Crush,0,93,82,80,84,1,1,4
Cave crawler#Icy (1),Fire,50,5,5,10,10,10,10,10,13800,3,Stab,0,22,22,18,18,1,1,4
Cave crawler#Icy (2),Fire,50,5,5,10,10,10,10,10,13801,3,Stab,0,22,22,18,18,1,1,4
Cave crawler#Standard (1),,,5,5,10,10,10,10,10,406,3,Stab,0,22,22,18,18,1,1,4
Cave crawler#Standard (2),,,5,5,10,10,10,10,10,407,3,Stab,0,22,22,18,18,1,1,4
Cave crawler#Standard (3),,,5,5,10,10,10,10,10,408,3,Stab,0,22,22,18,18,1,1,4
Cave crawler#Standard (4),,,5,5,10,10,10,10,10,409,3,Stab,0,22,22,18,18,1,1,4
Cave goblin (monster)#Backpack,Fire,40,0,0,0,0,0,0,0,6437,1,Crush,0,10,1,1,1,1,1,4
Cave goblin (monster)#Beige,Fire,40,0,0,0,0,0,0,0,6435,1,Crush,0,10,1,1,1,1,1,4
Cave goblin (monster)#Blue,Fire,40,0,0,0,0,0,0,0,6434,1,Crush,0,10,1,1,1,1,1,4
Cave goblin (monster)#Brown,Fire,40,0,0,0,0,0,0,0,6436,1,Crush,0,10,1,1,1,1,1,4
Cave goblin guard#Level 24,Fire,40,-3,19,0,15,12,12,12,5335,3,Crush,0,26,22,16,22,1,1,6
Cave goblin guard#Level 26,,,-3,19,1,16,12,12,12,5334,3,Crush,0,26,25,18,25,1,1,6
Cave goblin miner#1,Fire,40,0,0,0,0,0,0,0,5330,2,Crush,0,10,10,12,7,1,1,4
Cave goblin miner#2,Fire,40,0,0,0,0,0,0,0,5331,2,Crush,0,10,10,12,7,1,1,4
Cave goblin miner#3,Fire,40,0,0,0,0,0,0,0,5332,2,Crush,0,10,10,12,7,1,1,4
Cave goblin miner#4,Fire,40,0,0,0,0,0,0,0,5333,2,Crush,0,10,10,12,7,1,1,4
Cave goblin miner#5,Fire,40,0,0,0,0,0,0,0,5336,2,Crush,0,10,10,12,7,1,1,4
Cave goblin miner#6,Fire,40,0,0,0,0,0,0,0,5337,2,Crush,0,10,10,12,7,1,1,4
Cave goblin miner#7,Fire,40,0,0,0,0,0,0,0,5338,2,Crush,0,10,10,12,7,1,1,4
Cave goblin miner#8,Fire,40,0,0,0,0,0,0,0,5339,2,Crush,0,10,10,12,7,1,1,4
Cave horror#Alpha,Fire,30,0,0,0,0,0,0,0,1051,9,Magical melee,0,55,80,77,62,80,1,4
Cave horror#Guard,Fire,30,0,0,0,0,0,0,0,1049,9,Magical melee,0,55,80,77,62,80,1,4
Cave horror#Small guard,Fire,30,0,0,0,0,0,0,0,1050,9,Magical melee,0,55,80,77,62,80,1,4
Cave horror#Worker,Fire,30,0,0,0,0,0,0,0,1047,9,Magical melee,0,55,80,77,62,80,1,4
Cave horror#Young worker,Fire,30,0,0,0,0,0,0,0,1048,9,Magical melee,0,55,80,77,62,80,1,4
Cave kraken#Cave kraken,Earth,50,-63,0,0,0,100,100,100,492,13,Magic,0,125,1,1,150,120,1,6
Cave kraken#Whirlpool,None,,-63,0,0,0,100,100,100,493,13,Magic,0,125,1,1,150,120,1,6
Cave lizard,,,0,15,5,15,5,5,5,7424,5,Crush,0,20,38,36,35,1,1,4
Cave slime,Earth,50,0,0,0,0,0,0,0,480,2,Stab,0,25,13,13,35,13,1,4
Ceolburg,,,-12,-12,-12,-12,-12,-12,-12,4111,1,Crush,0,10,3,2,3,1,1,4
Cerberus,Water,40,65,25,50,100,100,100,100,"5862,5863,5866",23,"Stab,Ranged,Magic",0,600,220,220,100,220,220,6
Cerberus (Deadman)#Annihilation,Water,40,100,25,50,100,100,100,100,13657,29,Stab,0,2000,300,280,150,220,220,3
"Cerberus (Deadman)#Apocalypse, Armageddon",Water,40,100,25,50,100,100,100,100,13657,23,Stab,0,1000,220,220,150,220,220,3
Cerberus (Deadman)#Permanent,Water,40,100,25,50,100,100,100,100,13657,29,Stab,0,750,300,280,150,220,220,3
Cerberus (Echo),Water,40,70,25,50,100,70,70,70,15612,79,"Stab,Ranged,Magic",0,1620,275,275,115,275,275,6
Champion of Scabaras,fire,35,340,160,120,160,5,5,5,"11482,11483",24,"Magic,Melee",0,600,160,160,160,160,0,4
Chaos druid,,,0,0,0,0,0,0,0,520,2 (Melee),"Crush,Magic",0,20,8,8,12,10,1,4
Chaos druid warrior,,,-4,14,13,17,14,14,14,532,5,Crush,0,40,32,34,25,1,1,5
Chaos dwarf,,,10,25,40,34,35,35,35,291,6,Crush,0,61,38,42,28,1,1,4
Chaos Elemental,Air,50,70,70,70,70,70,70,70,2054,28,"Magic,Ranged,Melee (Crush?)",0,250,270,270,270,270,270,4
Chaos Elemental (PvM Arena),,,70,70,70,70,70,70,70,6505,28,"Magic,Ranged,Melee (Crush?)",0,250,270,270,270,270,270,4
Chaos Fanatic,,,280,250,260,260,50,80,80,6619,"21 (Magic attack)<br>
31 (Special attack)",Ranged magic,0,225,1,1,220,200,1,2
Chaos Golem#Golem,Earth,35,2,0,5,5,10,10,10,10689,10,Crush,3,94,45,55,59,1,1,5
Chaos Golem#Rubble,Earth,35,2,0,5,5,10,10,10,10690,10,Crush,3,94,45,55,59,1,1,5
Chaotic death spawn#Magic,,,0,0,0,0,0,0,0,7649,7,Magic,0,50,380,1,70,380,380,3
Chaotic death spawn#Melee,,,0,0,0,0,0,0,0,6716,7,Slash,0,50,380,1,70,380,380,3
Chaotic death spawn#Ranged,,,0,0,0,0,0,0,0,6723,7,Ranged,0,50,380,1,70,380,380,3
Chasm Crawler#Icy,Fire,50,24,23,41,43,20,40,40,14031,7,Stab,0,60,64,59,55,1,1,4
Chasm Crawler#Standard,,,24,23,41,43,20,40,40,7389,7,Stab,0,60,64,59,55,1,1,4
Chicken (Tutorial Island),,,,,,,,,,3316,0,Stab,0,3,1,1,1,1,1,4
Chicken#Falador Farm,,,-42,-42,-42,-42,-42,-42,-42,"2804,2805,2806",0,Stab,0,3,1,1,1,1,1,4
Chicken#Gordon and Mary's Farm,,,-42,-42,-42,-42,-42,-42,-42,"10495,10496,10494,10497",0,Stab,0,3,1,1,1,1,1,4
Chicken#Miscellania,,,-42,-42,-42,-42,-42,-42,-42,"3661,3662",0,Stab,0,3,1,1,1,1,1,4
Chicken#Normal,,,-42,-42,-42,-42,-42,-42,-42,"1173,1174,9488",0,Stab,0,3,1,1,1,1,1,4
Chilled jelly,Fire,50,0,0,0,0,0,0,0,13799,10,Magical melee,0,140,95,90,70,95,1,4
Chimalli,,,120,80,70,80,120,120,120,14362,24,Ranged,0,180,70,70,70,60,200,4
Chinchompa (Hunter),,,0,0,0,0,0,0,0,2910,1,Crush,0,1,1,1,1,1,1,4
Choke devil,Air,25,0,0,0,0,0,0,0,7404,24,Ranged melee,0,300,260,230,120,1,1,4
Chompy bird,,,0,0,0,0,0,0,0,1475,0,None,0,10,5,5,3,0,0,-1
Chronozon,Water,25,0,0,0,0,0,0,0,4987,18,Slash,0,60,173,172,173,1,1,4
Chronozon (Nightmare Zone)#Hard Mode,Water,25,0,0,0,0,0,0,0,6292,35,Slash,0,120,346,344,173,1,1,4
Chronozon (Nightmare Zone)#Normal Mode,Water,25,0,0,0,0,0,0,0,6354,18,Slash,0,60,173,172,173,1,1,4
Chuck up,Earth,20,200,0,0,0,120,200,200,15169,9,Ranged,0,110,30,80,90,0,99,7
City guard,,,0,19,13,24,0,0,0,4373,10,Crush,0,80,70,70,70,1,1,4
Clivet,,,0,8,5,6,0,0,0,"1206,12049,12095",2,Crush,0,25,10,10,4,1,1,4
Cockathrice,,,20,0,20,20,0,0,0,7393,9,Stab,0,95,63,78,78,1,1,4
Cockatrice,,,10,0,10,10,0,0,0,419,5,Stab,0,37,22,37,37,1,1,4
Cockatrice (unused),,,10,0,10,10,0,0,0,420,5,Stab,0,37,22,37,37,1,1,4
Colonel Radick,,,0,34,39,31,0,0,0,4406,4,Slash,0,65,25,25,25,1,1,4
Colossal Chocco Chicken#Blue,,,,,,,,,,-1,1,Melee,0,,40,99,70,0,0,4
Colossal Chocco Chicken#Green,,,,,,,,,,-1,1,Melee,0,,40,99,70,0,0,4
Colossal Chocco Chicken#Rainbow,,,,,,,,,,-1,1,Melee,0,,40,99,70,0,0,4
Colossal Chocco Chicken#Red,,,,,,,,,,-1,1,Melee,0,,40,99,70,0,0,4
Colossal Hydra,,,200,200,100,200,20,20,20,10402,34,"Magic,Ranged",0,750,1,1,100,250,250,6
Commander Zilyana,,,100,100,100,100,100,75,100,2205,"27 (melee),20 (magic)","Crush,Magic",0,255,280,196,300,300,250,2
Commander Zilyana (Deadman)#Annihilation,,,100,100,100,100,100,100,100,12445,27,Crush,0,1500,280,196,150,300,250,2
Commander Zilyana (Deadman)#Apocalypse,,,100,100,100,100,100,100,100,12445,27,Crush,0,500,280,196,300,300,250,2
Commander Zilyana (Deadman)#Armageddon,,,100,100,100,100,100,100,100,12445,27,Crush,0,500,280,196,150,300,250,2
Commander Zilyana (Deadman)#Permanent,,,100,100,100,100,100,100,100,12445,27,Crush,0,750,280,196,150,300,250,2
Commander Zilyana (PvM Arena),,,100,100,100,100,100,100,100,6493,"27 (melee),20 (magic)","Crush,Magic",0,255,280,196,300,300,250,2
Confused barbarian,,,-3,2,0,3,2,2,2,2920,15,Crush,0,124,115,114,110,1,1,4
Confusion beast#Level 43 (crush),,,0,0,0,0,0,0,0,"1068,1069,1070,1071",5,Crush,0,28,42,41,40,1,1,4
Confusion beast#Level 43 (stab),,,0,0,0,0,0,0,0,1067,5,Stab,0,28,42,41,40,1,1,4
Confusion beast#Level 63,,,0,0,0,0,0,0,0,4694,6,Slash,0,64,52,55,52,1,1,4
Corporeal Beast,Earth,10,150,100,25,200,230,100,230,319,"33 (Melee),65 (Magic),51 (Stomp)","Crush,Magic",0,2000,320,320,310,350,150,4
Corrupt Lizardman,,,0,0,-10,25,0,0,0,8000,6,"Crush,Ranged",0,50,38,38,38,1,38,4
Corrupt Lizardman (Nightmare Zone)#Hard Mode,,,0,0,-10,25,0,0,0,7996,22,"Crush,Ranged",0,150,162,162,38,1,162,4
Corrupt Lizardman (Nightmare Zone)#Normal Mode,,,0,0,-10,25,0,0,0,7997,6,"Crush,Ranged",0,50,38,38,38,1,38,4
Corrupted Bat,,,0,0,0,0,0,0,0,9042,11,Slash,0,12,36,102,4,2,0,4
Corrupted Bear,,,0,0,0,0,0,0,0,9046,48,Slash,0,100,147,147,98,98,147,4
Corrupted Dark Beast,,,0,0,0,0,0,0,0,9048,48,Ranged,0,100,147,147,98,98,147,4
Corrupted Dragon,,,0,0,0,0,0,0,0,9047,48,Magic,0,100,147,147,98,98,147,4
Corrupted Hunllef,,,20,20,20,20,20,20,20,"9035,9036,9037,9038",68,"Magic,Ranged",0,1000,240,240,240,240,240,5
Corrupted Hunllef (Echo),,,20,20,20,20,20,20,20,-1,85,"Magic,Ranged",0,1100,300,300,259,264,276,4
Corrupted Rat,,,0,0,0,0,0,0,0,9040,14,Crush,0,12,42,48,4,6,0,4
Corrupted Scorpion,,,0,0,0,0,0,0,0,9044,17,Slash,0,38,72,159,18,18,0,4
Corrupted Spider,,,0,0,0,0,0,0,0,9041,5,Stab,0,12,48,39,4,4,0,4
Corrupted Unicorn,,,0,0,0,0,0,0,0,9043,17,Stab,0,38,75,72,18,24,0,4
Corrupted Wolf,,,0,0,0,0,0,0,0,9045,19,Crush,0,38,159,99,18,22,0,4
Corsair Traitor#Hard Mode,,,0,0,0,0,0,0,0,7948,19,Magic,0,160,1,1,80,90,1,3
Corsair Traitor#Normal Mode,,,0,0,0,0,0,0,0,7949,6,Magic,0,55,1,1,30,30,1,5
Count Draynor,,,0,3,2,1,0,0,0,"3481,3482",3,Crush,0,35,30,25,30,1,1,4
Count Draynor (Nightmare Zone)#Hard Mode,,,0,3,2,1,0,0,0,6332,17,Crush,0,210,198,165,30,1,1,4
Count Draynor (Nightmare Zone)#Normal Mode,,,0,3,2,1,0,0,0,6393,3,Crush,0,35,30,25,30,1,1,4
Cow (Nightmare Zone)#Hard Mode,,,-21,-21,-21,-21,-21,-21,-21,6340,16,Crush,0,160,200,200,1,1,1,4
Cow (Nightmare Zone)#Normal Mode,,,-21,-21,-21,-21,-21,-21,-21,6401,1,Crush,0,8,1,1,1,1,1,4
Cow calf#1,,,-26,-26,-26,-26,-26,-26,-26,2792,1,Crush,0,6,1,1,1,1,1,4
Cow calf#2,,,-26,-26,-26,-26,-26,-26,-26,2794,1,Crush,0,6,1,1,1,1,1,4
Cow calf#Farmland,,,-26,-26,-26,-26,-26,-26,-26,2801,1,Crush,0,6,1,1,1,1,1,4
Cow#1,,,-21,-21,-21,-21,-21,-21,-21,2790,1,Crush,0,8,1,1,1,1,1,4
Cow#2,,,-21,-21,-21,-21,-21,-21,-21,2791,1,Crush,0,8,1,1,1,1,1,4
Cow#3,,,-21,-21,-21,-21,-21,-21,-21,2793,1,Crush,0,8,1,1,1,1,1,4
Cow#Isle of Souls,,,-21,-21,-21,-21,-21,-21,-21,2795,1,Crush,0,8,1,1,1,1,1,4
Cow#Zanaris,,,-21,-21,-21,-21,-21,-21,-21,5842,1,Crush,0,8,1,1,1,1,1,4
Crab#Level 21,Earth,20,0,0,0,0,0,0,0,4822,3,Crush,0,18,17,17,22,1,1,4
Crab#Level 23,Earth,20,0,0,0,0,0,0,0,4819,3,Crush,0,19,19,20,26,1,1,4
Crandor shark,,,0,0,0,0,40,15,40,-1,3,Slash,0,35,50,20,0,1,0,4
Crawling Hand#Level 11 (unused),,,0,0,0,0,0,0,0,455,2,Crush,0,18,10,6,6,1,1,4
Crawling Hand#Level 12 (1),,,0,0,0,0,0,0,0,453,2,Crush,0,19,11,7,7,1,1,4
Crawling Hand#Level 12 (2),,,0,0,0,0,0,0,0,454,2,Crush,0,19,11,7,7,1,1,4
Crawling Hand#Level 12 (unused 1),,,0,0,0,0,0,0,0,456,2,Crush,0,19,11,7,9,1,1,4
Crawling Hand#Level 12 (unused 2),,,0,0,0,0,0,0,0,457,2,Crush,0,19,11,7,10,1,1,4
Crawling Hand#Level 7,,,0,0,0,0,0,0,0,450,1,Crush,0,15,7,3,3,1,1,4
Crawling Hand#Level 8 (1),,,0,0,0,0,0,0,0,448,1,Crush,0,16,8,4,4,1,1,4
Crawling Hand#Level 8 (2),,,0,0,0,0,0,0,0,449,1,Crush,0,16,8,4,4,1,1,4
Crawling Hand#Level 8 (3),,,0,0,0,0,0,0,0,451,1,Crush,0,16,8,4,4,1,1,4
Crawling Hand#Level 8 (4),,,0,0,0,0,0,0,0,452,1,Crush,0,16,8,4,4,1,1,4
Crazy archaeologist,,,250,30,5,5,250,250,250,6618,"14 (standard),24 (special)","Ranged,Crush",0,225,160,90,240,1,180,3
Crimson sanguisphera,,,0,0,0,0,0,0,0,12369,1,Magic,0,20,1,1,1,1,1,4
Crocodile (Tombs of Amascut),Earth,40,5,350,150,350,150,150,150,11705,18,Crush,0,30,150,60,100,30,1,7
Crocodile#Land,Earth,40,10,22,20,12,20,20,20,11582,6,Slash,0,62,53,54,54,1,1,4
Crocodile#Water,Earth,40,10,22,20,12,20,20,20,11581,6,Slash,0,62,53,54,54,1,1,4
Crocodile#Water & land,Earth,40,10,22,20,12,20,20,20,4184,6,Slash,0,62,53,54,54,1,1,4
Cruor,,,150,100,100,25,50,50,50,11285,29,Magic,-2,500,1,1,200,200,1,5
Crushing hand,,,0,0,0,0,0,0,0,7388,5,Crush,0,55,45,42,14,1,1,4
Crypt rat,,,0,0,0,0,0,0,0,1679,3,Stab,0,35,70,20,20,1,1,4
Crypt spider,Fire,50,17,10,20,20,20,20,20,1683,6,Stab,0,60,45,47,45,1,1,4
Crystal impling#Andy,,,50,-10,-10,-10,-10,-10,-10,8743,N/A,N/A,0,10,0,0,0,1,1,0
Crystal impling#Damo,,,50,-10,-10,-10,-10,-10,-10,8754,N/A,N/A,0,10,0,0,0,1,1,0
Crystal impling#Hingy,,,50,-10,-10,-10,-10,-10,-10,8746,N/A,N/A,0,10,0,0,0,1,1,0
Crystal impling#Ian,,,50,-10,-10,-10,-10,-10,-10,8752,N/A,N/A,0,10,0,0,0,1,1,0
Crystal impling#Jamie,,,50,-10,-10,-10,-10,-10,-10,8753,N/A,N/A,0,10,0,0,0,1,1,0
Crystal impling#Joey,,,50,-10,-10,-10,-10,-10,-10,8744,N/A,N/A,0,10,0,0,0,1,1,0
Crystal impling#Johnny,,,50,-10,-10,-10,-10,-10,-10,8741,N/A,N/A,0,10,0,0,0,1,1,0
Crystal impling#Junior,,,50,-10,-10,-10,-10,-10,-10,8742,N/A,N/A,0,10,0,0,0,1,1,0
Crystal impling#Matty,,,50,-10,-10,-10,-10,-10,-10,8750,N/A,N/A,0,10,0,0,0,1,1,0
Crystal impling#Neil,,,50,-10,-10,-10,-10,-10,-10,8748,N/A,N/A,0,10,0,0,0,1,1,0
Crystal impling#Stace,,,50,-10,-10,-10,-10,-10,-10,8751,N/A,N/A,0,10,0,0,0,1,1,0
Crystal impling#Steve-o,,,50,-10,-10,-10,-10,-10,-10,8756,N/A,N/A,0,10,0,0,0,1,1,0
Crystal impling#Stewie,,,50,-10,-10,-10,-10,-10,-10,8757,N/A,N/A,0,10,0,0,0,1,1,0
Crystal impling#Trouble,,,50,-10,-10,-10,-10,-10,-10,8745,N/A,N/A,0,10,0,0,0,1,1,0
Crystal impling#Xander,,,50,-10,-10,-10,-10,-10,-10,8755,N/A,N/A,0,10,0,0,0,1,1,0
Crystal impling#Yanny,,,50,-10,-10,-10,-10,-10,-10,8749,N/A,N/A,0,10,0,0,0,1,1,0
Crystal impling#Zolty,,,50,-10,-10,-10,-10,-10,-10,8747,N/A,N/A,0,10,0,0,0,1,1,0
Crystalline Bat,,,0,0,0,0,0,0,0,9028,8,Slash,0,12,24,68,4,2,0,4
Crystalline Bear,,,0,0,0,0,0,0,0,9032,28,Slash,0,100,98,98,98,98,98,4
Crystalline Dark Beast,,,0,0,0,0,0,0,0,9034,28,Ranged,0,100,98,98,98,98,98,4
Crystalline Dragon,,,0,0,0,0,0,0,0,9033,28,Magic,0,100,98,98,98,98,98,4
Crystalline Hunllef,,,20,20,20,20,20,20,20,"9021,9022,9023,9024",50+,"Magic,Ranged",0,600,240,240,240,240,240,5
Crystalline Rat,,,0,0,0,0,0,0,0,9026,4,Crush,0,12,28,32,4,6,0,4
Crystalline Scorpion,,,0,0,0,0,0,0,0,9030,11,Slash,0,38,48,106,18,18,0,4
Crystalline Spider,,,0,0,0,0,0,0,0,9027,4,Stab,0,12,32,26,4,4,0,4
Crystalline Unicorn,,,0,0,0,0,0,0,0,9029,6,Stab,0,38,50,48,18,24,0,4
Crystalline Wolf,,,0,0,0,0,0,0,0,9031,8,Crush,0,38,106,66,18,22,0,4
Cuffs,,,5,5,5,5,5,5,5,3279,1,Crush,0,7,1,1,3,1,1,4
Culinaromancer,,,-10,-10,-10,-10,-10,-10,-10,"3400,4849,4872,4873,4874,4875,4876,4877,4878,4879","25 (Magic),11 (Crush)","Melee,Magic",0,150,10,100,10,1,1,4
Culinaromancer (Nightmare Zone)#Hard Mode,,,-10,-10,-10,-10,-10,-10,-10,6307,25,Magic,0,255,40,400,10,1,1,4
Culinaromancer (Nightmare Zone)#Normal Mode,,,-10,-10,-10,-10,-10,-10,-10,6368,25,Magic,0,150,10,100,10,1,1,4
Cultist#1,,,10,30,20,20,20,20,20,12918,4,Stab,0,25,30,35,30,1,1,4
Cultist#2,,,10,30,20,20,20,20,20,12919,4,Stab,0,25,30,35,30,1,1,4
Cultist#3,,,10,30,20,20,20,20,20,12920,4,Stab,0,25,30,35,30,1,1,4
Cultist#4,,,10,30,20,20,20,20,20,12921,4,Stab,0,25,30,35,30,1,1,4
Cultist#5,,,10,30,20,20,20,20,20,12922,4,Stab,0,25,30,35,30,1,1,4
Cultist#6,,,10,30,20,20,20,20,20,12923,4,Stab,0,25,30,35,30,1,1,4
Cursed Baboon,,,-60,900,900,900,-50,-50,-50,11717,7,None,0,20,60,60,20,60,60,4
Cuthbert,,,0,0,0,0,0,0,0,12957,1,Crush,0,1,1,1,1,1,1,4
Cyclops (Ardougne Zoo),,,0,0,0,0,0,0,0,2097,6,Crush,0,55,47,50,46,1,1,4
Cyclops (Catacombs of Kourend)#Level 56,,,0,0,0,0,0,0,0,7271,6,Crush,0,75,47,50,26,1,1,4
Cyclops (Catacombs of Kourend)#Level 76,,,0,0,0,0,0,0,0,7270,7,Crush,0,100,65,65,35,1,1,4
Cyclops (God Wars Dungeon)#Green,,,0,0,0,0,0,0,0,2235,12,Crush,0,110,60,70,48,1,1,6
Cyclops (God Wars Dungeon)#Grey,,,0,0,0,0,0,0,0,2236,12,Crush,0,110,60,70,48,1,1,6
Cyclops#Level 106,,,0,0,0,0,0,0,0,"2137,2138,2139,2140,2141,2142",8,Crush,0,150,95,75,55,1,1,4
Cyclops#Level 56,,,0,0,0,0,0,0,0,"2463,2465,2467",6,Crush,0,75,47,50,26,1,1,4
Cyclops#Level 76,,,0,0,0,0,0,0,0,"2464,2466,2468",7,Crush,0,100,65,65,35,1,1,4
Dad,Earth,40,200,40,25,25,200,200,200,4130,27,Crush,0,120,60,120,50,0,0,8
Dad (Nightmare Zone)#Hard Mode,Earth,40,200,40,25,25,200,200,200,6330,57,Crush,0,240,132,264,50,0,0,8
Dad (Nightmare Zone)#Normal Mode,Earth,40,200,40,25,25,200,200,200,6391,27,Crush,0,120,60,120,50,0,0,8
Daddy's special water,Earth,40,200,40,25,25,200,200,200,15167,27,Crush,0,120,99,120,99,0,0,8
Dagannoth (Construction),Earth,35,50,50,50,50,50,50,50,140,22,Stab,0,142,114,117,98,1,1,4
Dagannoth (Horror from the Deep),Earth,35,0,0,0,0,0,0,0,"976,977,978,979",9,Stab,0,120,78,78,81,1,50,4
Dagannoth (Waterbirth Island)#Level 88,Earth,35,200,90,10,10,150,150,150,"2259,5942",20,Ranged,0,85,10,10,75,1,100,3
Dagannoth (Waterbirth Island)#Level 90,Earth,35,50,50,50,50,50,50,50,"3185,5943",15,Stab,0,95,76,78,65,1,1,4
Dagannoth fledgeling,Earth,35,0,0,0,0,0,0,0,2264,6,Stab,0,100,50,50,50,1,1,4
Dagannoth mother,Earth,35,50,150,150,150,50,50,50,"980,981,982,983,984,985,986,987,988","9 (Melee),12×2 (Ranged)","Melee,Ranged",0,120,78,78,81,1,50,4
Dagannoth mother (Nightmare Zone)#Hard Mode,Earth,35,50,150,150,150,50,50,50,"6300,6301,6302,6303,6304,6305","20 (Stab),12×2 (Ranged)","Stab,Ranged",0,240,186,186,81,1,120,4
Dagannoth mother (Nightmare Zone)#Normal Mode,Earth,35,50,150,150,150,50,50,50,"6361,6362,6363,6364,6365,6366","9 (Stab),12×2 (Ranged)","Stab,Ranged",0,120,78,78,81,1,50,4
Dagannoth Prime,Earth,35,255,255,255,255,10,10,10,2266,50,Magic,0,255,255,255,255,255,0,4
Dagannoth Prime (Deadman)#Annihilation,earth,35,255,255,255,255,10,10,10,12442,26,Magic,0,3000,255,255,125,255,0,4
Dagannoth Prime (Deadman)#Apocalypse,,,255,255,255,255,10,10,10,12442,26,Magic,0,750,255,255,255,255,0,4
Dagannoth Prime (Deadman)#Armageddon,earth,35,255,255,255,255,10,10,10,12442,26,Magic,0,1000,255,255,125,255,0,4
Dagannoth Prime (Deadman)#Permanent,earth,35,255,255,255,255,10,10,10,12442,26,Magic,0,1000,255,255,125,255,0,4
Dagannoth Prime (Echo),,,100,100,100,100,10,10,10,-1,49+,Magic,0,1800,255,255,255,400,0,5
Dagannoth Prime (PvM Arena),,,255,255,255,255,10,10,10,6497,50,Magic,0,255,255,255,255,255,0,4
Dagannoth Rex,Earth,35,10,255,255,255,255,255,255,2267,26,Slash,0,255,255,255,255,0,255,4
Dagannoth Rex (Deadman)#Annihilation,earth,35,10,255,255,255,255,255,255,12439,26,Slash,0,3500,255,255,255,0,255,5
Dagannoth Rex (Deadman)#Apocalypse,,,10,255,255,255,255,255,255,12439,26,Slash,0,750,255,255,255,0,255,4
Dagannoth Rex (Deadman)#Armageddon,earth,35,10,255,255,255,255,255,255,12439,26,Slash,0,1000,255,255,255,0,255,4
Dagannoth Rex (Deadman)#Permanent,earth,35,10,255,255,255,255,255,255,12439,26,Slash,0,1000,255,255,255,0,255,5
Dagannoth Rex (Echo),,,10,100,100,100,100,100,100,-1,48+,Slash,0,1800,400,400,255,0,255,5
Dagannoth Rex (PvM Arena),,,10,255,255,255,255,255,255,6498,26,Slash,0,255,255,255,255,0,255,4
Dagannoth spawn,Earth,35,0,0,0,0,0,0,0,3184,4,Stab,0,35,50,35,25,1,1,4
Dagannoth Supreme,Earth,35,255,10,10,10,550,550,550,2265,30,Ranged,0,255,255,255,128,255,255,4
Dagannoth Supreme (Deadman)#Annihilation,earth,35,255,10,10,10,550,550,550,12441,,Ranged,0,3000,255,255,84,255,255,4
Dagannoth Supreme (Deadman)#Apocalypse,,,255,10,10,10,550,550,550,12441,,Ranged,0,750,255,255,128,255,255,4
Dagannoth Supreme (Deadman)#Armageddon,earth,35,255,10,10,10,550,550,550,12441,,Ranged,0,1000,255,255,84,255,255,4
Dagannoth Supreme (Deadman)#Permanent,earth,35,255,10,10,10,550,550,550,12441,,Ranged,0,1000,255,255,84,255,255,4
Dagannoth Supreme (Echo),,,100,10,10,10,150,150,150,-1,26,Ranged,0,1800,255,128,255,255,550,5
Dagannoth Supreme (PvM Arena),,,255,10,10,10,550,550,550,6496,30,Ranged,0,255,255,255,128,255,255,4
Dagannoth#Level 74 (1),Earth,35,0,0,0,0,0,0,0,"970,971,972",8,Ranged,0,70,68,70,50,1,1,4
Dagannoth#Level 74 (2),Earth,35,0,0,0,0,0,0,0,7259,8,Stab,0,70,68,70,50,1,1,4
Dagannoth#Level 92 (1),Earth,35,50,0,0,0,50,50,50,"973,974,975",8,Stab,0,120,68,70,71,1,1,4
Dagannoth#Level 92 (2),Earth,35,50,0,0,0,50,50,50,7260,8,Stab,0,120,68,70,71,1,1,4
Damien Leucurte,,,30,30,30,30,30,30,30,"9561,9562,9563,9564",20,"Ranged,Magic",0,217,0,0,160,160,160,5
Damis (Nightmare Zone)#First form (Hard Mode),,,60,60,60,60,60,60,60,1134,47,Crush,0,198,198,198,90,1,1,4
Damis (Nightmare Zone)#First form (Normal Mode),,,60,60,60,60,60,60,60,6346,22,Crush,0,90,90,90,90,1,1,4
Damis (Nightmare Zone)#Second form (Hard Mode),,,80,100,100,100,120,120,120,1135,54,Crush,0,255,320,200,160,1,1,3
Damis (Nightmare Zone)#Second form (Normal Mode),,,80,100,100,100,120,120,120,6347,28,Crush,0,200,160,100,160,1,1,3
Damis#First form,,,60,60,60,60,60,60,60,682,22,Crush,0,90,90,90,90,1,1,4
Damis#Second form,,,80,100,100,100,120,120,120,683,28,Crush,0,200,160,100,160,1,1,3
Dark Ankou,,,0,0,0,0,0,0,0,7296,8,Crush,0,60,100,70,100,1,1,4
Dark beast,Earth,60,90,100,30,40,100,100,100,"4005,7250","17 (melee),8 (magic)","Crush,Magic",0,220,140,160,120,160,1,4
Dark energy core,,,-5,10,10,10,10,10,10,320,13,None,0,25,1,1,20,1,1,2
Dark warrior#Level 145,,,0,139,106,109,0,0,0,6606,18,Slash,0,165,75,75,55,1,1,4
Dark warrior#Level 37,,,0,40,10,20,0,0,0,11111,4,Slash,0,50,30,30,20,10,1,4
Dark warrior#Level 51,,,0,40,10,20,0,0,0,11110,5,Slash,0,70,40,40,30,15,1,4
Dark warrior#Level 62,,,0,40,10,20,0,0,0,11109,6,Slash,0,80,50,50,40,20,1,4
Dark warrior#Level 8,,,0,59,96,79,0,0,0,531,2,Slash,0,17,5,5,5,1,1,4
Dark wizard#Level 11,,,5,0,0,0,0,0,0,"2058,2059",5,Magic,0,15,5,5,10,10,1,4
Dark wizard#Level 20,,,3,0,0,0,0,0,0,"510,5088,5089",6,Magic,0,24,17,17,14,22,1,4
Dark wizard#Level 22,,,5,0,0,0,0,0,0,2057,5,Magic,0,25,20,10,15,25,1,4
Dark wizard#Level 23,,,5,0,0,0,0,0,0,2056,5,Magic,0,25,20,10,20,25,1,4
Dark wizard#Level 7,,,3,0,0,0,0,0,0,"512,5086,5087",2,Magic,0,12,5,2,5,6,1,4
Dawn,Earth,70,80,0,0,0,0,0,0,"7852,7853,7884,7885",15,"Slash,Ranged,Magic (special)",0,450,140,140,100,100,140,6
Dawn (Echo),Earth,70,80,0,0,0,0,0,0,-1,12,Slash,0,450,140,140,100,100,140,6
Deadly red spider,Fire,40,12,7,15,16,16,16,16,3021,3,Stab,0,35,30,25,30,1,1,4
Death spawn,,,0,20,20,20,20,20,20,10,2,Slash (100% prayer penetration),0,60,67,7,30,1,1,4
Death wing,Air,20,0,0,0,0,0,0,0,509,8 (approx),Stab,0,80,70,70,70,1,1,4
Deathly mage#Challenge Mode,,,0,0,0,0,0,0,0,7560,,Magic,0,180,1,1,232,315,1,4
Deathly mage#Normal,,,0,0,0,0,0,0,0,7560,22,Magic,0,120,1,1,155,210,1,4
Deathly ranger#Challenge Mode,,,0,0,0,0,0,0,0,7559,99,Ranged,0,180,1,1,232,232,315,4
Deathly ranger#Normal,,,0,0,0,0,0,0,0,7559,70,Ranged,0,120,1,1,155,155,210,4
Defiler#Level 33,,,0,0,0,0,0,0,0,"1724,1725",6,Ranged,0,27,0,0,17,0,46,4
Defiler#Level 50,,,0,0,0,0,0,0,0,"1726,1727",8,Ranged,0,45,0,0,29,0,66,4
Defiler#Level 66,,,0,0,0,0,0,0,0,1728,9,Ranged,0,62,0,0,41,0,84,4
Defiler#Level 67,,,0,0,0,0,0,0,0,1729,9,Ranged,0,62,0,0,41,0,85,4
Defiler#Level 80,,,0,0,0,0,0,0,0,"1730,1731",11,Ranged,0,78,0,0,53,0,98,4
Defiler#Level 97,,,0,0,0,0,0,0,0,"1732,1733",13,Ranged,0,97,0,0,65,0,117,4
Definitely Not Dusk,Earth,40,0,0,0,0,0,0,0,-1,17,Slash,0,450,200,140,100,140,140,6
Delrith,,,0,0,0,0,0,0,0,5079,3,Crush,0,7,32,25,27,1,1,6
Demon (Construction),,,-10,0,0,0,0,0,0,142,8,Crush,0,79,68,70,71,1,1,4
Demon of Balance,,,25,200,200,200,200,200,200,-1,43,Magic,0,320,150,150,100,80,1,4
Demon of Darkness,,,25,200,200,200,200,200,200,-1,43,Magic,0,320,150,150,100,80,1,4
Demon of Light,,,25,200,200,200,200,200,200,-1,43,Magic,0,320,150,150,100,80,1,4
Demonic Brutus#Brutus,Earth,25,520,216,182,65,418,110,460,15628,"43 (Melee),56+ (Special)",Crush,0,750,380,418,200,272,1,5
Demonic Brutus#Ghost,Earth,25,520,216,182,65,418,110,460,15629,"43 (Melee),56+ (Special)",Crush,0,750,380,418,200,272,1,5
Demonic gorilla#1,Water,35,20,0,0,0,0,0,0,"7144,7145,7146","31 (normal),40 (special attack)","Crush,Ranged,Magic",0,380,205,195,200,195,195,5
Demonic gorilla#2,Water,35,20,0,0,0,0,0,0,"7147,7148,7149,7152","31 (normal),40 (special attack)","Crush,Ranged,Magic",0,380,205,195,200,195,195,5
Deranged archaeologist,,,300,50,20,20,300,300,300,7806,"25 (melee),25 (range),56 (special direct hit),18+ (special indirect hit)","Ranged,Crush",0,200,280,160,280,1,320,3
Derwen,,,-60,200,200,200,200,200,200,"7513,7859","43 (Magic),16 (Melee)","Magic,Crush",0,320,250,150,100,80,1,6
Derwen (Deadman)#Annihilation,,,-60,200,200,200,200,200,200,12450,"43 (Magic),16 (Melee)","Magic,Crush",0,2000,250,150,100,180,1,6
Derwen (Deadman)#Apocalypse,,,-60,200,200,200,200,200,200,12450,"43 (Magic),16 (Melee)","Magic,Crush",0,320,250,150,100,180,1,6
Derwen (Deadman)#Armageddon,,,-60,200,200,200,200,200,200,12450,"43 (Magic),16 (Melee)","Magic,Crush",0,500,250,150,100,180,1,6
Derwen (Deadman)#Permanent,,,-60,200,200,200,200,200,200,12450,"43 (Magic),16 (Melee)","Magic,Crush",0,500,250,150,100,180,1,6
Desert Lizard#Green,,,0,15,5,15,5,5,5,"459,12003",3,Crush,0,25,20,22,20,1,1,4
Desert Lizard#Orange,,,0,15,5,15,5,5,5,461,3,Crush,0,25,20,22,20,1,1,4
Desert Lizard#Yellow,,,0,15,5,15,5,5,5,460,3,Crush,0,25,20,22,20,1,1,4
Desert Wolf#1,,,0,0,0,0,0,0,0,4649,3,Slash,0,34,20,21,22,0,0,4
Desert Wolf#2,,,0,0,0,0,0,0,0,4650,3,Slash,0,34,20,21,22,0,0,4
Desert Wolf#3,,,0,0,0,0,0,0,0,4651,3,Slash,0,34,20,21,22,0,0,4
Dessourt,,,0,150,10,150,0,0,0,4883,19,"Crush,Magic,",0,130,99,99,99,1,1,3
Dessourt (Nightmare Zone)#Hard Mode,,,0,150,10,150,0,0,0,6311,"37 (Melee),5 (Magic),5 (Ranged)","Crush,Magic,Ranged",0,255,198,198,99,1,1,3
Dessourt (Nightmare Zone)#Normal Mode,,,0,150,10,150,0,0,0,6372,"19 (Melee),5 (Magic),5 (Ranged)","Crush,Magic,Ranged",0,130,99,99,99,1,1,3
Dessous,,,0,150,10,150,0,0,0,"3459,3460","19 (Melee),5 (Magic),5 (Ranged)","Crush,Magic,Ranged",0,200,99,99,99,1,1,3
Dessous (Nightmare Zone)#Hard Mode,,,0,150,10,150,0,0,0,1128,"37 (Melee),5 (Magic),5 (Ranged)","Crush,Magic,Ranged",0,255,198,198,99,1,1,3
Dessous (Nightmare Zone)#Normal Mode,,,0,150,10,150,0,0,0,6344,"19 (Melee),5 (Magic),5 (Ranged)","Crush,Magic,Ranged",0,200,99,99,99,1,1,3
Deviant spectre,Air,30,0,80,80,80,85,20,85,7279,"8,14 (without Nose peg)",Magic,0,190,1,1,90,205,1,4
Dharok the Wretched,Air,50,-11,244,252,250,249,249,249,1673,"29 (normal),57 (at 1 Hitpoints)",Slash,0,100,100,100,100,1,1,7
Dharok the Wretched (Deadman)#Annihilation,air,50,-11,244,252,250,249,249,249,12447,29,Slash,0,300,100,100,200,1,1,7
Dharok the Wretched (Deadman)#Apocalypse,,,-11,244,252,250,249,249,249,12447,29,Slash,0,200,100,100,100,1,1,7
Dharok the Wretched (Deadman)#Armageddon,air,50,-11,244,252,250,249,249,249,12447,29,Slash,0,200,100,100,200,1,1,7
Dharok the Wretched (Deadman)#Permanent,air,50,-11,244,252,250,249,249,249,12447,29,Slash,0,300,100,100,200,1,1,7
Dinky the drink troll,Earth,0,,,,,,,,15171,51+,Melee,0,140,70,140,40,0,0,4
Dire bat,Air,40,20,10,15,15,10,10,10,15757,6,Typeless Stab,0,90,300,50,160,160,1,4
Dire gryphon,air,50,150,40,10,20,60,60,60,14859,20,Crush,0,280,160,190,100,60,0,5
Dire Wolf Alpha,None,,0,0,0,0,0,0,0,13812,12,Stab,0,100,120,110,80,40,1,4
Dire Wolf#Level 72,,,0,0,0,0,0,0,0,9181,7,Stab,0,74,60,61,62,1,1,4
Dire Wolf#Level 88,,,0,0,0,0,0,0,0,3426,8,Stab,0,85,75,75,75,1,1,4
Dire Wolf#Meat and Greet,,,0,0,0,0,0,0,0,13813,3,Ranged,0,10,75,75,70,1,20,4
Disciple of Iban,,,0,0,0,0,0,0,0,8997,2,Crush,0,20,8,8,12,1,1,4
Dolphin,,,0,0,0,0,15,0,15,15234,2,Slash,0,45,25,10,0,1,0,4
Don't Know What,Fire,40,200,0,0,0,0,0,0,8439,10,"Ranged,Crush",0,220,120,90,160,60,115,3
Donny the lad,,,0,10,9,8,0,0,0,302,4,Slash,0,37,32,26,27,1,1,4
Doom of Mokhaiotl#Deep Delve,,,160,60,300,300,160,160,160,14707,65 <br/>99 (charge),"Melee,Magic,Ranged",0,625,300,190,90,275,110,4
Doom of Mokhaiotl#Deep Delve,,,160,60,300,300,160,160,160,14708,99,"Melee,Magic,Ranged",0,625,300,190,90,275,110,6
Doom of Mokhaiotl#Deep Delve,,,160,60,300,300,160,160,160,14709,60 <br/>99 (charge),"Melee,Magic,Ranged",0,625,300,190,90,275,110,6
Doom of Mokhaiotl#Delve 1,,,160,60,300,300,160,160,160,14707,47 <br/> 60 (charge),"Melee,Magic,Ranged",0,525,300,190,90,275,110,6
Doom of Mokhaiotl#Delve 1,,,160,60,300,300,160,160,160,14708,60,"Melee,Magic,Ranged",0,525,300,190,90,275,110,6
Doom of Mokhaiotl#Delve 2,,,160,60,300,300,160,160,160,14707,50 <br/>60 (charge),"Melee,Magic,Ranged",0,550,300,190,90,275,110,6
Doom of Mokhaiotl#Delve 2,,,160,60,300,300,160,160,160,14708,60,"Melee,Magic,Ranged",0,550,300,190,90,275,110,6
Doom of Mokhaiotl#Delve 3,,,160,60,300,300,160,160,160,14707,50 <br/>80 (charge),"Melee,Magic,Ranged",0,575,300,190,90,275,110,5
Doom of Mokhaiotl#Delve 3,,,160,60,300,300,160,160,160,14708,60,"Melee,Magic,Ranged",0,575,300,190,90,275,110,6
Doom of Mokhaiotl#Delve 4,,,160,60,300,300,160,160,160,14707,80 (charge),"Melee,Magic,Ranged",0,600,300,190,90,275,110,5
Doom of Mokhaiotl#Delve 4,,,160,60,300,300,160,160,160,14708,80,"Melee,Magic,Ranged",0,600,300,190,90,275,110,6
Doom of Mokhaiotl#Delve 5,,,160,60,300,300,160,160,160,14707,53 <br/> 80 (charge),"Melee,Magic,Ranged",0,625,300,190,90,275,110,5
Doom of Mokhaiotl#Delve 5,,,160,60,300,300,160,160,160,14708,80,"Melee,Magic,Ranged",0,625,300,190,90,275,110,6
Doom of Mokhaiotl#Delve 5,,,160,60,300,300,160,160,160,14709,99 (charge),"Melee,Magic,Ranged",0,625,300,190,90,275,110,6
Doom of Mokhaiotl#Delve 6,,,160,60,300,300,160,160,160,14707,99 (charge),"Melee,Magic,Ranged",0,650,300,190,90,275,110,5
Doom of Mokhaiotl#Delve 6,,,160,60,300,300,160,160,160,14708,99,"Melee,Magic,Ranged",0,650,300,190,90,275,110,6
Doom of Mokhaiotl#Delve 6,,,160,60,300,300,160,160,160,14709,55 <br/>99 (charge),"Melee,Magic,Ranged",0,650,300,190,90,275,110,6
Doom of Mokhaiotl#Delve 7,,,160,60,300,300,160,160,160,14707,57 <br/>99 (charge),"Melee,Magic,Ranged",0,650,300,190,90,275,110,4
Doom of Mokhaiotl#Delve 7,,,160,60,300,300,160,160,160,14708,99,"Melee,Magic,Ranged",0,650,300,190,90,275,110,6
Doom of Mokhaiotl#Delve 7,,,160,60,300,300,160,160,160,14709,56 <br/>99 (charge),"Melee,Magic,Ranged",0,650,300,190,90,275,110,6
Doom of Mokhaiotl#Delve 8,,,160,60,300,300,160,160,160,14707,65 <br/>99 (charge),"Melee,Magic,Ranged",0,675,300,190,90,275,110,4
Doom of Mokhaiotl#Delve 8,,,160,60,300,300,160,160,160,14708,99,"Melee,Magic,Ranged",0,675,300,190,90,275,110,6
Doom of Mokhaiotl#Delve 8,,,160,60,300,300,160,160,160,14709,58 <br/>99 (charge),"Melee,Magic,Ranged",0,675,300,190,90,275,110,6
Doomion,,,-10,0,0,0,0,0,0,8995,9,Slash,0,87,76,78,77,1,1,4
Double agent#Level 108,,,0,20,20,20,0,0,0,1778,14,Crush,0,120,100,80,80,80,1,4
Double agent#Level 141,,,0,20,20,20,0,0,0,7312,19,Crush,0,160,130,105,100,95,1,4
Double agent#Level 65,,,0,3,3,3,0,0,0,1777,5,Crush,0,80,80,43,24,24,1,4
Dragon impling,,,50,-10,-10,-10,-10,-10,-10,"1644,1654",N/A,N/A,0,10,0,0,0,1,1,0
Drake,Water,50,20,60,5,60,100,0,100,"8612,8613","15 (Ranged),15 (Ranged_melee),32 (Dragonfire)","Ranged,Ranged melee,Dragonfire",2,225,140,118,120,112,140,4
Dreadborn Araxyte,Fire,50,10,0,60,30,100,100,100,13680,"31 (normal),50 (special attack)",Crush,0,350,260,260,100,100,1,4
Drink troll,,,0,0,0,0,0,0,0,15164,2,Crush,0,25,9,9,9,1,1,4
Drink troll queen,Earth,50,-63,0,0,0,50,100,100,15175,21,Magic,0,315,1,1,155,205,1,5
Druid,,,0,0,0,0,0,0,0,3258,"4 (Crush),5 (Magic)","Crush,Magic",0,30,28,28,32,25,1,4
Drunken man,,,-21,-21,-21,-21,-21,-21,-21,3263,1,Crush,0,7,1,3,1,1,1,4
Duck#Female,,,-42,-42,-42,-42,-42,-42,-42,1839,0,Stab,0,3,1,1,1,1,1,4
Duck#Male,,,-42,-42,-42,-42,-42,-42,-42,1838,0,Stab,0,3,1,1,1,1,1,4
Duckling,,,-42,-42,-42,-42,-42,-42,-42,2001,0,Stab,0,3,1,1,1,1,1,4
Duke (monkey),,,0,0,0,0,0,0,0,5258,14,Slash,0,130,130,130,130,130,1,4
"Duke Sucellus#Awakened, Asleep",,,440,190,255,65,320,320,320,"12166,12167","81 (Melee),71 (Magic),121 (Gaze)","Magic,Crush",0,1697,435,500,316,465,0,5
"Duke Sucellus#Awakened, Awake",,,440,190,255,65,320,320,320,12191,"81 (Melee),71 (Magic),121 (Gaze)","Magic,Crush",0,1697,435,500,316,465,0,5
"Duke Sucellus#Awakened, Defeated",,,440,190,255,65,320,320,320,"12192,12196","81 (Melee),71 (Magic),121 (Gaze)","Magic,Crush",0,1697,435,500,316,465,0,5
"Duke Sucellus#Post-quest, Asleep",,,440,190,255,45,320,320,320,"12166,12167","56 (Melee),48 (Magic),101 (Gaze)","Magic,Crush",0,485,300,345,275,310,0,5
"Duke Sucellus#Post-quest, Awake",,,440,190,255,45,320,320,320,12191,"56 (Melee),48 (Magic),101 (Gaze)","Magic,Crush",0,485,300,345,275,310,0,5
"Duke Sucellus#Post-quest, Defeated",,,440,190,255,45,320,320,320,"12192,12196","56 (Melee),48 (Magic),101 (Gaze)","Magic,Crush",0,485,300,345,275,310,0,5
"Duke Sucellus#Quest, Asleep",,,400,160,210,30,300,300,300,"12193,12194","36 (Melee),28 (Magic),99 (Gaze)","Magic,Crush",0,330,250,280,215,230,0,6
"Duke Sucellus#Quest, Awake",,,400,160,210,30,300,300,300,12195,"36 (Melee),28 (Magic),99 (Gaze)","Magic,Crush",0,330,250,280,215,230,0,6
"Duke Sucellus#Quest, Defeated",,,400,160,210,30,300,300,300,12196,"36 (Melee),28 (Magic),99 (Gaze)","Magic,Crush",0,330,250,280,215,230,0,6
Dungeon rat#Full tail,,,0,0,0,0,0,0,0,2865,2,Stab,0,12,10,10,10,1,1,4
Dungeon rat#Short tail,,,0,0,0,0,0,0,0,"2866,2867",2,Stab,0,12,10,10,10,1,1,4
Dungeon rat#Small,,,0,0,0,0,0,0,0,"3607,3608,3609",2,Stab,0,12,10,10,10,1,1,4
Durial321,,,69,162,148,134,88,88,88,-1,34,"Melee,Magic",0,9500,95,98,88,94,80,4
Durial321 (Deadman)#Annihilation,,,69,162,148,134,88,88,88,13662,"28 (Melee),? (Magic)","Slash,Magic",0,2500,95,98,88,94,80,4
Durial321 (Deadman)#Armageddon,,,69,162,148,134,88,88,88,13662,"28 (Melee),? (Magic)","Slash,Magic",0,1000,95,98,88,94,80,4
Durial321 (Deadman)#Permanent,,,69,162,148,134,88,88,88,13662,"28 (Melee),? (Magic)","Slash,Magic",0,750,95,98,88,94,80,4
Dusk (Echo),Earth,40,0,0,0,0,0,0,0,-1,"32 (flame cone),21 x 2 (ranged orbs),20 x 4 (flame wall),32 (trample)",Slash,0,1080,345,287,187,262,387,6
Dusk#First form,Earth,40,0,0,0,0,0,0,0,"7851,7854,7855,7882,7883,7886",15 (melee) 33 (special attack),"Slash '""`UNIQ--ref-00000000-QINU`""'",-1,450,200,140,100,140,140,6
Dusk#Second form,Earth,40,0,0,0,0,0,0,0,"7887,7888,7889",26 (melee)<br/> 15x2 (ranged)<br/> 65 (special attack),"Slash,Ranged",0,450,300,250,150,250,250,6
Dust devil#Catacombs of Kourend,Air,35,0,0,0,0,0,0,0,7249,"10,16 (without Facemask)",Ranged melee,0,130,120,90,40,1,1,4
Dust devil#Smoke Dungeon,Air,35,0,0,0,0,0,0,0,423,"8,16 (without Facemask)",Ranged melee,0,105,105,70,40,1,1,4
Dust devil#Wilderness Slayer Cave,Air,35,0,0,0,0,0,0,0,11238,"8,16 (without Facemask)",Ranged melee,0,105,105,70,40,1,1,4
Dwarf gang member#Level 44,,,0,0,7,7,7,7,7,1354,5,Crush,0,40,40,40,35,1,1,5
Dwarf gang member#Level 48,,,0,0,7,7,7,7,7,1355,4,Crush,0,25,80,30,25,1,1,5
Dwarf gang member#Level 49,,,0,0,7,7,7,7,7,1356,7,Crush,0,25,30,60,57,1,1,5
Dwarf#Mining Guild (1),,,5,0,0,0,10,10,10,294,2,Stab,0,16,12,5,8,1,1,5
Dwarf#Mining Guild (2),,,10,0,0,0,0,0,0,295,2,Stab,0,16,8,5,8,1,1,5
Dwarf#Mining Guild (3),,,5,0,0,0,0,0,0,296,2,Stab,0,12,8,8,10,1,1,5
Dwarf#Standard,,,5,0,0,0,0,0,0,290,2,Stab,0,16,8,8,6,1,1,5
Dwarf#Standard (Level 20),,,5,0,0,0,0,0,0,292,3,Crush,0,26,15,16,16,1,1,6
Dwarf#Worker (1),,,5,0,0,0,10,10,10,1401,2,Stab,0,16,8,8,8,1,1,4
Dwarf#Worker (2),,,5,0,0,0,10,10,10,1402,2,Stab,0,16,8,8,8,1,1,4
Dwarf#Worker (3),,,10,10,0,10,20,20,20,1403,2,Stab,0,16,8,8,8,1,1,4
Dwarf#Worker (4),,,5,0,0,0,10,10,10,1404,2,Stab,0,16,8,8,8,1,1,6
Dwarf#Worker (5),,,5,0,0,0,10,10,10,1405,2,Stab,0,12,8,8,8,1,1,6
Dwarf#Worker (6),,,5,0,0,0,10,10,10,1406,2,Stab,0,18,8,6,10,1,1,4
Dwarf#Worker (7),,,5,0,0,0,10,10,10,1407,2,Stab,0,13,10,8,8,1,1,4
Dwarf#Worker (8),,,5,0,0,0,10,10,10,1408,2,Stab,0,10,6,6,6,1,1,4
Dwarf#Worker (9),,,5,0,0,0,10,10,10,8496,2,Stab,0,18,8,6,10,1,1,4
Eadburg,,,-12,-12,-12,-12,-12,-12,-12,4095,1,Crush,0,10,3,2,3,1,1,4
Eagle ray,,,0,0,0,0,50,20,50,15214,3,Slash,0,55,70,1,0,1,0,4
Earth elemental#Normal,Earth,50,0,0,0,0,0,0,0,1366,4,Crush,0,35,20,35,35,10,30,6
Earth elemental#Ore,Earth,50,0,0,0,0,0,0,0,1367,4,Crush,0,35,20,35,35,10,30,6
Earth impling,,,10,-10,-10,-10,-10,-10,-10,"1638,1648",N/A,N/A,0,10,0,0,0,1,1,0
Earth warrior,,,10,20,30,40,30,30,30,2840,5,Crush,0,54,42,42,42,1,1,4
Earth warrior (RuneScape 2 Beta),,,,,,,,,,-1,,,0,,,,,,,
Earth Warrior Champion,,,0,0,0,0,0,0,0,3328,9,Crush,0,108,84,84,84,1,1,4
Earth wizard,,,15,0,0,0,0,0,0,1558,6,Magic,0,25,5,5,10,10,0,4
Earthen Nagua#Normal,Air,15,60,50,30,50,150,150,150,14420,"13 total,7+6",Stab,-4,160,120,120,40,40,1,4
Earthen Nagua#Reinforced,Air,15,60,10,50,70,150,150,150,14421,"13 total,7+6",Stab,-4,160,120,120,40,40,1,4
Earthen Nagua#Weakened,Air,15,60,0,0,0,150,150,150,14420,"13 total,7+6",Stab,-4,160,120,120,40,40,1,4
Eclectic impling,,,10,-10,-10,-10,-10,-10,-10,"1640,1650",N/A,N/A,0,10,0,0,0,1,1,0
Eclipse Moon#Clone,Air,15,500,100,0,100,500,500,500,13012,32 total 4+8+20,Typeless slash,4,500,258,100,60,100,1,6
Eclipse Moon#Regular,Air,15,500,100,0,100,500,500,500,13012,32 total 4+8+20,Typeless slash,6,500,258,100,60,100,1,6
Eduard,,,-21,-21,-21,-21,-21,-21,-21,2618,2,Crush,0,60,10,10,10,1,1,4
Egg (Tombs of Amascut)#Explode,,,-100,-100,-100,-100,-100,-100,-100,11728,0,None,0,35,1,1,0,1,1,-1
Egg (Tombs of Amascut)#Hatch,,,-100,-100,-100,-100,-100,-100,-100,11729,0,None,0,35,1,1,0,1,1,-1
Einar,,,0,0,0,0,0,0,0,3675,1,Crush,0,1,1,1,1,1,1,4
Elder aquanite#Lure,,,140,80,60,80,100,100,100,15502,"34 (normal),50 (special attack)",Magic,0,400,1,1,180,330,1,5
Elder aquanite#No lure,,,140,80,10,80,100,100,100,15503,"34 (normal),50 (special attack)",Magic,0,400,1,1,180,330,1,5
Elder Chaos druid,,,0,0,0,0,0,0,0,6607,17,Magic,0,150,98,98,65,110,1,4
Elder custodian stalker,Fire,30,35,50,30,-10,5,-10,30,14704,"10 (melee),5 (special attack)","Crush,Magic (Bleed)",0,250,120,90,45,75,1,4
Eldric the Ice King,Fire,50,700,0,12,12,700,700,700,14147,"26 (Melee),12 (Wall)",Crush,0,600,300,250,100,100,150,7
Elf Archer#1,,,60,50,50,50,70,70,70,5295,11,Ranged,0,105,10,10,80,1,90,4
Elf Archer#2,,,60,50,50,50,70,70,70,5296,11,Ranged,0,105,10,10,80,1,90,4
Elf Warrior#1,,,60,70,50,70,50,50,50,5293,10,Stab,0,105,95,95,80,1,0,4
Elf Warrior#2,,,60,70,50,70,50,50,50,5294,10,Stab,0,105,95,95,80,1,0,4
Elidinis' Warden (Deadman)#Annihilation,Earth,50,-30,70,70,70,70,70,70,15552,41,Magic,0,3000,300,150,100,400,190,5
Elidinis' Warden (Deadman)#Permanent,Earth,50,-30,70,70,70,70,70,70,15552,41,Magic,0,750,300,150,100,400,190,5
Elidinis' Warden#Active,Earth,50,-30,70,70,70,70,70,70,"11753,11754",20,"Melee,Ranged,Magic",0,140,300,150,100,190,190,7
Elidinis' Warden#Core-ejected,Earth,50,-30,70,70,70,70,70,70,11755,20,"Melee,Ranged,Magic",0,4500,300,150,100,190,190,7
Elidinis' Warden#Damaged,Earth,50,20,20,40,40,20,20,20,11761,26,"Melee,Ranged,Magic",0,880,150,150,150,150,150,7
Elidinis' Warden#Enraged,Earth,50,20,20,40,40,20,20,20,11761,26,"Melee,Ranged,Magic",0,880,150,150,180,150,150,7
Elidinis' Warden#Invulnerable,Earth,50,20,20,40,40,20,20,20,11763,26,"Melee,Ranged,Magic",0,880,150,150,150,150,150,7
Elite Black Knight#Female,,,-5,40,110,130,135,60,140,"13464,13481",13,Slash,7,90,90,120,90,70,20,6
Elite Black Knight#Male,,,-5,40,110,130,135,60,140,"13463,13480",13,Slash,7,90,90,120,90,70,20,6
Elite Dark Mage#Female,,,50,15,5,10,0,10,5,13470,16 (Fire Blast)<br>20 (Fire Wave)<br>2 (Wind Strike),Magic,0,80,25,25,80,80,25,5
Elite Dark Mage#Male,,,50,15,5,10,0,10,5,13469,16 (Fire Blast)<br>20 (Fire Wave)<br>2 (Wind Strike),Magic,0,80,25,25,80,80,25,5
Elite Dark Ranger#Female,,,60,20,5,0,5,15,10,13468,9,Ranged,0,80,25,25,80,40,80,5
Elite Dark Ranger#Male,,,60,20,5,0,5,15,10,13467,9,Ranged,0,80,25,25,80,40,80,5
Elite Dark Warrior#Female,,,-10,10,15,20,30,15,40,13466,9,Slash,0,80,80,80,80,40,25,5
Elite Dark Warrior#Male,,,-10,10,15,20,30,15,40,13465,9,Slash,0,80,80,80,80,40,25,5
Elite Khazard Guard#1,,,0,30,44,38,0,0,0,13531,12,Slash,0,85,80,88,80,30,1,4
Elite Khazard Guard#2,,,0,30,44,38,0,0,0,13532,12,Slash,0,85,80,88,80,30,1,4
Elite Khazard Guard#3,,,0,30,44,38,0,0,0,13533,12,Slash,0,85,80,88,80,30,1,4
Elite Khazard Guard#4,,,0,30,44,38,0,0,0,13534,12,Slash,0,85,80,88,80,30,1,4
Elvarg,Water,30,30,40,20,40,20,20,20,817,"8 (Slash),70 (Dragonfire),10 (with anti-dragon shield)","Slash,Magic,Dragonfire",0,80,70,70,70,70,1,4
Elvarg (Nightmare Zone)#Hard Mode,Water,30,30,40,20,40,20,20,20,6118,"22 (Slash),70 (Dragonfire),10 (with anti-dragon shield)","Slash,Magic,Dragonfire",0,240,210,210,70,210,1,4
Elvarg (Nightmare Zone)#Normal Mode,Water,30,30,40,20,40,20,20,20,6349,"8 (Slash),70 (Dragonfire),10 (with anti-dragon shield)","Slash,Magic,Dragonfire",0,80,70,70,70,70,1,4
Embertailed jerboa,,,-42,-42,-42,-42,-42,-42,-42,13139,0,Crush,0,2,1,1,1,1,1,4
Emissary Acolyte#1,,,10,30,20,20,20,20,20,"13732,13733,13734,13735,13736,13737",4,Stab,0,25,30,35,30,1,1,4
Emissary Acolyte#2,,,10,30,20,20,20,20,20,"13732,13733,13734,13735,13736,13737",4,Stab,0,25,30,35,30,1,1,4
Emissary Acolyte#3,,,10,30,20,20,20,20,20,"13732,13733,13734,13735,13736,13737",4,Stab,0,25,30,35,30,1,1,4
Emissary Acolyte#4,,,10,30,20,20,20,20,20,"13732,13733,13734,13735,13736,13737",4,Stab,0,25,30,35,30,1,1,4
Emissary Acolyte#5,,,10,30,20,20,20,20,20,"13732,13733,13734,13735,13736,13737",4,Stab,0,25,30,35,30,1,1,4
Emissary Acolyte#6,,,10,30,20,20,20,20,20,"13732,13733,13734,13735,13736,13737",4,Stab,0,25,30,35,30,1,1,4
Emissary Archer#1,,,20,5,10,10,15,15,15,"14407,14408",,Ranged,0,40,60,40,70,15,70,5
Emissary Archer#2,,,20,5,10,10,15,15,15,"14407,14408",,Ranged,0,40,60,40,70,15,70,5
Emissary Ascended#1,,,20,50,30,30,30,30,30,13744,12,Stab,0,80,120,110,90,40,1,4
Emissary Ascended#2,,,20,50,30,30,30,30,30,13745,12,Stab,0,80,120,110,90,40,1,4
Emissary Ascended#3,,,20,50,30,30,30,30,30,13746,12,Stab,0,80,120,110,90,40,1,4
Emissary Ascended#4,,,20,50,30,30,30,30,30,13747,12,Stab,0,80,120,110,90,40,1,4
Emissary Ascended#5,,,20,50,30,30,30,30,30,13748,12,Stab,0,80,120,110,90,40,1,4
Emissary Ascended#6,,,20,50,30,30,30,30,30,13749,12,Stab,0,80,120,110,90,40,1,4
Emissary Ascended#7,,,20,50,30,30,30,30,30,13750,12,Stab,0,80,120,110,90,40,1,4
Emissary Ascended#8,,,20,50,30,30,30,30,30,13751,12,Stab,0,80,120,110,90,40,1,4
Emissary Brawler#Level 74,,,5,20,30,30,30,30,30,"13773,13774",6,Slash,0,35,90,50,70,15,1,4
Emissary Brawler#Level 86,,,5,20,30,30,30,30,30,"13775,13776",8,Crush,0,55,90,70,70,15,1,5
Emissary Chosen#1,,,15,40,25,25,25,25,25,13738,8,Stab,0,50,80,70,60,20,1,4
Emissary Chosen#2,,,15,40,25,25,25,25,25,13739,8,Stab,0,50,80,70,60,20,1,4
Emissary Chosen#3,,,15,40,25,25,25,25,25,13740,8,Stab,0,50,80,70,60,20,1,4
Emissary Chosen#4,,,15,40,25,25,25,25,25,13741,8,Stab,0,50,80,70,60,20,1,4
Emissary Chosen#5,,,15,40,25,25,25,25,25,13742,8,Stab,0,50,80,70,60,20,1,4
Emissary Chosen#6,,,15,40,25,25,25,25,25,13743,8,Stab,0,50,80,70,60,20,1,4
Emissary Conjurer#1,,,15,10,15,15,5,5,5,13777,8,Magic,0,40,60,40,70,70,1,5
Emissary Conjurer#2,,,15,10,15,15,5,5,5,13778,8,Magic,0,40,60,40,70,70,1,5
Emissary Enforcer,,,180,50,70,80,100,100,100,14268,"18 (Standard),30+ (Charge)",Slash,0,126,220,170,100,80,1,4
Emissary Forebearer (unused)#1,,,,,,,,,,13752,,,0,,,,,,,
Emissary Forebearer (unused)#2,,,,,,,,,,13753,,,0,,,,,,,
Emissary Forebearer (unused)#3,,,,,,,,,,13754,,,0,,,,,,,
Emissary Forebearer (unused)#4,,,,,,,,,,13755,,,0,,,,,,,
Emissary Forebearer (unused)#5,,,,,,,,,,13756,,,0,,,,,,,
Emissary Forebearer (unused)#6,,,,,,,,,,13757,,,0,,,,,,,
Enclave guard,,,0,19,13,24,0,0,0,4381,10,Crush,0,80,70,70,70,1,1,4
Energy sprite,,,0,0,0,0,0,0,0,6624,0 (doesn't attack),None,0,60,1,1,1,1,1,-1
Ennius Tullus,,,100,50,70,60,80,80,80,"14331,14332",22,Slash,0,380,280,210,75,75,1,3
Enormous Tentacle#Enormous Tentacle,Earth,50,-15,0,0,0,270,270,270,5535,2,Magical ranged (100% prayer penetration),0,120,1,1,1,1,150,4
Enormous Tentacle#Whirlpool,None,,-15,0,0,0,270,270,270,5534,2,Magical ranged (100% prayer penetration),0,120,1,1,1,1,150,4
Enraged barbarian spirit,Air,15,-3,2,0,3,2,2,2,5564,18,Crush,0,190,150,140,100,1,1,4
Enraged Boar,,,0,0,0,0,0,0,0,11227,2,Slash,0,25,7,7,5,1,1,4
Ent#Wilderness,Fire,40,40,70,50,70,30,30,30,6594,10,Crush,0,105,80,95,75,1,1,4
Ent#Woodcutting Guild,Fire,40,40,70,50,70,30,30,30,7234,17,Crush,0,75,75,75,75,1,1,4
Entrana firebird,Water,100,-26,-26,-26,-26,-26,-26,-26,4927,1,Stab,0,5,1,1,1,1,1,4
Essence impling,,,10,-10,-10,-10,-10,-10,-10,"1639,1649",N/A,N/A,0,10,0,0,0,1,1,0
Essyllt (Nightmare Zone)#Hard Mode,,,30,20,40,40,120,120,120,9247,"60 (melee),75 (ranged)","Stab,Ranged",0,320,408,408,104,104,512,4
Essyllt (Nightmare Zone)#Normal Mode,,,30,20,40,40,120,120,120,9249,"40 (melee),51 (ranged)","Stab,Ranged",0,320,268,268,104,104,342,4
Essyllt#Normal,,,30,20,40,40,120,120,120,"8847,8871,8872,8950,9016","40 (melee),51 (ranged)","Stab,Ranged",0,320,268,268,104,104,342,4
Evelot,,,0,40,70,60,40,40,40,12047,34,Crush,0,160,160,150,120,80,0,4
Evil Chicken,,,0,0,0,0,0,0,0,6739,21,Magic,0,120,1,1,126,200,1,4
Evil Chicken (Nightmare Zone)#Hard Mode,,,0,0,0,0,0,0,0,6306,21,Magic,0,240,0,0,126,400,1,4
Evil Chicken (Nightmare Zone)#Normal Mode,,,0,0,0,0,0,0,0,6367,21,Magic,0,120,1,1,126,200,1,4
Evil Chicken (Recipe for Disaster),,,0,0,0,0,0,0,0,1870,21,Magic,0,120,1,1,126,200,1,4
Evil Creature#Izzie,,,0,0,0,0,0,0,0,1241,1,Crush,0,1,1,1,1,1,1,4
Evil Creature#Standard,,,0,0,0,0,0,0,0,"1244,1247,1250,1253,1256",1,Crush,0,1,1,1,1,1,1,4
Evil spirit,Air,30,0,0,0,0,0,0,0,625,28,Crush,0,90,170,146,100,1,1,4
Experiment No.2,,,60,60,45,70,25,55,55,5126,11 (approx),"Stab,Ranged",0,95,104,92,90,1,100,4
Experiment#Level 25 (sheep),,,0,0,0,0,0,0,0,1275,1,Crush,0,100,1,1,30,1,1,4
Experiment#Level 25 (spider),,,0,0,0,0,0,0,0,1274,1,Crush,0,100,1,1,30,1,1,4
Experiment#Level 51,,,0,0,0,0,0,0,0,1273,6,Stab,0,40,40,50,50,1,1,4
Famished shark,,,0,0,0,0,30,10,30,-1,2,Slash,0,15,30,10,0,1,0,4
Fareed,,,0,100,100,100,0,0,0,3456,"37,40 (without Ice gloves)","Slash,Magic",0,130,190,120,135,1,1,4
Fareed (Nightmare Zone)#Hard Mode,Water,30,0,100,100,100,0,0,0,4115,72,"Slash,Magic",0,255,380,240,135,1,1,4
Fareed (Nightmare Zone)#Normal Mode,Water,30,0,100,100,100,0,0,0,6348,"37,40 (without Ice gloves)","Slash,Magic",0,130,190,120,135,1,1,4
"Farmer#Green shirt, long sleeves",,,0,0,0,0,0,0,0,11919,1,Stab,0,12,3,4,8,1,1,6
"Farmer#Green shirt, short sleeves",,,0,0,0,0,0,0,0,3243,1,Stab,0,12,3,4,8,1,1,6
"Farmer#Khaki shirt, bracers",,,0,0,0,0,0,0,0,3244,1,Stab,0,12,3,4,8,1,1,6
"Farmer#Khaki shirt, no bracers",,,0,0,0,0,0,0,0,11920,1,Stab,0,12,3,4,8,1,1,6
"Farmer#Straw hat, black hair",,,0,0,0,0,0,0,0,11921,1,Stab,0,12,3,4,8,1,1,6
"Farmer#Straw hat, blonde hair",,,0,0,0,0,0,0,0,11918,1,Stab,0,12,3,4,8,1,1,6
"Farmer#Straw hat, brown hair",,,0,0,0,0,0,0,0,3114,1,Stab,0,12,3,4,8,1,1,6
Fear reaper#Level 42,,,0,0,0,0,0,0,0,1066,5,Slash,0,25,39,41,40,1,1,4
Fear reaper#Level 55,,,0,0,0,0,0,0,0,4693,6,Slash,0,57,45,48,45,1,1,4
Feral Vampyre#Level 100 (Temple Trekking),,,0,0,0,0,0,0,0,5641,9,Slash,0,135,105,76,30,0,0,4
Feral Vampyre#Level 130 (Temple Trekking),,,0,0,0,0,0,0,0,5642,13,Slash,0,185,120,116,30,0,0,4
Feral Vampyre#Level 61,,,0,0,0,0,0,0,0,3237,7,Stab,0,40,55,60,55,40,1,4
Feral Vampyre#Level 64 (Juvenile/Juvinate),,,0,0,0,0,0,0,0,"3707,3708,4431",7,Slash,0,80,55,30,60,1,1,4
Feral Vampyre#Level 70 (Temple Trekking),,,0,0,0,0,0,0,0,5640,6,Slash,0,75,90,46,30,0,0,4
Feral Vampyre#Level 72 (Spider),,,0,0,0,0,0,0,0,3234,8,Stab,0,50,65,70,65,50,1,4
Feral Vampyre#Level 77 (God Wars Dungeon),,,0,0,0,0,0,0,0,3137,8,Slash,0,60,65,66,81,1,1,4
Ferocious barbarian spirit,Air,10,-3,72,0,73,30,72,72,5566,18,Crush,0,190,150,140,100,1,1,4
Fever spider,Fire,25,15,10,20,15,15,15,15,626,"4,1–12 (without Slayer gloves)",Stab,0,40,60,30,40,1,1,4
Fire elemental,Water,100,0,0,0,0,0,0,0,1365,4,Slash,0,30,35,35,20,20,20,4
Fire elemental (Royal Titans),Water,100,0,0,0,0,0,0,0,14150,4 (Melee),Slash,0,40,35,35,20,20,20,4
Fire giant (Realm of Memories),,,0,2,0,3,0,0,0,-1,,,0,111,65,65,65,1,1,5
Fire giant#Level 104,Water,100,50,10,20,10,-10,-10,-10,7252,10,Slash,0,130,65,65,120,1,1,5
Fire giant#Level 109,Water,100,0,2,0,3,0,0,0,7251,13,Slash,0,150,90,80,65,1,1,5
Fire giant#Level 86,Water,100,0,2,0,3,0,0,0,"2075,2076,2077,2078,2079,2080,2081,2082,2083,2084",11,Slash,0,111,65,65,65,1,1,5
Fire Warrior of Lesarkus,,,-7,35,34,37,35,35,35,3448,8,Magic,0,59,78,78,78,62,1,4
Fire wizard,,,15,0,0,0,0,0,0,1556,4,Magic,0,25,5,5,10,10,0,4
Fiyr Shade#Shade,Air,40,0,0,0,0,0,0,0,1286,11,Crush,-3,110,120,100,85,0,0,4
Fiyr Shade#Shadow,Air,40,0,0,0,0,0,0,0,1285,11,Crush,-3,110,120,100,85,0,0,4
Flambeed,Water,50,5,5,50,50,50,50,50,4881,25,"Crush,Magic",0,210,120,120,75,1,1,4
Flambeed (Nightmare Zone)#Hard Mode,Water,50,5,5,50,50,30,50,50,6309,"25 (melee),? (magic)","Crush,Magic",0,255,240,240,75,1,1,4
Flambeed (Nightmare Zone)#Normal Mode,Water,50,5,5,50,50,30,50,50,6370,"13 (melee),? (magic)","Crush,Magic",0,210,120,120,75,1,1,4
Flaming pyrelord,Water,100,0,18,18,18,18,18,18,7394,7,Magical melee,0,125,98,65,52,1,1,4
Flaming pyrelord (Deadman)#Annihilation,Water,100,150,18,18,18,18,18,18,12453,1 (11 with burn),Magic,0,3500,150,200,150,1,1,4
Flaming pyrelord (Deadman)#Apocalypse,,,150,18,18,18,18,18,18,12453,1,Magic,0,750,150,200,250,1,1,4
Flaming pyrelord (Deadman)#Armageddon,Water,100,150,18,18,18,18,18,18,12453,21,Magic,0,750,150,200,150,1,1,4
Flaming pyrelord (Deadman)#Permanent,Water,100,150,18,18,18,18,18,18,12453,1 (11 with burn),Magic,0,750,150,200,150,1,1,4
Flawed Golem#Golem,Earth,35,2,0,5,5,10,10,10,10695,3,Stab,1,25,7,12,6,1,1,5
Flawed Golem#Rubble,Earth,35,2,0,5,5,10,10,10,10696,3,Stab,1,25,7,12,6,1,1,5
Flesh Crawler#Level 28,Fire,20,15,15,15,15,15,15,15,2498,1,Slash,0,25,60,2,10,1,1,3
Flesh Crawler#Level 35,Fire,20,15,15,15,15,15,15,15,2499,1,Slash,0,25,80,2,10,1,1,3
Flesh Crawler#Level 41,Fire,20,15,15,15,15,15,15,15,2500,1,Slash,0,25,100,2,10,1,1,3
Flight Kilisa,Air,30,0,0,0,0,0,0,0,3165,15,Slash,0,133,124,118,175,50,169,5
Flockleader Geerin,Air,30,0,0,0,0,0,0,0,3164,25,Ranged,0,132,80,80,175,50,150,5
Flower,,,,,,,,,,8584,0 (Does not attack),None,0,10,1,1,0,1,1,-1
Flower (A Night at the Theatre),,,,,,,,,,11193,0 (Does not attack),None,0,10,1,1,0,1,1,-1
Foreman,,,0,1,0,1,0,0,0,1429,3,Crush,0,20,20,20,20,0,0,4
Forester (Woodcutting Guild)#Normal,,,0,5,4,3,0,0,0,7238,2,Slash,0,17,14,13,8,1,1,4
Forester (Woodcutting Guild)#Unused,,,0,5,4,3,0,0,0,3296,2,Slash,0,17,14,13,8,1,1,4
Forgotten Soul (Soul Wars)#Level 46,Air,50,10,10,10,10,10,10,10,"10523,10524,10534,10535",5,Slash,0,50,50,40,20,20,1,4
Forgotten Soul (Soul Wars)#Level 76,Air,50,10,10,10,10,10,10,10,"10525,10526,10536,10537",8,Slash,0,80,80,70,30,30,1,4
Forgotten Soul#1,Air,50,0,0,0,0,0,0,0,10544,2,Crush,0,50,8,8,12,10,1,4
Forgotten Soul#2,Air,50,0,0,0,0,0,0,0,10545,2,Crush,0,50,8,8,12,10,1,4
Fortress Guard,,,-4,14,14,18,15,15,15,4773,3,Stab,0,22,18,18,15,1,1,6
Fortress Guard,,,-4,14,14,18,15,15,15,4774,3,Stab,0,22,18,18,15,1,1,6
Fortress Guard,,,-4,14,14,18,15,15,15,4775,3,Stab,0,22,18,18,15,1,1,6
Fortress Guard,,,-4,14,14,18,15,15,15,4776,3,Stab,0,22,18,18,15,1,1,6
Fortress Guard,,,-4,14,14,18,15,15,15,4772,3,Stab,0,22,18,18,15,1,1,6
Fox,Fire,25,30,30,30,30,30,30,30,3901,4,Crush,0,30,1,20,20,1,1,4
Fragment of Seren,,,10,320,320,220,480,480,480,"8917,8918,8919,8920","12+12 (standard),3+3 (Protect from Missiles),Max HP minus 1 (special)","Slash,Ranged",0,1000,242,288,102,102,235,7
Freidir,,,0,0,0,0,0,0,0,3938,6,Crush,0,50,40,40,40,1,1,4
Fremennik warband archer,,,75,0,0,0,50,50,50,12814,14,Ranged,0,50,110,110,80,110,110,6
Fremennik warband berserker,,,0,50,50,50,75,75,75,12816,29,Stab,0,48,110,110,80,110,110,6
Fremennik warband seer,,,30,50,50,50,0,0,0,12815,12,Magic,0,50,110,110,80,110,110,6
Fremennik warrior,,,0,1,20,21,,,,15458,,,0,45,60,,30,1,1,4
Frenzied ice troll female,Fire,50,0,30,30,60,0,0,0,5825,17,Ranged,0,80,80,80,40,1,1,4
Frenzied ice troll grunt,Fire,50,0,30,30,60,0,0,0,5826,21,Crush,0,80,100,100,60,1,1,4
Frenzied ice troll male,Fire,50,0,30,30,60,0,0,0,5824,17,Crush,0,80,80,80,40,1,1,4
Frenzied ice troll runt,Fire,50,0,30,30,60,0,0,0,5823,15,Crush,0,60,60,70,70,1,1,4
Frigatebird,,,0,0,0,0,30,10,30,15226,8,Stab,0,79,80,70,40,1,0,4
Frog,Earth,40,0,0,0,0,0,0,0,8702,1,Crush,0,8,5,4,3,1,1,4
Frogeel,Earth,40,0,0,0,0,0,0,0,3600,10,Slash,-2,90,91,89,90,1,1,4
Frost Crab#Active,Fire,100,-50,0,0,0,0,0,0,"13789,13791",1,Crush,0,60,1,1,1,1,1,4
Frost Crab#Hidden,Fire,100,-50,0,0,0,0,0,0,"13790,13792",1,Crush,0,60,1,1,1,1,1,4
Frost dragon,Fire,100,50,15,25,90,50,30,70,14922,16 (Stab)<br/>50 (Dragonfire),"Melee,Dragonfire",0,230,180,150,150,150,0,4
Frost Nagua,Fire,50,60,10,0,50,200,200,200,"13728,13787,13788","12 total,6+6",Magic,-4,120,1,1,40,90,1,5
Fumus,,,150,100,25,100,50,50,50,11283,29,Magic,-2,500,1,1,200,200,1,5
Gadderanks,,,10,10,10,10,10,10,10,"4483,4484,4485,9635",3,Crush,0,20,20,20,70,1,1,4
Galina,,,-21,-21,-21,-21,-21,-21,-21,2625,2,Crush,0,60,10,10,10,1,1,4
Galvek#Air,Water,40,280,140,80,140,86,86,86,8097,"28 (Ranged),28 (Slash),28 (Magic),121 (Dragonfire)","Slash,Ranged,Magic,Dragonfire",0,1200,632,268,188,160,246,6
Galvek#Earth,Water,40,280,140,80,140,86,86,86,"8098,8178,8179","28 (Ranged),28 (Slash),28 (Magic),121 (Dragonfire; Fire traps; Tsunami)","Slash,Ranged,Magic,Dragonfire",0,1200,632,268,188,160,246,6
Galvek#Fire,Water,40,280,140,80,140,86,86,86,"8094,8095,8177","28 (Ranged),28 (Slash),28 (Magic),121 (Dragonfire)","Slash,Ranged,Magic,Dragonfire",0,1200,632,268,188,160,246,6
Galvek#Water,Water,40,280,140,80,140,86,86,86,8096,"28 (Ranged),28 (Slash),28 (Magic),121 (Dragonfire; Tsunami)","Slash,Ranged,Magic,Dragonfire",0,1200,632,268,188,160,246,6
Gang boss#Female,,,0,10,0,0,0,0,0,"6900,6901",12,Slash,0,80,70,70,70,1,1,3
Gang boss#Male,,,0,10,0,0,0,0,0,"6902,6903",13,Ranged,0,80,1,1,70,1,80,3
Gangster#Level 45 (1),,,0,10,0,0,0,0,0,6896,5,Stab,0,40,40,30,50,1,1,4
Gangster#Level 45 (2),,,0,10,0,0,0,0,0,6897,6,Crush,0,40,40,30,50,1,1,4
Gangster#Level 50 (1),,,0,10,0,0,0,0,0,6898,6,Slash,0,45,50,40,40,1,1,7
Gangster#Level 50 (2),,,0,10,0,0,0,0,0,6899,8,Crush,0,30,40,70,30,1,1,4
Gardener#Level 3,,,0,0,0,0,0,0,0,3276,1,Stab,0,7,2,1,5,1,1,4
Gardener#Level 4,,,0,0,0,0,0,0,0,"3275,3651,5512",1,Stab,0,7,1,1,7,1,1,4
Gargoyle#Basement,Earth,40,20,-20,50,60,20,-20,20,"1543,413",11,Slash,-2,105,75,105,107,1,1,4
Gargoyle#Upstairs,Earth,40,20,-20,50,60,20,-20,20,"412,413",11,Slash,-2,105,75,105,107,1,1,4
Gelatinnoth Mother,,,50,150,150,150,50,50,50,"4884,4885,4886,4887,4888,4889","9 (melee),20x2 (ranged/magic)","Ranged,Magic,Stab",0,240,78,78,81,1,50,4
Gelatinnoth Mother (Nightmare Zone)#Hard Mode,,,50,150,150,150,50,50,50,"6312,6313,6314,6315,6316,6317","20 (melee),20x2 (ranged/magic)","Ranged,Magic,Stab",0,240,186,186,81,1,120,4
Gelatinnoth Mother (Nightmare Zone)#Normal Mode,,,50,150,150,150,50,50,50,"6373,6374,6375,6376,6377,6378","9 (melee),20x2 (ranged/magic)","Ranged,Magic,Stab",0,240,78,78,81,1,50,4
Gemstone Crab,,,0,0,0,0,0,0,0,14779,1,Crush,0,,1,1,1,1,1,7
General Danknuck,,,,,,,,,,-1,1,Melee,0,200,,,,,,4
General Graardor,Earth,40,298,90,90,90,90,90,90,2215,"60 (melee),35 (ranged)","Crush,Ranged",0,255,280,350,250,80,350,6
General Graardor (Deadman)#Annihilation,Earth,40,201,90,90,90,90,90,90,12444,60 (Melee),Crush,0,2000,280,350,250,80,350,6
General Graardor (Deadman)#Apocalypse,,,201,90,90,90,90,90,90,12444,60 (Melee),Crush,0,1000,280,350,250,80,350,6
General Graardor (Deadman)#Armageddon,Earth,40,201,90,90,90,90,90,90,12444,60 (Melee),Crush,0,1500,280,350,250,80,350,6
General Graardor (Deadman)#Permanent,Earth,40,201,90,90,90,90,90,90,12444,60 (Melee),Crush,0,1000,280,350,250,80,350,6
General Graardor (PvM Arena),,,298,90,90,90,90,90,90,6494,"60 (melee),35 (ranged)","Crush,Ranged",0,255,280,350,250,80,350,6
General Khazard,,,0,0,0,0,0,0,0,"1213,12025,12026,12027,12054,12055,12056,12057,12058,12059",9,Slash,0,170,75,78,80,1,1,4
Georgy,,,-21,-21,-21,-21,-21,-21,-21,2620,2,Crush,0,60,10,10,10,1,1,4
Ghast#Level 109,Air,25,0,0,0,0,0,0,0,5626,8,Crush,0,135,110,70,70,30,30,8
Ghast#Level 139,Air,25,0,0,0,0,0,0,0,5627,12,Crush,0,160,135,110,80,30,30,8
Ghast#Level 30,Air,25,0,0,0,0,0,0,0,946,3,Slash,0,45,22,22,18,1,1,4
Ghast#Level 79,Air,25,0,0,0,0,0,0,0,5625,4,Crush,0,115,80,30,60,30,30,8
Ghost (Grave of Scorpius),Air,50,0,0,0,0,0,0,0,5370,3,Crush,0,20,23,20,23,1,1,4
Ghost (Lassar Undercity),Air,50,0,0,0,0,0,0,0,12254,10,Crush,0,25,100,90,150,1,1,4
Ghost (Melzar's Maze)#1,Air,50,-5,5,5,5,5,5,5,3975,2,Crush,0,25,13,13,18,1,1,4
Ghost (Melzar's Maze)#2,Air,50,-5,5,5,5,5,5,5,3976,2,Crush,0,25,13,13,18,1,1,4
Ghost (Melzar's Maze)#3,Air,50,-5,5,5,5,5,5,5,3977,2,Crush,0,25,13,13,18,1,1,4
Ghost (Melzar's Maze)#4,Air,50,-5,5,5,5,5,5,5,3978,2,Crush,0,25,13,13,18,1,1,4
Ghost (Melzar's Maze)#5,Air,50,-5,5,5,5,5,5,5,3979,2,Crush,0,25,13,13,18,1,1,4
Ghost#Level 19,Air,50,-5,5,5,5,5,5,5,"85,86,87,88,89,90,91,92,93,95,97,99,472,473,474,505,506,507,7263,7264",2,Crush,0,25,13,13,18,1,1,4
Ghost#Level 76,Air,50,-5,5,45,45,45,45,45,"2531,2532,2533,2534",7,Crush,0,75,63,63,68,1,1,4
Ghost#Level 77,Air,50,55,5,55,55,55,55,55,"2527,2528,2529,2530",7,Crush,0,80,63,63,68,1,1,4
Ghoul,,,0,0,0,0,0,0,0,289,5,Crush,0,50,30,40,30,1,1,4
Ghoul Champion,,,0,0,0,0,0,0,0,3330,9,"Crush,Ranged",0,100,60,80,60,1,60,4
Giant ant#Soldier,,,7,12,24,20,0,0,0,15437,4,Stab,0,30,23,26,24,1,1,4
Giant ant#Worker,,,5,12,24,20,0,0,0,15436,3,Stab,0,20,16,18,22,1,1,4
Giant bat (Brine Rat Cavern),Air,10,10,12,10,10,8,8,8,4504,3,Crush,0,32,22,22,22,1,1,4
Giant bat#Arceuus,Air,10,10,12,10,10,8,8,8,6824,3,Stab,0,32,22,22,22,1,1,4
Giant bat#Normal,Air,10,10,12,10,10,8,8,8,2834,3,Stab,0,32,22,22,22,1,1,4
Giant Champion,,,0,0,0,0,0,0,0,3329,5,Crush,0,70,36,44,52,1,1,4
Giant crypt rat,,,0,0,0,0,0,0,0,"1680,1681,1682",6,Stab,0,70,80,50,65,1,1,4
Giant crypt spider,Fire,40,17,10,20,20,20,20,20,1684,8,Stab,0,80,65,67,65,1,1,4
Giant frog#Level 13,Earth,25,0,0,0,0,0,0,0,8700,2,Crush,0,23,10,8,6,1,1,4
Giant frog#Level 99,Earth,25,0,0,0,0,0,0,0,477,9,Crush,0,100,100,80,65,1,1,4
Giant goblin#Annihilation,,,-15,-15,-15,-15,-15,-15,-15,12452,27,Crush,0,3500,150,150,200,1,1,5
Giant goblin#Apocalypse,,,-15,-15,-15,-15,-15,-15,-15,12452,27,Crush,0,750,150,150,250,1,1,4
Giant goblin#Armageddon,,,-15,-15,-15,-15,-15,-15,-15,12452,27,Crush,0,1000,150,150,200,1,1,4
Giant goblin#Permanent,,,-15,-15,-15,-15,-15,-15,-15,12452,27,Crush,0,1000,150,150,200,1,1,5
Giant lobster,Earth,25,99,15,30,30,50,70,70,"4799,4800",4,Stab,0,50,40,30,40,1,1,4
Giant lobster (Ghosts Ahoy),,,0,5,5,15,5,5,5,2994,4,Stab,0,32,18,26,40,1,1,4
Giant lobster (The Red Reef),,,10,30,20,50,60,60,60,15034,10,Stab,0,100,80,90,60,20,1,5
Giant Mole,Earth,50,80,100,60,80,60,60,60,5779,21,Crush,0,200,200,200,200,200,1,4
Giant Mole (PvM Arena),Water,50,80,100,60,80,60,60,60,6499,21,Crush,0,200,200,200,200,200,1,4
Giant mosquito,Fire,40,2,5,2,2,0,0,0,"1041,15440",1,Crush,0,3,5,1,45,1,1,12
Giant rat (Scurrius),,,0,0,0,0,0,0,0,7223,4,Slash,0,15,100,25,10,1,1,4
Giant rat (Tutorial Island)#2020,,,0,-100,-100,-100,-100,-100,-100,9483,2,Stab,0,3,1,1,1,1,1,4
"Giant rat (Tutorial Island)#Unused, 1",,,0,-100,-100,-100,-100,-100,-100,3314,2,Stab,0,3,1,1,1,1,1,4
"Giant rat (Tutorial Island)#Unused, 2",,,0,-100,-100,-100,-100,-100,-100,3315,2,Stab,0,3,1,1,1,1,1,4
Giant rat (Tutorial Island)#Used,,,0,-100,-100,-100,-100,-100,-100,3313,2,Stab,0,3,1,1,1,1,1,4
Giant rat#Level 26,,,0,0,0,0,0,0,0,"2510,2511,2512",3,Stab,0,25,22,23,22,1,1,4
Giant rat#Level 3,,,0,0,0,0,0,0,0,"2856,2857,2858,2859,2860,2861",1,Stab,0,5,2,3,2,1,1,4
Giant rat#Level 6,,,0,0,0,0,0,0,0,"2862,2863,2864",1,Stab,0,10,6,5,2,1,1,4
Giant Roc,Air,35,150,0,0,0,0,0,0,763,"14 (Melee),20 (Ranged)","Crush,Ranged",0,250,130,130,100,1,130,6
Giant Roc (Nightmare Zone)#Hard Mode,Air,35,150,0,0,0,0,0,0,6323,"27 (Melee),20 (Ranged)","Crush,Ranged",0,255,260,260,100,1,260,6
Giant Roc (Nightmare Zone)#Normal Mode,Air,35,150,0,0,0,0,0,0,6384,"14 (Melee),20 (Ranged)","Crush,Ranged",0,250,130,130,100,1,130,6
Giant Rock Crab#1,Earth,20,-10,175,225,200,250,80,250,2261,9,Crush,0,180,50,80,200,1,1,4
Giant Rock Crab#2,Earth,20,10,175,225,200,250,80,250,5940,9,Crush,0,180,50,80,200,1,1,4
Giant rockslug,Earth,20,0,0,0,0,0,0,0,7392,9,Crush,2,77,72,77,77,1,1,4
Giant Scarab,Fire,50,159,99,70,99,103,149,149,"797,798",20,"Stab,Ranged",0,130,169,190,169,1,190,4
Giant Scarab (Nightmare Zone)#Hard Mode,Fire,50,159,99,70,99,103,149,149,1127,35,"Stab,Ranged",0,255,305,342,169,1,342,4
Giant Scarab (Nightmare Zone)#Normal Mode,Fire,50,159,99,70,99,103,149,149,6343,20,"Stab,Ranged",0,130,169,190,169,1,190,4
Giant Sea Snake,Earth,20,0,0,0,0,0,0,0,1101,14,"Crush,Ranged",0,100,170,90,160,1,130,4
Giant skeleton (Shadow Dungeon)#1,Earth,40,0,0,0,0,0,0,0,680,8,Crush,0,70,70,70,70,1,1,4
Giant skeleton (Shadow Dungeon)#2,Earth,40,0,0,0,0,0,0,0,681,8,Crush,0,70,70,70,70,1,1,4
Giant skeleton (Tarn's Lair),Earth,40,0,0,50,40,40,40,40,6440,11,Crush,0,110,84,80,80,1,1,4
Giant snail#Level 109,Earth,45,0,0,0,0,0,0,0,5629,13,Ranged,0,150,30,30,75,30,110,4
Giant snail#Level 139,Earth,45,0,0,0,0,0,0,0,5630,17,Ranged,0,160,30,30,86,30,160,4
Giant snail#Level 80,Earth,45,0,0,0,0,0,0,0,5628,8,Ranged,0,125,30,30,60,30,70,4
Giant spider#Level 2,Fire,50,-10,-10,-10,-10,-10,-10,-10,3017,1,Stab,0,5,1,1,1,1,1,4
Giant spider#Level 27,Fire,50,0,0,0,0,0,0,0,3018,3,Stab,0,32,20,24,21,1,1,4
Giant spider#Level 50,Fire,50,10,10,10,10,10,10,10,2477,7,Stab,0,50,41,51,31,1,1,4
Giant wasp#1,,,5,12,24,20,0,0,0,15438,3,Stab,0,30,20,22,28,1,1,4
Giant wasp#2,,,5,12,24,20,0,0,0,15439,3,Stab,0,30,20,22,28,1,1,4
Glacies,,,150,25,100,100,50,50,50,11286,29,Magic,-2,500,1,1,200,200,1,5
Glod,Earth,50,125,130,105,110,80,100,100,5129,25,Crush,0,160,115,120,110,1,1,4
Glod (Nightmare Zone)#Hard Mode,Earth,50,125,130,105,110,80,100,100,6297,25,Crush,0,255,230,240,110,1,1,4
Glod (Nightmare Zone)#Normal Mode,Earth,50,125,130,105,110,80,100,100,6358,13,Crush,0,160,115,120,110,1,1,4
Glough,,,0,0,0,0,0,0,0,"7101,7102,7103",61,"Crush,Ranged,Magic",0,575,260,270,248,250,262,6
Glowing crystal#Challenge Mode,,,0,180,-5,180,0,0,0,7568,0,None,0,120,1,1,100,150,1,4
Glowing crystal#Normal,,,0,180,-5,180,0,0,0,7568,0,None,0,120,1,1,100,100,1,4
Gnome Archer,,,-30,-30,-30,-30,-30,-30,-30,6097,2,Ranged,0,10,1,1,1,1,6,6
Gnome child#Blue,,,-42,-42,-42,-42,-42,-42,-42,6078,0,Crush,0,2,1,1,1,1,1,4
Gnome child#Green,,,-42,-42,-42,-42,-42,-42,-42,6079,0,Crush,0,2,1,1,1,1,1,4
Gnome child#Normal,,,-42,-42,-42,-42,-42,-42,-42,6077,0,Crush,0,2,1,1,1,1,1,4
Gnome Driver,,,-30,-30,-30,-30,-30,-30,-30,6098,1,Crush,0,10,3,5,3,1,1,6
Gnome guard#Halberd,,,0,0,0,0,0,0,0,6081,3,Slash,0,31,17,17,17,1,1,6
Gnome guard#Sword,,,0,7,8,9,8,8,8,6082,3,Slash,0,31,18,18,18,1,1,4
Gnome Mage,,,-30,-30,-30,-30,-30,-30,-30,6099,1,Magic,0,10,3,1,1,1,5,6
Gnome troop#Level 1,,,2,5,3,4,4,4,4,"4973,4974",1,Ranged,0,3,1,1,1,1,1,4
Gnome troop#Level 3,,,2,5,3,4,4,4,4,"5966,5967",1,Ranged,0,3,1,1,1,1,5,4
Gnome woman#1,,,-42,-42,-42,-42,-42,-42,-42,6086,1,Crush,0,2,1,1,1,1,1,4
Gnome woman#2,,,-42,-42,-42,-42,-42,-42,-42,6087,1,Crush,0,2,1,1,1,1,1,4
"Gnome#Level 1, 1",,,-42,-42,-42,-42,-42,-42,-42,5969,1,"Crush,Ranged",0,3,1,1,1,1,1,4
"Gnome#Level 1, 2",,,-42,-42,-42,-42,-42,-42,-42,6094,1,"Crush,Ranged",0,3,1,1,1,1,1,4
"Gnome#Level 1, 3",,,-42,-42,-42,-42,-42,-42,-42,6095,1,"Crush,Ranged",0,3,1,1,1,1,1,4
"Gnome#Level 1, 4",,,-42,-42,-42,-42,-42,-42,-42,6096,1,"Crush,Ranged",0,3,1,1,1,1,1,4
"Gnome#Level 3, 1",,,-42,-42,-42,-42,-42,-42,-42,5968,1,"Crush,Ranged",0,3,1,1,1,1,5,4
"Gnome#Level 3, 2",,,-42,-42,-42,-42,-42,-42,-42,5970,1,"Crush,Ranged",0,3,1,1,1,1,5,4
Goat#Brown,,,0,0,10,10,10,10,10,"1792,1793",4,Crush,0,21,20,20,20,1,1,4
Goat#Tan,,,0,0,10,10,10,10,10,"1795,1796",4,Crush,0,21,20,20,20,1,1,4
Goblin (Goblin Village)#Green,,,0,0,0,0,0,0,0,"662,663,664,665,666,667,668",1,Crush,0,12,3,1,4,1,1,6
Goblin (Goblin Village)#Red,,,0,0,0,0,0,0,0,"655,656,657,658,659,660,661",1,Crush,0,12,3,1,4,1,1,6
Goblin (God Wars Dungeon)#Level 12,,,0,0,0,0,0,0,0,2246,2,Crush,0,15,12,6,13,1,1,5
Goblin (God Wars Dungeon)#Level 12 (banner),,,0,0,0,0,0,0,0,2247,2,Crush,0,3,15,6,19,1,1,5
Goblin (God Wars Dungeon)#Level 13,,,0,0,0,0,0,0,0,2249,2,Crush,0,13,11,6,20,1,1,5
Goblin (God Wars Dungeon)#Level 15,,,0,0,0,0,0,0,0,2248,2,Crush,0,16,16,6,19,1,1,5
Goblin (God Wars Dungeon)#Level 17,,,0,0,0,0,0,0,0,2245,3,Crush,0,18,14,16,14,1,1,5
Goblin (historical)#Green (original),,,,,,,,,,677,,,0,,,,,,,
Goblin (historical)#Green (updated),,,,,,,,,,3048,,,0,,,,,,,
Goblin (historical)#Red (original),,,,,,,,,,678,,,0,,,,,,,
Goblin (historical)#Red (updated),,,,,,,,,,3047,,,0,,,,,,,
Goblin (Realm of Memories),,,-15,-15,-15,-15,-15,-15,-15,-1,,,0,5,1,1,1,1,1,4
Goblin (Vault of War)#Level 11,,,0,0,0,0,0,0,0,2486,1,Stab,0,7,10,3,7,1,1,6
Goblin (Vault of War)#Level 13,,,4,8,4,6,4,4,4,2485,2,Crush,0,16,12,13,7,1,1,4
Goblin (Vault of War)#Level 16,,,0,0,0,0,0,0,0,"2487,2489",3,Stab,0,22,13,11,14,1,1,6
Goblin (Vault of War)#Level 25,,,14,18,14,16,14,14,14,2488,3,Crush,0,26,22,23,17,1,1,4
Goblin (Vault of War)#Level 5,,,0,0,0,0,0,0,0,2484,1,Stab,0,5,7,2,4,1,1,6
Goblin Champion,,,0,0,0,0,0,0,0,3353,4,Magic,0,32,1,1,14,26,1,4
Goblin guard,,,0,6,4,6,0,0,0,5369,5,Stab,0,43,32,37,37,1,1,4
Goblin lieutenant#Blue (Level 50),,,,,,,,,,-1,,,0,,,,,,,
Goblin lieutenant#Blue (Level 75),,,,,,,,,,-1,,,0,,,,,,,
Goblin lieutenant#Red (Level 50),,,,,,,,,,-1,,,0,,,,,,,
Goblin lieutenant#Red (Level 75),,,,,,,,,,-1,,,0,,,,,,,
Goblin raider#Level 30,,,,,,,,,,-1,,Melee,0,,,,,,,
Goblin raider#Level 4,,,,,,,,,,-1,,Melee,0,,,,,,,
Goblin raider#Level 50,,,,,,,,,,-1,,Melee,0,,,,,,,
Goblin#Level 13,,,4,8,4,6,4,4,4,3046,2,Crush,0,16,12,13,7,1,1,4
Goblin#Level 2,,,-15,-15,-15,-15,-15,-15,-15,"3028,3029,3030,3031,3032,3033,3034,3035,3036,3037,3038,3039,3040,3041,3042,3043,3044,3051,3052,3053,3054,5195,5196,5197,5198,5199,5200,5201,5202,5203",1,Crush,0,5,1,1,1,1,1,4
Goblin#Level 2 (armed),,,-15,-15,-15,-15,-15,-15,-15,"5192,5193,5204,5205,5206,5207,5208",1,Crush,0,5,3,1,4,1,1,4
Goblin#Level 5,,,0,0,0,0,0,0,0,"3045,3073,3074,3075,3076",1,Stab,0,12,3,1,4,1,1,6
Golem (unused NPC),,,,,,,,,,2836,,,0,70,35,60,30,1,1,
Golem (Zalcano),,,0,0,0,0,0,0,0,9051,0,None,0,14,1,1,1,1,1,-1
Golem guard,,,40,20,180,200,0,0,0,14125,18,Crush,0,150,170,170,100,170,0,4
Gorad,,,0,21,15,27,0,0,0,4367,7,Crush,0,80,54,54,54,1,1,4
Gorak#GWD,,,0,0,0,0,0,0,0,3141,14,Crush (100% prayer penetration),-2,128,133,126,135,1,1,4
Gorak#Level 145,,,0,0,0,0,0,0,0,1834,14,Crush (100% prayer penetration),-2,112,130,130,131,1,1,4
Gourmet impling,,,10,-10,-10,-10,-10,-10,-10,"1637,1647",N/A,N/A,0,10,0,0,0,1,1,0
Grave scorpion,Fire,40,0,3,0,3,0,0,0,5372,2,Crush,0,7,11,12,14,1,1,4
Great Olm#Head (Challenge Mode),Earth,50,200,200,200,200,50,50,50,7554,38 (phases 1 and 2) <br/> 39 <br/> 41 (phase 4),"Magic,Ranged",0,800,375,375,225,375,375,4
Great Olm#Head (Normal),Earth,50,200,200,200,200,50,50,50,7551,27 <br/> 28 <br/> 29 (phase 4),"Magic,Ranged",0,800,250,250,150,250,250,4
Great Olm#Left claw (Challenge Mode),Earth,50,200,50,50,50,200,200,200,7555,0,None,0,600,375,375,262,262,375,-1
Great Olm#Left claw (Normal),Earth,50,200,50,50,50,200,200,200,7552,0,None,0,600,250,250,175,175,250,-1
Great Olm#Right claw (Challenge Mode),Earth,50,50,200,200,200,200,200,200,7553,0,None,0,600,375,375,262,130,375,-1
Great Olm#Right claw (Normal),Earth,50,50,200,200,200,200,200,200,7550,0,None,0,600,250,250,175,87,250,-1
Great white shark,,,15,0,0,0,20,40,100,15200,15,Slash,0,243,155,145,70,0,1,4
Greater abyssal demon,,,0,50,50,50,50,50,50,7410,27,Stab,0,400,300,260,240,1,1,4
Greater abyssal demon (Deadman)#Annihilation,,,0,50,50,50,50,50,50,12451,27,Stab,0,2000,300,260,150,1,1,4
Greater abyssal demon (Deadman)#Apocalypse,,,0,50,50,50,50,50,50,12451,27,Stab,0,750,300,260,240,1,1,4
Greater abyssal demon (Deadman)#Armageddon,,,0,50,50,50,50,50,50,12451,27,Stab,0,750,300,260,150,1,1,4
Greater abyssal demon (Deadman)#Permanent,,,0,50,50,50,50,50,50,12451,27,Stab,0,750,300,260,150,1,1,4
Greater demon (Realm of Memories),,,-10,0,0,0,0,0,0,-1,,,0,87,76,78,81,1,1,
Greater demon (The Scar),Water,40,-10,0,0,0,0,0,0,12387,9,Slash,0,87,76,78,81,1,1,4
Greater demon#Level 100,Water,40,-10,0,0,0,0,0,0,7245,8,Slash,0,115,90,70,80,1,1,4
Greater demon#Level 101,Water,40,-10,0,0,0,0,0,0,7244,10,Slash,0,120,90,90,50,1,1,4
Greater demon#Level 104 (Wilderness Slayer Cave),Water,40,-10,0,0,0,0,0,0,"7871,7872,7873",10,Slash,0,120,76,90,81,1,1,4
Greater demon#Level 113,Water,40,-10,0,0,0,0,0,0,7246,10,Slash,0,130,120,90,50,1,1,4
Greater demon#Level 92,Water,40,-10,0,0,0,0,0,0,"2025,2026,2027,2028,2029,2030,2031,2032",9,Slash,0,87,76,78,81,1,1,4
Greater Nechryael#Regular,,,0,50,50,50,50,50,50,7278,21,Crush,0,205,197,197,85,1,1,4
Greater Nechryael#Wilderness Slayer Cave,,,0,50,50,50,50,50,50,11240,21,Crush,0,205,197,197,85,1,1,4
Greater Skeleton Hellhound (Calvar'ion),Earth,40,156,15,95,101,184,184,184,12108,18,Crush,0,30,150,170,110,1,1,4
Greater Skeleton Hellhound (Vet'ion),Earth,40,210,20,150,163,275,275,275,6614,32,Crush,0,30,228,295,180,1,1,4
Green dragon#Level 79,Water,50,30,40,0,40,50,10,50,"260,261,262,263,264,8073,8076,8082","8 (Slash),50 (Dragonfire)","Slash,Dragonfire",0,75,68,68,68,68,1,4
Green dragon#Level 88,Water,50,30,40,0,40,50,10,50,"7868,7869,7870","8 (Slash),50 (Dragonfire)","Slash,Dragonfire",0,100,68,75,68,75,1,4
Green Guard,,,,,,,,,,-1,3,Melee,0,22,,,,,,4
Grey golem,,,300,300,300,1,300,300,300,4744,4,Crush,0,80,80,30,80,1,1,4
Grimy Lizard,,,50,50,35,15,35,35,35,"13029,14430",3,Crush,-2,75,65,25,10,25,1,4
Grip,,,0,22,16,27,0,0,0,4919,3,Slash,0,25,18,17,18,1,1,4
Grizzly bear (Escape Caves),Fire,20,0,0,0,0,0,0,0,11989,8,Typeless Slash,0,75,72,72,72,1,1,4
Grizzly bear cub#Level 33,Fire,20,0,0,0,0,0,0,0,3424,4,Slash,0,35,30,26,25,1,1,4
Grizzly bear cub#Level 36,Fire,20,0,0,0,0,0,0,0,3425,4,Slash,0,35,32,32,28,1,1,4
Grizzly bear#Level 21,Fire,20,0,0,0,0,0,0,0,2838,3,Slash,0,27,17,18,15,1,1,4
Grizzly bear#Level 42,Fire,20,0,0,0,0,0,0,0,3423,5,Slash,0,35,40,36,35,1,1,4
Growler,,,18,14,12,14,5,5,5,2207,16,Magic,0,146,100,101,120,150,1,5
Growthling,,,0,0,0,0,0,0,0,8194,5,Slash,0,10,40,38,40,1,1,4
Gryphon,air,50,100,40,10,20,60,60,60,"14857,14858","8,20+ (special)",Crush,0,110,65,75,50,50,0,5
Gryphon (Troubled Tortugans),air,50,100,40,10,20,60,60,60,15009,8 (standard attacks),Crush,0,110,65,75,50,50,0,5
Guard (Aldarin)#1,,,-4,19,18,25,20,20,20,13986,3,Stab,0,22,19,18,14,1,1,4
Guard (Aldarin)#10,,,-4,19,18,25,20,20,20,13995,3,Stab,0,22,19,18,14,1,1,4
Guard (Aldarin)#2,,,-4,19,18,25,20,20,20,13987,3,Stab,0,22,19,18,14,1,1,4
Guard (Aldarin)#3,,,-4,19,18,25,20,20,20,13988,3,Stab,0,22,19,18,14,1,1,4
Guard (Aldarin)#4,,,-4,19,18,25,20,20,20,13989,3,Stab,0,22,19,18,14,1,1,4
Guard (Aldarin)#5,,,-4,19,18,25,20,20,20,13990,3,Stab,0,22,19,18,14,1,1,4
Guard (Aldarin)#6,,,-4,19,18,25,20,20,20,13991,3,Stab,0,22,19,18,14,1,1,4
Guard (Aldarin)#7,,,-4,19,18,25,20,20,20,13992,3,Stab,0,22,19,18,14,1,1,4
Guard (Aldarin)#8,,,-4,19,18,25,20,20,20,13993,3,Stab,0,22,19,18,14,1,1,4
Guard (Aldarin)#9,,,-4,19,18,25,20,20,20,13994,3,Stab,0,22,19,18,14,1,1,4
Guard (Another Slice of H.A.M.),,,,,,,,,,5141,,,0,30,16,20,12,1,1,
Guard (Auburnvale)#1,,,-4,19,18,25,20,20,20,14663,3,Stab,0,22,19,18,14,1,1,4
Guard (Auburnvale)#2,,,-4,19,18,25,20,20,20,14664,3,Stab,0,22,19,18,14,1,1,4
Guard (Auburnvale)#3,,,-4,19,18,25,20,20,20,14665,3,Ranged,0,22,1,1,14,1,19,4
Guard (Auburnvale)#4,,,-4,19,18,25,20,20,20,14666,3,Ranged,0,22,1,1,14,1,19,4
Guard (Auburnvale)#5,,,-4,19,18,25,20,20,20,14667,3,Stab,0,22,19,18,14,1,1,4
Guard (Auburnvale)#6,,,-4,19,18,25,20,20,20,14668,3,Stab,0,22,19,18,14,1,1,4
Guard (Auburnvale)#7,,,-4,19,18,25,20,20,20,14669,3,Ranged,0,22,1,1,14,1,19,4
Guard (Auburnvale)#8,,,-4,19,18,25,20,20,20,14670,3,Ranged,0,22,1,1,14,1,19,4
Guard (Burthorpe)#Black beard,,,-4,50,36,48,38,38,38,4099,5,Crush,0,40,30,30,30,1,0,6
Guard (Burthorpe)#Grey beard,,,-4,50,36,48,38,38,38,4100,5,Crush,0,40,30,30,30,1,0,6
Guard (Cave goblin)#Bone club,,,-3,19,1,16,12,12,12,2316,3,Crush,0,26,25,18,25,1,1,6
Guard (Cave goblin)#Bone spear,,,-3,19,0,15,12,12,12,2317,3,Crush,0,26,22,16,22,1,1,6
Guard (Deadman Mode)#Catherby (ranged),,,0,7,8,9,8,8,8,6576,Varies,Ranged,0,800,800,400,300,1,1,2
Guard (Deadman Mode)#East Ardougne,,,0,7,8,9,8,8,8,6579,Varies,Slash,0,800,800,400,300,1,1,2
Guard (Deadman Mode)#East Ardougne (ranged),,,0,7,8,9,8,8,8,11200,Varies,Ranged,0,800,800,400,300,1,1,2
Guard (Deadman Mode)#Falador,,,0,7,8,9,8,8,8,6581,Varies,Slash,0,800,800,400,300,1,1,2
Guard (Deadman Mode)#Falador (ranged),,,0,7,8,9,8,8,8,11202,Varies,Ranged,0,800,800,400,300,1,1,2
Guard (Deadman Mode)#Fremennik Isles,,,0,7,8,9,8,8,8,6700,Varies,Slash,0,800,800,400,300,1,1,2
Guard (Deadman Mode)#Fremennik Isles (ranged),,,0,7,8,9,8,8,8,11207,Varies,Ranged,0,800,800,400,300,1,1,2
Guard (Deadman Mode)#Gnome Stronghold,,,0,7,8,9,8,8,8,6574,Varies,Slash,0,800,800,400,300,1,1,2
Guard (Deadman Mode)#Gnome Stronghold (ranged),,,0,7,8,9,8,8,8,11199,Varies,Ranged,0,800,800,400,300,1,1,2
Guard (Deadman Mode)#Kourend Castle,,,0,7,8,9,8,8,8,3361,Varies,Slash,0,800,800,400,300,1,1,2
Guard (Deadman Mode)#Kourend Castle (ranged),,,0,7,8,9,8,8,8,11210,Varies,Ranged,0,800,800,400,300,1,1,2
Guard (Deadman Mode)#Lumbridge,,,0,7,8,9,8,8,8,6583,Varies,Slash,0,800,800,400,300,1,1,2
Guard (Deadman Mode)#Lumbridge (ranged),,,0,7,8,9,8,8,8,11204,Varies,Ranged,0,800,800,400,300,1,1,2
Guard (Deadman Mode)#Port Phasmatys,,,0,7,8,9,8,8,8,6698,Varies,Slash,0,800,800,400,300,1,1,2
Guard (Deadman Mode)#Port Phasmatys (ranged),,,0,7,8,9,8,8,8,11205,Varies,Ranged,0,800,800,400,300,1,1,2
Guard (Deadman Mode)#Prifddinas,,,0,7,8,9,8,8,8,6595,Varies,Slash,0,800,800,400,300,1,1,2
Guard (Deadman Mode)#Prifddinas (ranged),,,0,7,8,9,8,8,8,11211,Varies,Ranged,0,800,800,400,300,1,1,2
Guard (Deadman Mode)#Rellekka,,,0,7,8,9,8,8,8,6702,Varies,Slash,0,800,800,400,300,1,1,2
Guard (Deadman Mode)#Rellekka (ranged),,,0,7,8,9,8,8,8,11209,Varies,Ranged,0,800,800,400,300,1,1,2
Guard (Deadman Mode)#Ruins of Unkah,,,0,7,8,9,8,8,8,15566,Varies,Slash,0,800,800,400,300,1,1,2
Guard (Deadman Mode)#Seers' Village (ranged),,,0,7,8,9,8,8,8,6575,Varies,Ranged,0,800,800,400,300,1,1,2
Guard (Deadman Mode)#Sophanem,,,0,7,8,9,8,8,8,6699,Varies,Slash,0,800,800,400,300,1,1,2
Guard (Deadman Mode)#Sophanem (ranged),,,0,7,8,9,8,8,8,11206,Varies,Ranged,0,800,800,400,300,1,1,2
Guard (Deadman Mode)#Varrock,,,0,7,8,9,8,8,8,6582,Varies,Slash,0,800,800,400,300,1,1,2
Guard (Deadman Mode)#Varrock (ranged),,,0,7,8,9,8,8,8,11203,Varies,Ranged,0,800,800,400,300,1,1,2
Guard (Deadman Mode)#Void Knights' Outpost,,,0,7,8,9,8,8,8,6701,Varies,Slash,0,800,800,400,300,1,1,2
Guard (Deadman Mode)#Void Knights' Outpost (ranged),,,0,7,8,9,8,8,8,11208,Varies,Ranged,0,800,800,400,300,1,1,2
Guard (Deadman Mode)#Warriors' Guild,,,0,7,8,9,8,8,8,12460,Varies,Slash,0,800,800,400,300,1,1,2
Guard (Deadman Mode)#Warriors' Guild (ranged),,,0,7,8,9,8,8,8,12461,Varies,Ranged,0,800,800,400,300,1,1,2
Guard (Deadman Mode)#Wintertodt,,,0,7,8,9,8,8,8,15568,Varies,Slash,0,800,800,400,300,1,1,2
Guard (Deadman Mode)#Yanille,,,0,7,8,9,8,8,8,6580,Varies,Slash,0,800,800,400,300,1,1,2
Guard (Deadman Mode)#Yanille (ranged),,,0,7,8,9,8,8,8,11201,Varies,Ranged,0,800,800,400,300,1,1,2
Guard (Death to the Dorgeshuun),,,0,0,7,7,7,7,7,995,3,Crush,0,30,16,20,12,1,1,4
Guard (Desert Mining Camp)#Bald,,,-3,19,17,15,19,19,19,4665,5,Crush,0,60,32,32,39,0,0,4
Guard (Desert Mining Camp)#Bronze helm,,,-3,19,17,15,19,19,19,"4661,4663,4667",5,Crush,0,60,32,32,39,0,0,4
Guard (Desert Mining Camp)#Brown hair,,,-3,19,17,15,19,19,19,"4660,4666,4669",5,Crush,0,60,32,32,39,0,0,4
Guard (Desert Mining Camp)#Coif,,,-3,19,17,15,19,19,19,4664,5,Crush,0,60,32,32,39,0,0,4
Guard (Desert Mining Camp)#Iron helm,,,-3,19,17,15,19,19,19,"4662,4668",5,Crush,0,60,32,32,39,0,0,4
Guard (Doric's hut),,,-4,5,5,5,5,5,5,3283,3,Crush,0,22,15,15,18,1,1,6
Guard (dwarf)#1,,,2,4,3,4,3,3,3,"5185,5186,5188,5189",2,Stab,0,16,8,6,9,1,1,4
Guard (dwarf)#2,,,2,4,3,4,3,3,3,5187,2,Stab,0,16,8,6,9,1,1,4
Guard (H.A.M. Storerooms),,,0,0,7,7,7,7,7,"4522,4523,4524,4525,4526",3,Crush,0,30,16,20,12,1,1,5
Guard (Hosidius)#Bow,,,-4,5,5,5,5,5,5,"397,398",4,Ranged,0,22,15,15,16,1,26,6
Guard (Hosidius)#Staff,,,-4,5,5,5,5,5,5,"399,400",4,Crush,0,22,15,15,16,1,1,6
Guard (Port Roberts)#1,,,-4,19,18,25,,,,14887,,,0,22,19,,14,,,4
Guard (Port Roberts)#2,,,-4,19,18,25,,,,14888,,,0,22,19,,14,,,4
Guard (Port Roberts)#3,,,-4,19,18,25,,,,14889,,,0,22,19,,14,,,4
Guard (Port Roberts)#4,,,-4,19,18,25,,,,14890,,,0,22,19,,14,,,4
Guard (Port Sarim jail)#1,,,-4,19,18,25,20,20,20,1546,3,Crush,0,22,19,18,14,1,1,4
Guard (Port Sarim jail)#2,,,-4,19,18,25,20,20,20,1547,3,Crush,0,22,19,18,14,1,1,4
Guard (Port Sarim jail)#3,,,-4,19,18,25,20,20,20,1548,3,Crush,0,22,19,18,14,1,1,4
Guard (Port Sarim jail)#4,,,-4,19,18,25,20,20,20,1549,3,Crush,0,22,19,18,14,1,1,4
Guard (Port Sarim jail)#5,,,-4,19,18,25,20,20,20,1550,3,Crush,0,22,19,18,14,1,1,4
Guard (Prifddinas)#1,,,60,70,50,70,50,50,50,9182,10,Stab,0,105,95,95,80,1,0,4
Guard (Prifddinas)#2,,,60,70,50,70,50,50,50,9183,10,Stab,0,105,95,95,80,1,0,4
Guard (Prifddinas)#3,,,60,70,50,70,50,50,50,9184,10,Stab,0,105,95,95,80,1,0,4
Guard (Prifddinas)#4,,,60,70,50,70,50,50,50,9185,10,Stab,0,105,95,95,80,1,0,4
Guard (Prifddinas)#5,,,60,70,50,70,50,50,50,"9186,9189",10,Stab,0,105,95,95,80,1,0,4
Guard (Prifddinas)#6,,,60,70,50,70,50,50,50,9187,10,Stab,0,105,95,95,80,1,0,4
Guard (Prifddinas)#7,,,60,70,50,70,50,50,50,9188,10,Stab,0,105,95,95,80,1,0,4
Guard (Ranging Guild),,,10,27,18,23,19,19,19,6056,4,Ranged,0,50,20,20,20,1,40,6
Guard (Shayzien),,,4,19,24,14,16,16,16,"11092,11094,11096,11098,11100,11102,11104,11106",3,Crush,0,22,19,18,14,1,1,4
Guard (Tlati Rainforest)#1,,,-4,19,18,25,20,20,20,14716,3,Stab,0,22,19,18,14,1,1,4
Guard (Tlati Rainforest)#2,,,-4,19,18,25,20,20,20,14717,3,Stab,0,22,19,18,14,1,1,4
Guard (Tlati Rainforest)#3,,,-4,19,18,25,20,20,20,14718,3,Ranged,0,22,1,1,14,1,19,4
Guard (Tlati Rainforest)#4,,,-4,19,18,25,20,20,20,14719,3,Ranged,0,22,1,1,14,1,19,4
Guard (Tlati Rainforest)#5,,,-4,19,18,25,20,20,20,14720,3,Stab,0,22,19,18,14,1,1,4
Guard (Tlati Rainforest)#6,,,-4,19,18,25,20,20,20,14721,3,Stab,0,22,19,18,14,1,1,4
Guard (Tlati Rainforest)#7,,,-4,19,18,25,20,20,20,14722,3,Ranged,0,22,1,1,14,1,19,4
Guard (Tlati Rainforest)#8,,,-4,19,18,25,20,20,20,14723,3,Ranged,0,22,1,1,14,1,19,4
Guard (unused),,,,,,,,,,-1,,Ranged,0,,,,,,,
Guard (Varlamore)#1,,,-4,19,18,25,20,20,20,13100,3,Stab,0,22,19,18,14,1,1,4
Guard (Varlamore)#10,,,-4,19,18,25,20,20,20,13109,3,Stab,0,22,19,18,14,1,1,4
Guard (Varlamore)#2,,,-4,19,18,25,20,20,20,13101,3,Stab,0,22,19,18,14,1,1,4
Guard (Varlamore)#3,,,-4,19,18,25,20,20,20,13102,3,Stab,0,22,19,18,14,1,1,4
Guard (Varlamore)#4,,,-4,19,18,25,20,20,20,13103,3,Stab,0,22,19,18,14,1,1,4
Guard (Varlamore)#5,,,-4,19,18,25,20,20,20,13104,3,Stab,0,22,19,18,14,1,1,4
Guard (Varlamore)#6,,,-4,19,18,25,20,20,20,13105,3,Stab,0,22,19,18,14,1,1,4
Guard (Varlamore)#7,,,-4,19,18,25,20,20,20,13106,3,Stab,0,22,19,18,14,1,1,4
Guard (Varlamore)#8,,,-4,19,18,25,20,20,20,13107,3,Stab,0,22,19,18,14,1,1,4
Guard (Varlamore)#9,,,-4,19,18,25,20,20,20,13108,3,Stab,0,22,19,18,14,1,1,4
Guard Bandit,,,1,5,4,8,4,4,4,1027,3,Stab,0,27,17,17,17,1,1,4
Guard dog (Construction),,,0,0,0,0,0,0,0,131,5,Crush,0,49,35,36,37,1,1,4
Guard dog#Hosidius,,,0,0,0,0,0,0,0,7209,5,Crush,0,49,35,36,37,1,1,4
Guard dog#Normal,,,0,0,0,0,0,0,0,114,5,Crush,0,49,35,36,37,1,1,4
Guard#Ardougne 1,,,4,19,24,14,16,16,16,5418,3,Crush,0,22,17,18,13,1,1,5
Guard#Ardougne 2,,,4,19,24,14,16,16,16,11937,3,Crush,0,22,17,18,13,1,1,5
Guard#Ardougne 3,,,4,19,24,14,16,16,16,11938,3,Crush,0,22,17,18,13,1,1,5
Guard#Ardougne 4,,,4,19,24,14,16,16,16,11939,3,Crush,0,22,17,18,13,1,1,5
Guard#Edgeville 1,,,-4,19,18,25,20,20,20,3254,3,Stab,0,22,19,18,14,1,1,4
Guard#Edgeville 2,,,-4,19,18,25,20,20,20,11922,3,Stab,0,22,19,18,14,1,1,4
Guard#Edgeville 3,,,-4,19,18,25,20,20,20,11923,3,Stab,0,22,19,18,14,1,1,4
Guard#Edgeville 4,,,-4,19,18,25,20,20,20,11924,3,Stab,0,22,19,18,14,1,1,4
Guard#Falador (battleaxe),,,-4,5,5,5,5,5,5,3271,3,Crush,0,22,15,15,16,1,1,6
"Guard#Falador (crossbow, 1)",,,-4,14,13,17,15,15,15,3270,4,Ranged,0,22,15,15,16,1,26,6
"Guard#Falador (crossbow, 2)",,,-4,14,13,17,15,15,15,11945,4,Ranged,0,22,15,15,16,1,26,6
"Guard#Falador (longbow, 1)",,,-4,5,5,5,5,5,5,-1,4,Ranged,0,22,15,15,16,1,26,6
"Guard#Falador (longbow, 2)",,,-4,5,5,5,5,5,5,3273,4,Ranged,0,22,15,15,16,1,26,6
"Guard#Falador (longbow, 3)",,,-4,5,5,5,5,5,5,3274,4,Ranged,0,22,15,15,16,1,26,6
"Guard#Falador (sword, 1)",,,-4,19,18,25,20,20,20,3269,3,Stab,0,22,19,18,14,1,1,4
"Guard#Falador (sword, 2)",,,-4,19,18,25,20,20,20,11942,3,Stab,0,22,19,18,14,1,1,4
"Guard#Falador (sword, 3)",,,-4,19,18,25,20,20,20,11943,3,Stab,0,22,19,18,14,1,1,4
"Guard#Falador (sword, 4)",,,-4,19,18,25,20,20,20,11944,3,Stab,0,22,19,18,14,1,1,4
Guard#Falador (unarmed),,,-4,5,5,5,5,5,5,11946,3,Crush,0,22,15,15,16,1,1,6
Guard#Varrock 1,,,-9,25,24,30,25,25,25,-1,3,Crush,0,22,19,18,14,1,1,4
Guard#Varrock 2,,,-9,25,24,30,25,25,25,11912,3,Crush,0,22,19,18,14,1,1,4
Guard#Varrock 3,,,-9,25,24,30,25,25,25,11913,3,Crush,0,22,19,18,14,1,1,4
Guard#Varrock 4,,,-9,25,24,30,25,25,25,11914,3,Crush,0,22,19,18,14,1,1,4
Guard#Varrock 5,,,-9,25,24,30,25,25,25,11915,3,Crush,0,22,19,18,14,1,1,4
Guard#Varrock 6,,,-9,25,24,30,25,25,25,11916,3,Crush,0,22,19,18,14,1,1,4
Guard#Varrock 7,,,-9,25,24,30,25,25,25,-1,3,Crush,0,22,19,18,14,1,1,4
Guardian (Chambers of Xeric)#Challenge Mode,,,0,-10,80,180,0,0,0,"7570,7572",33,Slash,0,375,210,210,150,1,1,4
Guardian (Chambers of Xeric)#Normal,,,0,-10,80,180,0,0,0,"7569,7571",20,Slash,0,250,140,140,100,1,1,4
Guardian Drake,Water,50,20,100,20,100,150,0,150,10400,"35 (melee),39+ (spec)","Ranged melee,Ranged",3,590,270,280,200,300,240,4
Guardian of Armadyl#Female,,,-12,50,43,55,51,51,51,3446,6,Slash,0,40,37,37,37,1,1,5
Guardian of Armadyl#Male,,,-12,50,43,55,51,51,51,3445,6,Slash,0,50,37,37,37,1,1,5
Gunthor the brave,,,-1,10,12,14,11,11,11,299,4,Slash,0,35,22,22,25,1,1,6
Guthan the Infested,Air,50,-11,241,259,257,250,250,250,1674,24,Crush,0,100,100,100,100,1,1,5
H.A.M. Archer,,,0,0,5,5,5,5,5,5157,4,Ranged,0,35,0,0,30,1,30,10
H.A.M. Guard#Level 12,,,0,0,5,5,5,5,5,2536,2,Crush,0,15,8,12,8,1,1,7
H.A.M. Guard#Level 18,,,0,0,6,6,6,6,6,2537,3,Crush,0,20,14,18,12,1,1,6
H.A.M. Guard#Level 22,,,0,0,7,7,7,7,7,2538,3,Crush,0,30,16,20,12,1,1,5
H.A.M. Mage,,,0,0,5,5,5,5,5,5158,4,Magic,0,35,0,0,30,30,1,10
Halla (Miscellania),,,0,0,0,0,0,0,0,3678,1,Crush,0,1,1,1,1,1,1,4
Hammerhead shark,,,0,0,0,0,20,40,100,15196,7,Slash,0,125,80,65,50,1,0,4
Harpie Bug Swarm,Fire,50,5,10,10,5,10,10,10,464,6,Crush,0,25,54,46,32,1,1,4
Haze#Ghost,Air,50,-5,5,5,5,5,5,5,3625,3,Crush,0,30,23,23,28,1,1,4
Head (Temple Trekking)#Submerged,,,0,0,0,0,0,0,0,5645,20,Crush,0,150,73,186,75,50,50,10
Head (Temple Trekking)#Visible,,,0,0,0,0,0,0,0,5644,20,Crush,0,150,73,186,75,50,50,10
Head Guard,,,-12,18,16,16,27,27,27,"11093,11095,11097,11099,11101,11103,11105,11107",10,Crush,0,86,75,73,61,1,1,4
Head Menaphite Guard,,,0,30,10,30,50,50,50,11529,16,Stab,0,180,180,150,150,150,1,4
Head Thief,,,4,15,8,14,9,9,9,4248,3,Slash,0,37,24,18,16,0,2,5
Headless Beast,,,6,18,18,18,52,52,52,10506,"10 (Melee),16 (Special attack)",Slash,0,100,60,86,42,42,1,4
Headless Beast (Nightmare Zone)#Hard Mode,,,6,18,18,18,52,0,52,10492,"25 (Melee),16 (Special attack)",Slash,0,320,200,240,42,42,1,4
Headless Beast (Nightmare Zone)#Normal Mode,,,6,18,18,18,52,0,52,10493,"10 (Melee),16 (Special attack)",Slash,0,100,60,86,42,42,1,4
Healing totem,,,,,,,,,,12825,,,0,1,,,,,,
Hellhound (Construction),Water,50,0,0,0,0,0,0,0,135,11,Crush,0,116,105,104,102,1,1,4
Hellhound#Level 122,Water,50,0,0,0,0,0,0,0,"104,105,7256",11,Stab,0,116,105,104,102,1,1,4
Hellhound#Level 127,,,0,0,0,0,0,0,0,3133,13,Stab,0,116,107,116,106,1,1,4
Hellhound#Level 136,Water,50,0,0,0,0,0,0,0,7877,13,Stab,0,150,105,120,102,1,1,4
Hengel,,,-21,-21,-21,-21,-21,-21,-21,3284,1,Crush,0,7,1,1,1,1,1,4
Hermit crab#Active,,,0,-50,0,0,0,0,0,14852,1,Crush,0,75,1,1,1,1,1,4
Hermit crab#Hidden,,,0,-50,0,0,0,0,0,"14853,14854,14855,14856",1,Crush,0,75,1,1,1,1,1,4
Hero#1,,,-10,76,87,84,79,79,79,3295,9,Slash,0,82,54,55,54,1,1,5
Hero#2,,,-10,76,87,84,79,79,79,11934,9,Slash,0,82,54,55,54,1,1,5
Hero#3,,,-10,76,87,84,79,79,79,11935,9,Slash,0,82,54,55,54,1,1,5
Hespori,Fire,100,80,60,60,20,80,80,80,8583,"8x2 (Ranged),14 (Magic),40+ (special)","Ranged,Magic",0,300,1,1,120,126,150,6
Hespori (A Night at the Theatre),,,80,60,60,20,80,80,80,11192,"8 (x2) (Ranged),14 (Magic),40+ (special)","Ranged,Magic",0,360,1,1,120,126,150,6
Hespori (Echo),Fire,100,80,60,60,20,80,80,80,-1,52 (Magic),"Range,Magic",0,900,1,1,120,250,200,6
Highwayman#Hood,,,0,2,0,3,2,2,2,519,1,Stab,0,13,2,2,4,1,1,4
Highwayman#No hood,,,0,2,0,3,2,2,2,518,1,Stab,0,13,2,2,2,1,1,4
Hill Giant,Earth,25,0,0,0,0,0,0,0,7261,4,Crush,0,35,18,22,26,1,1,6
Hill Giant (Realm of Memories),,,0,0,0,0,0,0,0,-1,,,0,35,18,22,26,1,1,6
Hill Giant#1,Earth,25,0,0,0,0,0,0,0,"2098,13502",4,Crush,0,35,18,22,26,1,1,6
Hill Giant#2,Earth,25,0,0,0,0,0,0,0,"2099,13503",4,Crush,0,35,18,22,26,1,1,6
Hill Giant#3,Earth,25,0,0,0,0,0,0,0,"2100,13504",4,Crush,0,35,18,22,26,1,1,6
Hill Giant#4,Earth,25,0,0,0,0,0,0,0,2101,4,Crush,0,35,18,22,26,1,1,6
Hill Giant#5,Earth,25,0,0,0,0,0,0,0,2102,4,Crush,0,35,18,22,26,1,1,6
Hill Giant#6,Earth,25,0,0,0,0,0,0,0,2103,4,Crush,0,35,18,22,26,1,1,6
Hill Giant#Brassard,Earth,25,0,0,0,0,0,0,0,10374,4,Crush,0,35,18,22,26,1,1,6
Hill Giant#Clothed,Earth,25,0,0,0,0,0,0,0,12849,4,Crush,0,35,18,22,26,1,1,6
Hill Giant#Hammer,Earth,25,0,0,0,0,0,0,0,10375,4,Crush,0,35,18,22,26,1,1,6
Hill Giant#Helmetless,Earth,25,0,0,0,0,0,0,0,12850,4,Crush,0,35,18,22,26,1,1,6
Hill Giant#Scimitar and singlet,Earth,25,0,0,0,0,0,0,0,10376,4,Crush,0,35,18,22,26,1,1,6
Hill Giant#Shirtless,Earth,25,0,0,0,0,0,0,0,12848,4,Crush,0,35,18,22,26,1,1,6
Hobgoblin (The Slug Menace),,,0,0,0,0,0,0,0,4805,3,Crush,0,29,22,24,24,1,1,4
Hobgoblin Champion,,,0,0,0,0,0,0,0,3354,6,Ranged,0,58,44,48,48,1,44,4
Hobgoblin guard,,,0,0,1,1,0,0,0,132,6,Crush,0,62,45,43,43,1,1,6
Hobgoblin#Hobgoblin,,,0,0,0,0,0,0,0,3049,3,Crush,0,29,22,24,24,1,1,4
Hobgoblin#Hobgoblin (armed),,,0,0,1,1,0,0,0,3050,5,Stab,0,49,33,31,36,1,1,6
Hobgoblin#Hobgoblin (brown),,,0,0,0,0,0,0,0,3286,3,Crush,0,29,22,24,24,1,1,4
"Hobgoblin#Hobgoblin (brown, armed)",,,0,0,0,0,0,0,0,3289,3,Crush,0,29,22,24,24,1,1,4
Hobgoblin#Hobgoblin (grey),,,0,0,0,0,0,0,0,3287,3,Crush,0,29,22,24,24,1,1,4
Hobgoblin#Hobgoblin (GWD),,,0,0,0,0,0,0,0,2241,5,Crush,0,52,39,39,35,1,1,4
Hobgoblin#Hobgoblin (khaki),,,0,0,0,0,0,0,0,3288,3,Crush,0,29,22,24,24,1,1,4
Holthion,,,-10,0,0,0,0,0,0,8996,9,Slash,0,87,76,78,77,1,1,4
Hoop Snake,,,0,0,0,0,0,0,0,7802,2,Crush,0,25,15,10,20,1,1,4
Hopeless creature#Level 40,Fire,40,0,0,0,0,0,0,0,"1072,1073,1074","5 (Melee),? (Ranged)","Stab,Ranged",0,25,38,36,39,1,1,4
Hopeless creature#Level 71,Fire,40,0,0,0,0,0,0,0,4695,7,Slash,0,71,59,62,59,1,1,4
Huge spider,,,0,0,0,0,0,0,0,134,8,Crush,0,90,59,70,69,1,1,4
Husk (Phosani's Nightmare)#Magic,,,80,20,20,20,80,80,80,9466,26,Magic,0,20,1,1,20,80,0,4
Husk (Phosani's Nightmare)#Ranged,,,80,20,20,20,80,80,80,9467,26,Ranged,0,20,1,1,20,0,80,4
Husk#Magic,,,80,20,20,20,80,80,80,9454,14,Magic,0,20,1,1,20,80,80,4
Husk#Ranged,,,80,20,20,20,80,80,80,9455,14,Ranged,0,20,1,1,20,80,80,4
Hydra,Earth,40,160,160,160,160,0,0,0,8609,22,"Magic,Ranged",0,300,1,1,100,210,210,6
Hygd,,,-12,-12,-12,-12,-12,-12,-12,4110,1,Crush,0,10,3,2,3,1,1,4
I DSCIM YOU#Annihilation,Fire,50,50,25,25,25,10,10,10,15553,21,Slash,0,1500,150,200,25,100,25,3
I DSCIM YOU#Permanent,Fire,50,50,25,25,25,10,10,10,15553,21,Slash,0,750,150,200,25,100,25,3
Ice demon#Challenge Mode,Fire,150,40,110,70,70,140,140,140,7585,Varies,"Ranged,Magic",0,210,1,1,240,585,585,3
Ice demon#Normal,Fire,150,40,110,70,70,140,140,140,7584,Varies,"Ranged,Magic",0,140,1,1,160,390,390,3
Ice elemental (Royal Titans),Fire,100,0,0,0,0,0,0,0,14151,4 (Melee),Stab,0,40,30,30,30,30,30,4
Ice giant#1,Fire,100,0,2,0,3,0,0,0,2085,7,Slash,0,70,40,40,40,1,1,5
Ice giant#2,Fire,100,0,2,0,3,0,0,0,2086,7,Slash,0,70,40,40,40,1,1,5
Ice giant#3,Fire,100,0,2,0,3,0,0,0,2087,7,Slash,0,70,40,40,40,1,1,5
Ice giant#Asgarnia Ice Dungeon 1,Fire,100,0,2,0,3,0,0,0,2088,7,Slash,0,70,40,40,40,1,1,5
Ice giant#Asgarnia Ice Dungeon 2,Fire,100,0,2,0,3,0,0,0,2089,7,Slash,0,70,40,40,40,1,1,5
Ice giant#Varlamore 1,Fire,100,0,2,0,3,0,0,0,13796,7,Slash,0,70,40,40,40,1,1,5
Ice giant#Varlamore 2,Fire,100,0,2,0,3,0,0,0,13797,7,Slash,0,70,40,40,40,1,1,5
Ice giant#Wilderness Slayer Cave 1,Fire,100,0,2,0,3,0,0,0,7878,10,Slash,0,100,40,60,40,1,1,5
Ice giant#Wilderness Slayer Cave 2,Fire,100,0,2,0,3,0,0,0,7879,10,Slash,0,100,40,60,40,1,1,5
Ice giant#Wilderness Slayer Cave 3,Fire,100,0,2,0,3,0,0,0,7880,10,Slash,0,100,40,60,40,1,1,5
Ice Queen,Fire,100,10,20,30,40,30,30,30,4922,10,Crush,0,104,95,94,95,1,1,4
Ice spider#Normal,Fire,100,13,12,20,17,13,13,13,3022,6,Crush,0,65,50,55,43,1,1,4
Ice spider#Ruins of Tapoyauik,Fire,100,13,12,20,17,13,13,13,13798,6,Crush,0,65,50,55,43,1,1,4
Ice spider#Settlement Ruins,Fire,100,13,12,20,17,13,13,13,10722,6,Crush,0,65,50,55,43,1,1,4
Ice troll female#Variant 1,Fire,100,0,30,30,60,0,0,0,5830,6,Ranged,0,80,80,80,40,1,1,4
Ice troll female#Variant 2,Fire,50,0,30,30,60,0,0,0,1876,6,Ranged,0,80,80,80,40,1,1,4
Ice troll grunt,Fire,35,0,30,30,60,0,0,0,"1877,5831",21,Crush,0,80,100,100,60,1,1,4
Ice Troll King,Fire,35,2000,45,45,45,2000,2000,2000,5822,"21 (melee),16 (special),11 (Magic),7 (Ranged)","Crush,Magic,Ranged",0,150,100,100,80,1,1,4
Ice Troll King (Nightmare Zone)#Hard Mode,Fire,35,2000,45,45,45,2000,2000,2000,6294,40,Crush,0,255,200,200,80,1,1,4
Ice Troll King (Nightmare Zone)#Normal Mode,Fire,35,2000,45,45,45,2000,2000,2000,6356,"21 (Melee),16 (Special),11 (Magic),7 (Ranged)",Crush,0,150,100,100,80,1,1,4
Ice troll male#Variant 1,Fire,100,0,30,30,60,0,0,0,5829,17,Crush,0,80,80,80,40,1,1,4
Ice troll male#Variant 2,Fire,50,0,30,30,60,0,0,0,1875,17,Crush,0,80,80,80,40,1,1,4
Ice troll runt#Variant 1,Fire,100,0,30,30,60,0,0,0,5828,15,Crush,0,60,60,70,70,1,1,4
Ice troll runt#Variant 2,Fire,50,0,30,30,60,0,0,0,1874,17,Crush,0,60,60,70,70,1,1,4
Ice troll#Level 120,Fire,100,0,30,30,60,0,0,0,"650,652,653,701,703,704",21,Crush,0,100,100,100,120,1,1,4
Ice troll#Level 121,Fire,100,0,30,30,60,0,0,0,"651,654,702,705",23,Crush,0,90,110,110,110,1,1,4
Ice troll#Level 123,Fire,100,0,30,30,60,0,0,0,"649,700",25,Crush,0,80,120,120,100,1,1,4
Ice troll#Level 124,Fire,100,0,30,30,60,0,0,0,"648,699",25,Crush,0,80,140,120,80,1,1,4
Ice warrior#Asgarnia Ice Dungeon,Fire,100,10,20,30,40,30,30,30,2842,6,Slash,0,59,47,47,47,1,1,4
Ice warrior#Ice Queen's Lair,Fire,100,10,20,30,40,30,30,30,2851,6,Slash,0,59,47,47,47,1,1,4
Ice warrior#Normal,Fire,100,10,20,30,40,30,30,30,2841,6,Slash,0,59,47,47,47,1,1,4
Ice warrior#Varlamore,Fire,100,10,20,30,40,30,30,30,13802,6,Slash,0,59,47,47,47,1,1,4
Ice wolf#Level 132,Fire,20,0,0,0,0,0,0,0,"647,710,711,712,713,714,715",16,Stab,0,70,150,150,70,1,1,4
Ice wolf#Level 96,Fire,20,0,0,0,0,0,0,0,"645,646",10,Stab,0,70,100,90,70,1,1,4
Icefiend#Level 13,Fire,100,0,0,0,0,0,0,0,4813,2,Magical melee,0,15,10,10,12,1,1,4
Icefiend#Level 18,Fire,100,0,0,0,0,0,0,0,3140,3,Magical melee,0,20,12,16,19,1,1,4
"Icelord#Melee, 1",Fire,30,0,0,0,0,0,0,0,855,5,Crush,0,60,40,40,40,1,1,4
"Icelord#Melee, 2",Fire,30,0,0,0,0,0,0,0,854,5,Crush,0,60,40,40,40,1,1,4
"Icelord#Melee, 3",Fire,30,0,0,0,0,0,0,0,853,5,Crush,0,60,40,40,40,1,1,4
Icelord#Ranged,Fire,30,0,0,0,0,0,0,0,852,1,Ranged,0,60,40,40,40,1,1,4
Imp (unused),,,,,,,,,,-1,,,0,,,,,,,
Imp Champion,,,0,0,0,0,0,0,0,3355,1,"Melee,Ranged",0,40,5,5,5,1,5,4
Imp#GWD,Water,10,-42,-42,-42,-42,-42,-42,-42,3134,1,Stab,0,10,5,5,6,1,1,4
Imp#Normal,Water,10,-42,-42,-42,-42,-42,-42,-42,5007,0,Stab,0,8,1,1,1,1,1,4
Impaler deer,,,0,0,0,0,0,0,0,15759,12,Stab,0,50,200,110,30,10,1,4
Imre,,,-21,-21,-21,-21,-21,-21,-21,2614,2,Crush,0,60,10,10,10,1,1,4
Infernal Mage,,,40,0,0,0,0,0,0,"443,444,445,446,447",8,Magic,0,60,1,1,60,75,1,4
Infernal pyrelord,,,0,18,18,18,18,18,18,9465,10,Magical melee,0,184,124,96,68,1,1,4
Insatiable Bloodveld,,,0,0,0,0,0,0,0,7397,15,Magical melee,0,290,190,145,85,1,1,4
Insatiable mutated Bloodveld,,,0,0,0,0,0,0,0,7398,20,Magical melee,0,410,250,190,130,1,1,4
Invrigar the Necromancer,,,3,0,0,0,0,0,0,511,3,"Magic,Crush",0,24,17,17,14,18,1,4
Iorwerth Archer#Female,,,60,50,50,50,70,70,70,8760,11,Ranged,0,105,10,10,80,1,90,4
Iorwerth Archer#Male,,,60,50,50,50,70,70,70,3428,11,Ranged,0,105,10,10,80,1,90,4
Iorwerth Warrior#Iorwerth Camp,,,60,70,50,70,50,50,50,"3429,8759",10,Stab,0,105,95,95,80,1,0,4
Iorwerth Warrior#Iorwerth Dungeon,,,60,70,50,70,50,50,50,"9502,9503",10,Stab,0,105,95,95,80,1,0,4
Irina,,,-21,-21,-21,-21,-21,-21,-21,2622,2,Crush,0,60,10,10,10,1,1,4
Iron dragon#Catacombs of Kourend,Earth,50,30,70,0,70,90,10,90,7254,"19 (Melee),50 (Dragonfire)","Slash,Dragonfire",0,195,185,185,185,120,1,4
Iron dragon#Standard,Earth,50,30,70,0,70,90,10,90,"272,273,8080","17 (Melee),50 (Dragonfire)","Slash,Dragonfire",0,165,165,165,165,100,1,4
Irvig Senay,Air,15,-1,29,27,31,29,29,29,3965,12,Slash,0,125,76,74,81,0,0,4
Ithoi the Navigator#Attackable,,,0,0,0,0,0,0,0,7964,6,Magic,0,55,1,1,30,30,1,5
Jackal,Fire,10,0,0,0,0,0,0,0,"4185,11583",3,Stab,0,27,17,18,15,1,1,4
Jaguar,Fire,10,0,0,0,0,0,0,0,12976,6,Slash,0,80,55,50,55,1,1,4
Jaguar cub,Fire,10,0,0,0,0,0,0,0,12977,3,Slash,0,40,25,22,25,1,1,4
Jaguar warrior,,,15,30,30,30,45,45,45,12810,47 (x3),Slash,0,125,200,330,125,100,160,5
Jaguar warrior (Deadman)#Annihilation,,,100,50,50,50,50,50,50,13660,21 (x4),Slash,0,3000,200,165,100,100,160,6
Jaguar warrior (Deadman)#Armageddon,,,100,50,50,50,50,50,50,13660,21 (x4),Slash,0,1500,200,165,100,100,160,6
Jaguar warrior (Deadman)#Permanent,,,100,50,50,50,50,50,50,13660,21 (x4),Slash,0,1000,200,165,100,100,160,6
Jail guard#1,,,4,10,8,9,9,9,9,4276,3,Crush,0,32,19,23,21,1,1,5
Jail guard#2,,,4,10,8,9,9,9,9,4277,3,Crush,0,32,19,23,21,1,1,5
Jail guard#3,,,4,10,8,9,9,9,9,4278,3,Crush,0,32,19,23,21,1,1,5
Jail guard#4,,,4,10,8,9,9,9,9,4279,3,Crush,0,32,19,23,21,1,1,5
Jailer,,,0,47,79,63,0,0,0,300,5,Crush,0,47,40,40,40,1,1,4
Jake,,,0,0,0,0,0,0,0,3863,4,Crush,0,50,27,31,25,1,1,4
Jal-Ak,Water,40,25,25,25,25,25,25,25,7693,29,"Ranged,Magic,Crush",0,40,160,160,95,160,160,6
Jal-AkRek-Ket,Water,40,0,25,25,25,0,0,0,7696,18,Crush,0,15,120,120,95,1,1,4
Jal-AkRek-Mej,Water,40,25,0,0,0,0,0,0,7694,18,Magic,0,15,1,1,95,120,1,4
Jal-AkRek-Xil,Water,40,0,0,0,0,25,25,25,7695,18,Ranged,0,15,1,1,95,1,120,4
Jal-ImKot,Water,40,30,65,65,65,50,50,50,7697,49,Slash,0,75,210,290,120,120,220,4
Jal-ImKot (Deadman)#Annihilation,Water,30,30,65,65,65,50,50,50,12455,49,Slash,0,3000,210,290,120,120,220,5
Jal-ImKot (Deadman)#Apocalypse,,,30,65,65,65,50,50,50,12455,49,Slash,0,750,210,290,120,120,220,4
Jal-ImKot (Deadman)#Armageddon,Water,30,30,65,65,65,50,50,50,12455,49,Slash,0,1000,210,290,120,120,220,4
Jal-ImKot (Deadman)#Permanent,Water,30,30,65,65,65,50,50,50,12455,49,Slash,0,500,210,290,120,120,220,5
Jal-MejJak,Water,40,0,0,0,0,0,0,0,7708,10,Area of effect,0,75,1,1,100,1,1,3
Jal-MejRah,Water,40,-20,30,30,30,45,45,45,7692,19,Ranged,0,25,0,0,55,120,120,3
Jal-Nib,Water,40,-20,-20,-20,-20,-20,-20,-20,7691,4,Crush,0,10,1,1,15,15,1,4
Jal-Xil,Water,40,0,0,0,0,0,0,0,"7698,7702","46 (Ranged),19 (Melee)","Ranged,Crush",0,125,140,180,60,90,250,4
Jal-Zek,Water,40,0,0,0,0,0,0,0,"7699,7703","70 (Magic),52 (Melee)","Magic,Stab",0,220,370,510,260,300,510,4
JalTok-Jad,Water,40,0,0,0,0,0,0,0,"7700,7704,10623",113,"Ranged,Magic,Stab",0,350,750,1020,480,510,1020,8
Javelin Colossus,,,20,15,15,15,30,30,30,12817,"48,49 (Relentless I),51 (Relentless II),54 (Relentless III)",Ranged,0,220,200,300,190,225,360,5
Jeff,,,-10,-10,-10,-10,-10,-10,-10,3282,1,Crush,0,7,1,1,1,1,1,4
Jelly#Dark,Earth,35,0,0,0,0,0,0,0,441,5,Magical melee,0,75,45,45,120,45,1,4
Jelly#Dark (w),Earth,35,0,0,0,0,0,0,0,11245,5,Magical melee,0,75,45,45,120,45,1,4
Jelly#Green,Earth,35,0,0,0,0,0,0,0,442,5,Magical melee,0,75,45,45,120,45,1,4
Jelly#Grey,Earth,35,0,0,0,0,0,0,0,438,5,Magical melee,0,75,45,45,120,45,1,4
Jelly#Grey (w),Earth,35,0,0,0,0,0,0,0,11242,5,Magical melee,0,75,45,45,120,45,1,4
Jelly#Olive,Earth,35,0,0,0,0,0,0,0,440,5,Magical melee,0,75,45,45,120,45,1,4
Jelly#Olive (w),Earth,35,0,0,0,0,0,0,0,11244,5,Magical melee,0,75,45,45,120,45,1,4
Jelly#Regular,Earth,35,0,0,0,0,0,0,0,437,5,Magical melee,0,75,45,45,120,45,1,4
Jelly#Regular (w),Earth,35,0,0,0,0,0,0,0,11241,5,Magical melee,0,75,45,45,120,45,1,4
Jelly#Tan,Earth,35,0,0,0,0,0,0,0,439,5,Magical melee,0,75,45,45,120,45,1,4
Jelly#Tan (w),Earth,35,0,0,0,0,0,0,0,11243,5,Magical melee,0,75,45,45,120,45,1,4
Jennella,,,0,0,0,0,0,0,0,3944,6,Crush,0,50,40,40,40,1,1,4
Jhallan,,,300,200,200,200,150,150,150,"12353,12354",26,Magic,0,1500,250,250,250,250,0,4
Jhallan,,,300,200,200,200,150,150,150,"12353,12354",26,Magic,0,1,250,250,83,83,0,4
Jogre Champion,,,0,0,0,0,0,0,0,3356,10,Stab,0,120,86,86,86,1,1,4
Jogre#GWD,Earth,25,0,0,0,0,0,0,0,2234,8,Crush,0,70,46,48,43,1,1,6
Jogre#Normal,Earth,25,0,0,0,0,0,0,0,2094,7,Crush,0,60,43,43,43,1,1,6
Jonny the Beard,,,0,0,0,0,0,0,0,"5213,14138,14139",1,Crush,0,8,1,1,1,1,1,4
Joseph,,,-21,-21,-21,-21,-21,-21,-21,2616,2,Crush,0,60,10,10,10,1,1,4
Jubbly bird,,,0,0,0,0,0,0,0,4863,0 (Does not attack),None,0,20,5,5,6,1,1,-1
Jubster,,,0,0,0,0,0,0,0,3604,9,Crush,0,60,82,78,81,1,1,4
Judge of Yama,water,15,0,0,0,0,0,0,0,14180,"18 (aoe),29 (fire surge)",Magic,0,400,200,200,150,250,200,5
Judge of Yama (A Kingdom Divided),,,600,40,40,40,600,600,600,"10936,10938",12,"Magic (Fire Waves),Melee",0,260,186,112,84,84,0,4
Jungle Demon,Fire,25,50,0,0,50,0,0,0,1443,32,"Slash,Magic",0,170,170,170,170,170,1,6
Jungle Demon (Nightmare Zone)#Hard Mode,Fire,25,50,0,0,50,0,0,0,6321,62,Slash,0,255,340,340,170,340,1,6
Jungle Demon (Nightmare Zone)#Normal Mode,Fire,25,50,0,0,50,0,0,0,6382,32,"Slash,Magic",0,170,170,170,170,170,1,6
Jungle horror#Guard,Fire,25,0,0,0,0,0,0,0,1046,8,Stab,0,45,70,70,55,1,1,4
Jungle horror#Warrior,Fire,25,0,0,0,0,0,0,0,1044,8,Stab,0,45,70,70,55,1,1,4
Jungle horror#Worker,Fire,25,0,0,0,0,0,0,0,1042,8,Stab,0,45,70,70,55,1,1,4
Jungle horror#Young warrior,Fire,25,0,0,0,0,0,0,0,1045,8,Stab,0,45,70,70,55,1,1,4
Jungle horror#Young worker,Fire,25,0,0,0,0,0,0,0,1043,8,Stab,0,45,70,70,55,1,1,4
Jungle spider,Fire,40,17,10,20,20,20,20,20,"3020,6267,6271",6,Stab,-2,50,35,37,35,1,1,4
Jungle spider (Ape Atoll),Fire,40,0,0,0,0,0,0,0,5243,10,Stab,-2,35,50,30,10,10,1,4
Jungle Wolf,Fire,15,0,0,0,0,0,0,0,232,6,Stab,0,69,50,55,52,1,1,4
Justiciar Zachariah,,,-60,200,200,200,200,200,200,"5977,7858","43 (melee),26 (magic)","Magic,Slash",0,320,500,250,100,180,1,6
Justiciar Zachariah (Deadman)#Annihilation,,,-60,200,200,200,200,200,200,12449,"43 (Melee),26 (Magic)","Slash,Magic",0,2000,500,250,100,180,1,6
Justiciar Zachariah (Deadman)#Apocalypse,,,-60,200,200,200,200,200,200,12449,"43 (Melee),26 (Magic)","Slash,Magic",0,320,500,250,100,180,1,6
Justiciar Zachariah (Deadman)#Armageddon,,,-60,200,200,200,200,200,200,12449,"43 (Melee),26 (Magic)","Slash,Magic",0,500,500,250,100,180,1,6
Justiciar Zachariah (Deadman)#Permanent,,,-60,200,200,200,200,200,200,12449,"43 (Melee),26 (Magic)","Slash,Magic",0,500,500,250,100,180,1,6
Juvenile custodian stalker,Fire,30,35,50,30,-10,5,30,-10,14702,6,"Crush,Bleed",0,135,95,55,45,25,1,4
K'ril Tsutsaroth,Water,30,80,80,70,80,80,80,80,3129,"30 (magic),46 (melee),49 (special attack)","Slash,Magic",0,255,340,300,270,200,1,6
K'ril Tsutsaroth (Deadman)#Annihilation,Water,30,130,80,80,80,80,80,80,12446,46 (Melee),Slash,0,1500,340,300,270,200,1,6
K'ril Tsutsaroth (Deadman)#Apocalypse,,,130,80,80,80,80,80,80,12446,46 (Melee),Slash,0,1000,340,300,270,200,1,6
K'ril Tsutsaroth (Deadman)#Armageddon,Water,30,130,80,80,80,80,80,80,12446,46 (Melee),Slash,0,1000,340,300,270,200,1,6
K'ril Tsutsaroth (Deadman)#Permanent,Water,30,130,80,80,80,80,80,80,12446,46 (Melee),Slash,0,750,340,300,270,200,1,6
K'ril Tsutsaroth (PvM Arena),,,130,80,80,80,80,80,80,6495,"30 (magic),46 (melee),49 (special attack)","Slash,Magic",0,255,340,300,270,200,1,6
Kalphite Guardian,Fire,40,50,5,25,25,30,50,50,960,12,Crush,0,170,110,110,110,1,1,4
Kalphite Guardian#Lower level,Fire,40,50,5,25,25,30,50,50,962,12,Crush,0,170,110,110,110,1,1,4
Kalphite Guardian#Upper level,Fire,40,50,5,25,25,30,50,50,959,12,Crush,0,170,110,110,110,1,1,4
Kalphite Queen (Echo)#Airborne,,,10,50,50,50,10,10,10,15617,"38 (melee) 35 (ranged),49 (magic)","Magic,Ranged",0,561,375,375,300,165,1,4
Kalphite Queen (Echo)#Crawling,,,65,10,50,50,65,65,65,15616,"38 (melee) 35 (ranged),49 (magic)",All,0,561,375,375,300,165,1,4
Kalphite Queen (PvM Arena)#Airborne,,,10,100,100,100,10,10,10,6501,31,"Stab,Ranged,Magic",0,255,300,300,300,150,1,4
Kalphite Queen (PvM Arena)#Crawling,,,100,10,50,50,100,100,100,6500,31,"Stab,Ranged,Magic",0,255,300,300,300,150,1,4
Kalphite Queen (Realm of Memories)#Airborne,,,10,100,100,100,10,10,10,-1,,,0,255,300,300,300,150,1,
Kalphite Queen (Realm of Memories)#Crawling,,,100,10,50,50,100,100,100,-1,,,0,255,300,300,300,1,1,
Kalphite Queen#Airborne,Fire,40,10,100,100,100,10,10,10,"965,4304",31,"Stab,Ranged,Magic",0,255,300,300,300,150,1,4
Kalphite Queen#Crawling,Fire,40,100,10,50,50,100,100,100,"963,4303",31,"Stab,Ranged,Magic",0,255,300,300,300,150,1,4
Kalphite soldier (Construction),,,50,5,25,25,50,50,50,138,8,Crush,0,90,70,70,70,1,1,4
Kalphite Soldier#Kalphite Cave (task only),Fire,40,50,5,25,25,30,50,50,958,8,Crush,0,90,70,70,70,1,1,4
Kalphite Soldier#Kalphite Lair,Fire,40,50,5,25,25,30,50,50,957,8,Crush,0,90,70,70,70,1,1,4
Kalphite Worker,Fire,40,10,1,5,5,10,10,10,"955,956,961",3,Crush,0,40,20,20,20,1,1,4
Kalrag,,,13,12,20,17,13,13,13,8993,9,Stab,0,78,78,78,78,1,1,4
Kamil,fire,10,0,35,35,60,0,0,0,3458,"23 (Melee),5x2 (Magic)","Melee,Magic",0,130,190,80,135,1,1,4
Kamil (Nightmare Zone)#Hard Mode,Fire,10,0,35,35,60,0,0,0,1129,"43 (Melee),5x2 (Magic)","Crush,Magic",0,255,380,160,135,1,1,4
Kamil (Nightmare Zone)#Normal Mode,Fire,10,0,35,35,60,0,0,0,6345,"23 (Melee),5x2 (Magic)","Crush,Magic",0,130,190,80,135,1,1,4
Karamel,Fire,40,150,150,150,150,150,150,150,4882,"7x2 (Magic),20 (Ranged)","Magic,Ranged",0,250,1,1,100,1,100,3
Karamel (Nightmare Zone)#Hard Mode,Fire,40,150,150,150,150,150,150,150,6310,"7x2 (Magic),57 (Ranged)","Magic,Ranged",0,255,1,1,100,1,200,3
Karamel (Nightmare Zone)#Normal Mode,Fire,40,150,150,150,150,150,150,150,6371,"7x2 (Magic),20 (Ranged)","Magic,Ranged",0,250,1,1,100,1,100,3
Karamjan tiger shark,,,0,0,0,0,40,15,40,-1,3,Slash,0,25,40,20,0,1,0,4
Karil the Tainted,Air,50,106,90,79,71,100,100,100,1675,20,Ranged,-2,100,1,1,100,1,100,4
Kasonde,,,250,30,30,30,50,50,50,"12262,12263",20,"Ranged,Melee",0,240,190,190,90,90,190,3
Kasonde the Craven,,,250,30,30,30,50,50,50,"12331,12332",22,"Ranged,Melee",0,200,200,200,120,120,200,3
Kebbit (Eagles' Peak),,,0,0,0,0,0,0,0,1494,1,Crush,0,50,1,1,1,1,1,4
Keef,,,0,50,50,50,0,0,0,"7104,7105",47,Crush,0,180,165,120,165,1,1,5
Kephri#Aggressive,Fire,35,200,100,60,300,300,300,300,11721,24,Magic,0,80,0,0,80,125,0,6
Kephri#Shielded,Fire,40,200,100,60,300,300,300,300,11719,24,Magic,0,150,0,0,80,125,0,6
Ket-Zek#Spawn point,Water,40,0,0,0,0,0,0,0,3126,"52 (Magic),55 (Melee)","Magic,Stab",0,160,320,480,240,240,480,4
Ket-Zek#Standard,Water,40,0,0,0,0,0,0,0,3125,"52 (Magic),55 (Melee)","Magic,Stab",0,160,320,480,240,240,480,4
Ketla the Unworthy#Regular,,,200,80,60,30,70,70,70,12329,18,Ranged,0,200,0,0,130,130,160,3
Ketla the Unworthy#Shadow Clone,,,200,80,60,30,70,70,70,12330,18,Ranged,0,1,0,0,130,130,160,3
Kharazi monodon,,,0,50,0,0,20,20,20,-1,7,Ranged,0,60,1,1,70,1,65,5
Khazard commander,,,0,0,0,0,0,0,0,4972,5,Stab,0,22,50,45,50,1,1,4
Khazard Guard#Khazard 1,,,0,21,35,29,0,0,0,"1211,12021,12022,12024",3,Slash,0,25,20,18,20,1,1,4
Khazard Guard#Khazard 2,,,0,21,35,29,0,0,0,1208,3,Slash,0,25,20,18,20,1,1,4
Khazard Guard#Khazard 3,,,0,21,35,29,0,0,0,"12019,12023",3,Slash,0,25,20,18,20,1,1,4
Khazard Guard#Khazard 4,,,0,21,35,29,0,0,0,12020,3,Slash,0,25,20,18,20,1,1,4
Khazard Ogre,,,0,0,0,0,0,0,0,1225,8,Crush,0,60,54,53,53,1,1,6
Khazard Scorpion,Fire,25,0,15,5,15,5,5,5,1226,5,Stab,0,40,40,39,34,1,1,4
Khazard trooper#Mace,,,-7,29,33,34,-33,-33,-33,"4969,5964",3,Crush,0,22,17,18,12,1,1,5
Khazard trooper#Spear,,,-7,22,25,25,-25,-25,-25,"4970,5965",3,Stab,0,22,17,16,13,1,1,6
Khazard warlord,,,0,0,0,0,0,0,0,"7621,7622",10,Crush,0,170,75,78,80,1,1,4
Khazard warlord (Nightmare Zone)#Hard Mode,,,0,0,0,0,0,0,0,6329,18,Crush,0,255,165,170,80,1,1,4
Khazard warlord (Nightmare Zone)#Normal Mode,,,0,0,0,0,0,0,0,6390,10,Crush,0,170,75,78,80,1,1,4
Killerwatt#Attacking,Air,60,20,10,10,10,-10,-10,-10,469,"8 (Ranged),6 (Melee),15 (Ranged; without Insulated boots)","Crush,Magical ranged",0,51,50,50,40,67,67,2
Killerwatt#Idle,Air,60,20,10,10,10,-10,-10,-10,470,"8 (Ranged),6 (Melee),15 (Ranged; without Insulated boots)","Stab,Magical ranged",0,51,50,50,40,67,67,2
King Black Dragon,Water,50,80,90,40,90,70,40,70,"239,2642","25 (Melee),65 (Dragonfire)","Stab,Dragonfire",0,240,240,240,240,240,1,4
King Black Dragon (Deadman)#Annihilation,Water,50,80,90,70,90,40,70,70,12440,"25 (Melee),65 (Dragonfire)","Stab,Dragonfire",0,500,240,240,150,240,1,4
King Black Dragon (Deadman)#Apocalypse,,,80,90,70,90,40,70,70,12440,"25 (Melee),65 (Dragonfire)","Stab,Dragonfire",0,250,240,240,240,240,1,4
King Black Dragon (Deadman)#Armageddon,Water,50,80,90,70,90,40,70,70,12440,"25 (Melee),65 (Dragonfire)","Stab,Dragonfire",0,250,240,240,150,240,1,4
King Black Dragon (Deadman)#Permanent,Water,50,80,90,70,90,40,70,70,12440,"25 (Melee),65 (Dragonfire)","Stab,Dragonfire",0,350,240,240,150,240,1,4
King Black Dragon (Echo),Water,50,80,90,60,90,70,50,70,-1,,Dragonfire,0,840,300,300,300,252,1,4
King Black Dragon (PvM Arena),,,80,90,70,90,70,70,70,6502,"25 (Melee),65 (Dragonfire)","Stab,Dragonfire",0,240,240,240,240,240,1,4
King black dragon (Realm of Memories),,,80,70,50,70,70,70,70,-1,,"Stab,Dragonfire",0,240,240,240,240,240,1,4
King kurask,,,0,50,0,50,0,0,0,7405,33,Crush,0,270,190,320,250,1,1,4
King Roald (Nightmare Zone)#Hard Mode,,,0,0,0,0,0,0,0,6328,9,Crush,0,150,140,120,30,1,1,4
King Roald (Nightmare Zone)#Normal Mode,,,0,0,0,0,0,0,0,6389,3,Crush,0,75,35,30,30,1,1,4
King Roald#In combat,,,0,0,0,0,0,0,0,4163,3,Crush,0,75,35,30,30,1,1,4
King Sand Crab#Active,Earth,15,0,0,0,0,0,0,0,7266,6,Crush,0,200,50,50,100,1,1,4
King Sand Crab#Hidden,Earth,15,0,0,0,0,0,0,0,7267,6,Crush,0,200,50,50,100,1,1,4
King Scorpion,Fire,20,0,15,5,15,5,5,5,3027,4,Stab,0,30,30,29,23,1,1,4
King Scorpion (Realm of Memories),,,0,15,5,15,9,9,9,-1,,,0,30,30,29,23,1,1,4
Knight of Ardougne (Song of the Elves)#Level 27,,,15,25,5,25,5,5,5,8851,3,Slash,0,40,16,18,14,1,1,4
Knight of Ardougne (Song of the Elves)#Level 53,,,30,40,20,40,20,20,20,8852,6,Slash,0,54,44,52,28,1,1,4
Knight of Ardougne (unused),,,,,,,,,,3300,,,0,52,38,40,31,1,1,
Knight of Ardougne#Female,,,-11,36,39,40,36,36,36,11936,"6 (regular hit),3 (pickpocket failure)",Slash,0,52,38,40,31,1,1,5
Knight of Ardougne#Male,,,-11,36,39,40,36,36,36,3297,"6 (regular hit),3 (pickpocket failure)",Slash,0,52,38,40,31,1,1,5
"Knight of Ardougne#West, female",,,-11,36,39,40,36,36,36,11902,6,Slash,0,52,38,40,31,1,1,5
"Knight of Ardougne#West, male",,,-11,36,39,40,36,36,36,8854,6,Slash,0,52,38,40,31,1,1,5
Knight of Saradomin#Level 101,,,0,13,12,14,13,13,13,2214,12,Crush,0,108,75,90,82,60,1,6
Knight of Saradomin#Level 103,,,0,7,10,10,13,13,13,2213,11,Crush,0,135,75,85,70,60,1,6
Knight of Varlamore (Twilight's Promise),,,5,10,28,26,20,20,20,12916,8,Slash,0,100,70,70,40,20,1,5
Knight of Varlamore#1,,,-11,36,39,40,36,36,36,13114,8,Slash,0,52,38,40,31,1,1,5
Knight of Varlamore#2,,,-11,36,39,40,36,36,36,13115,8,Slash,0,52,38,40,31,1,1,5
Knight of Varlamore#3,,,-11,36,39,40,36,36,36,13116,8,Slash,0,52,38,40,31,1,1,5
Knight of Varlamore#4,,,-11,36,39,40,36,36,36,13117,8,Slash,0,52,38,40,31,1,1,5
Knight of Varlamore#5,,,-11,36,39,40,36,36,36,13118,8,Slash,0,52,38,40,31,1,1,5
Knight of Varlamore#6,,,-11,36,39,40,36,36,36,13119,8,Slash,0,52,38,40,31,1,1,5
Kob,Earth,20,200,90,60,85,200,200,200,"7106,7107","57 (normal),27 (Protect from Melee)",Slash,0,200,180,175,80,0,0,5
Kolodion#Demon,,,0,0,0,0,0,0,0,1609,20,Magic,0,107,85,98,105,400,1,4
Kolodion#Ghost,,,,,,,,,,1608,20,Magic,0,78,28,23,58,30,1,7
Kolodion#Human,,,,,,,,,,"1605,1603,1604",20,Magic,0,3,15,10,20,15,1,7
Kolodion#Ogre,,,,,,,,,,1606,20,Magic,0,65,55,70,72,50,1,7
Kolodion#Spider,,,,,,,,,,1607,20,Magic,0,78,69,78,47,70,1,7
Koschei the deathless#The Fremennik Trials (Form 1),,,20,20,20,20,20,20,20,3897,3,Slash,0,30,20,20,20,1,1,4
Koschei the deathless#The Fremennik Trials (Form 2),,,40,40,40,40,40,40,40,3898,5,Melee,0,50,40,40,40,1,1,4
Koschei the deathless#The Fremennik Trials (Form 3),,,60,60,60,60,60,60,60,3899,7,Melee,0,70,60,60,60,1,1,4
Koschei the deathless#The Fremennik Trials (Form 4),,,0,0,0,0,0,0,0,3900,1,Melee,0,255,255,5,255,1,1,1
Kraka,Earth,20,200,40,25,25,200,200,200,928,23,Crush,0,120,50,100,50,0,0,6
Kraken#Kraken,Earth,50,130,0,0,0,300,300,300,494,28,Magic (100% prayer penetration),0,255,1,1,1,1,1,4
Kraken#Whirlpool,None,,130,0,0,0,300,300,300,496,28,Magic (100% prayer penetration),0,255,1,1,1,1,1,4
Kree'arra,Air,30,200,180,180,180,200,200,200,3162,"69 (Ranged),21 (Magic),25 (Melee)","Ranged,Ranged magic,Magical melee",0,255,300,200,260,200,380,3
Kree'arra (Deadman)#Apocalypse,,,200,180,180,180,200,200,200,12443,21,Magic,0,350,300,200,260,200,380,6
Kree'arra (Deadman)#Armageddon,Air,30,200,180,180,180,200,200,200,12443,25,Magic,0,350,300,200,150,200,380,6
Kree'arra (PvM Arena),,,200,180,180,180,200,200,200,6492,"69 (Ranged),21 (Magic),26 (Melee)","Ranged,Ranged magic,Melee",0,255,300,200,260,200,380,3
Kroy,,,50,50,50,50,50,50,50,9560,15,"Magic,Melee",0,209,80,80,80,80,0,4
Kruk,,,250,100,100,100,100,100,100,6805,"33 (melee),37 (ranged)","Slash,Ranged",0,210,130,130,150,130,170,4
Ksenia,,,-21,-21,-21,-21,-21,-21,-21,2627,2,Crush,0,60,10,10,10,1,1,4
Kurask#Big,,,0,20,0,20,0,0,0,411,11,Crush,0,97,67,105,105,1,1,4
Kurask#Normal,,,0,20,0,20,0,0,0,410,11,Crush,0,97,67,105,105,1,1,4
Lanzig,,,0,0,0,0,0,0,0,3940,6,Crush,0,50,40,40,40,1,1,4
Large chicken,,,0,0,0,0,0,0,0,14510,2,Stab,0,30,10,10,10,1,1,4
Large mosquito,Fire,40,2,5,2,2,0,0,0,6272,1,Crush,0,3,5,1,45,1,1,4
Large reef shark,,,,,,,,,,-1,,,0,72,50,,,,,
Lava beast,Water,100,-30,50,20,140,0,0,0,7817,18,Ranged,0,,1,1,70,20,1,6
Lava dragon,Water,50,80,90,20,90,70,20,70,6593,"23 (Melee),50 (Dragonfire)","Slash,Dragonfire",0,230,240,220,220,1,1,4
Lava Strykewyrm,Water,50,40,70,30,60,120,120,120,15500,"10 (Melee),12 (Ranged)","Crush,Ranged",0,150,90,90,50,50,110,5
Leech,,,0,0,0,0,0,0,0,"3233,15441",3,Stab,0,45,80,20,35,1,1,4
Lensa,,,0,0,0,0,0,0,0,3943,6,Crush,0,50,40,40,40,1,1,4
Leon d'Cour,,,0,0,0,0,0,0,0,3360,13,Crush,0,123,123,123,123,1,1,4
Lesser demon (Melzar's Maze),Water,40,-10,0,0,0,0,0,0,3982,8,Slash,0,79,68,70,71,1,1,4
Lesser demon (Realm of Memories),,,-10,0,0,0,0,0,0,-1,,,0,79,68,70,71,1,1,4
Lesser demon (The Scar)#Level 39,Water,40,0,0,0,0,0,0,0,12376,1,Slash,0,40,1,1,30,1,1,4
Lesser demon (The Scar)#Level 82,Water,40,-10,0,0,0,0,0,0,12389,8,Slash,0,79,68,70,71,1,1,4
Lesser demon (The Scar)#Level 94 (mage),Water,40,0,0,0,0,0,0,0,12361,12,Magic,0,80,110,110,110,110,110,4
Lesser demon (The Scar)#Level 94 (melee),Water,40,0,0,0,0,0,0,0,12363,12,Magic,0,80,110,110,110,110,110,4
Lesser demon (The Scar)#Level 94 (ranged),Water,40,0,0,0,0,0,0,0,12365,12,Ranged,0,80,110,110,110,110,110,4
Lesser Demon Champion,Water,40,0,0,0,0,0,0,0,3357,"15 (melee),14 (Magic)","Slash,Magic",0,148,136,140,142,136,1,4
Lesser demon#Level 82,Water,40,-10,0,0,0,0,0,0,"2005,2006,2007,2008,2018,7656,7657,7664",8,Slash,0,79,68,70,71,1,1,4
Lesser demon#Level 87,Water,40,-10,0,0,0,0,0,0,7247,8,Slash,0,87,80,70,71,1,1,4
Lesser demon#Level 94,Water,40,-10,0,0,0,0,0,0,7248,8,Slash,0,98,80,70,85,1,1,4
Lesser demon#Level 94 (Wilderness Slayer Cave),Water,40,-10,0,0,0,0,0,0,"7865,7866,7867",9,Slash,0,110,68,85,71,1,1,4
Lev,,,-21,-21,-21,-21,-21,-21,-21,2619,2,Crush,0,60,10,10,10,1,1,4
Liliya,,,-21,-21,-21,-21,-21,-21,-21,2632,2,Crush,0,60,10,10,10,1,1,4
Lizard,,,0,15,5,15,5,5,5,458,5,Crush,0,40,38,36,35,1,1,4
Lizard man (Realm of Memories),,,0,12,8,12,12,12,12,-1,,,0,35,18,13,14,1,1,4
Lizardman brute#Battlefront,,,0,10,-20,30,0,0,-10,"8564,10947",11,"Crush,Ranged",-2,60,65,65,65,1,1,4
Lizardman brute#Standard,,,0,10,-20,30,0,0,-10,"6918,6919",11,"Crush,Ranged",-2,60,65,65,65,1,1,4
Lizardman shaman (Chambers of Xeric)#Challenge Mode,,,160,150,102,160,0,0,0,"7573,7574",65 (unconfirmed),"Melee,Ranged",0,285,195,195,315,195,195,4
Lizardman shaman (Chambers of Xeric)#Normal,,,160,150,102,160,0,0,0,"7573,7574",65 (unconfirmed),"Melee,Ranged",0,190,130,130,210,130,130,4
Lizardman shaman#Lizardman Temple,,,50,30,-20,40,0,0,-10,8565,"31 (Melee),21 (Ranged)","Crush,Ranged",0,150,120,120,140,130,120,4
Lizardman shaman#Standard,,,50,30,-20,40,0,0,-10,"6766,6767,7744,7745","31 (Melee),21 (Ranged)","Crush,Ranged",0,150,120,120,140,130,120,4
Lizardman#Level 53,,,0,0,-20,25,0,0,-10,"6914,6915",7,"Crush,Ranged",0,60,43,43,43,1,43,4
Lizardman#Level 62,,,0,5,-20,20,0,0,-10,"6916,6917,8563",9,"Crush,Ranged",0,60,53,53,52,1,1,4
Loar Shade#Shade,Air,40,0,0,0,0,0,0,0,1277,4,Crush,-3,38,45,30,26,0,0,4
Loar Shade#Shadow,Air,40,0,0,0,0,0,0,0,1276,4,Crush,-3,38,45,30,26,0,0,4
Lobstrosity,Earth,25,99,15,30,50,70,70,70,7796,9,Stab,0,50,60,80,40,1,1,4
Locust,Fire,40,0,0,0,0,0,0,0,"11584,11585",3,Crush,0,27,17,18,1,1,1,4
Locust rider#Lancer,Fire,40,0,40,90,90,0,0,0,795,15,Crush,-2,90,100,90,90,1,1,4
Locust rider#Lancer (Quest),Fire,40,0,40,90,90,0,0,0,800,15,Crush,-2,90,100,90,90,1,1,4
Locust rider#Ranger,Fire,40,34,50,50,90,66,66,66,796,22,Ranged,-2,90,105,90,50,1,90,6
Locust rider#Ranger (Quest),Fire,40,34,50,50,90,66,66,66,801,22,Ranged,-2,90,105,90,50,1,90,6
Long-tailed Wyvern,Air,25,140,70,70,70,120,70,120,7792,"13 (Melee),10 (Ranged),10 (Icy breath with Elemental shield)","Slash,Typeless Ranged,Icy breath",0,200,125,120,90,90,90,6
Lost barbarian,,,0,0,0,0,0,0,0,2921,12,Crush,0,124,115,114,110,1,1,4
Lowerniel Drakan,,,0,0,0,0,150,150,150,16204,69,Stab,0,3000,400,320,100,320,320,4
Lucien,,,-1,7,6,8,4,4,4,3443,2,Stab,0,17,12,11,10,1,1,4
Lucius,,,200,120,90,120,80,60,80,14363,"24 (magic),34 (special attack)",Magic,0,180,70,70,70,200,60,4
Lucky impling#Overworld,,,50,-10,-10,-10,-10,-10,-10,7233,N/A,N/A,0,10,0,0,0,1,1,0
Lucky impling#Puro-Puro,,,50,-10,-10,-10,-10,-10,-10,7302,N/A,N/A,0,10,0,0,0,1,1,0
Lynx Tamer,,,4,19,24,14,16,16,16,11071,3,Crush,0,22,19,18,14,1,1,4
Lynx#Level 21,,,0,0,0,0,0,0,0,11068,3,Slash,0,25,18,16,18,1,1,4
Lynx#Level 24,,,0,0,0,0,0,0,0,11069,3,Slash,0,30,20,18,20,1,1,4
Mad Angel#Post-quest,Earth,15,185,40,60,80,185,165,205,"16305,16307",31,"Melee,Magic",0,755,150,230,175,150,250,6
Mad Angel#Quest,Earth,15,165,20,40,60,155,135,175,"16309,16311",31,"Melee,Magic",0,565,100,160,125,100,170,6
Maggot King#Far,Fire,80,150,45,172,100,158,43,232,15742,"46 (Magic / Ranged),~55 (Melee lunge)","Ranged,Magic,Melee",0,1500,200,250,200,200,300,0
Maggot King#Nearby,Fire,5,400,45,172,100,158,43,232,15742,"46 (Magic / Ranged),~55 (Melee lunge)","Ranged,Magic,Melee",0,1500,200,250,200,200,300,0
Maggot King#Roaring,Fire,80,150,45,172,100,158,43,232,15742,"46 (Magic / Ranged),~55 (Melee lunge)","Ranged,Magic,Melee",0,1500,200,250,100,200,300,0
Magic axe#Catacombs of Kourend,,,5,15,10,5,10,10,10,7269,5,Slash,0,44,38,38,29,1,1,4
Magic axe#Normal,,,5,15,10,5,10,10,10,2844,5,Slash,0,44,38,38,29,1,1,4
Magic Mark#Annihilation,,,150,25,25,25,10,10,10,13663,18,Magic,0,3500,10,30,30,175,0,5
Magic Mark#Armageddon,,,150,25,25,25,10,10,10,13663,18,Magic,0,1500,10,30,30,175,0,5
Magic Mark#Permanent,,,150,25,25,25,10,10,10,13663,18,Magic,0,1500,10,30,30,175,0,5
Magma strykewyrm,Water,50,40,70,60,30,120,120,120,15504,26,"Melee,Ranged",0,340,210,210,110,110,250,5
Magpie impling,,,30,-10,-10,-10,-10,-10,-10,"1642,1652",N/A,N/A,0,10,0,0,0,1,1,0
Malevolent Mage,,,75,0,0,0,0,0,0,7396,20,Magic,0,175,1,1,135,175,1,4
Malevolent Mage (Deadman)#Annihilation,Water,50,300,0,0,0,0,0,0,12456,,Magic,0,2000,1,1,150,255,1,4
Malevolent Mage (Deadman)#Apocalypse,,,300,0,0,0,0,0,0,12456,,Magic,0,500,1,1,150,255,1,4
Malevolent Mage (Deadman)#Armageddon,Water,50,300,0,0,0,0,0,0,12456,,Magic,0,500,1,1,150,255,1,4
Malevolent Mage (Deadman)#Permanent,Water,50,300,0,0,0,0,0,0,12456,,Magic,0,500,1,1,150,255,1,4
Mammoth (unused NPC),,,,,,,,,,-1,,,0,,,,,,,
Mammoth#Normal,,,0,0,0,0,0,0,0,6604,7,Stab,0,130,55,60,50,1,1,4
Man (Canifis)#Blue,,,,,,,,,,-1,,,0,,,,,,,
Man (Canifis)#Green,,,,,,,,,,-1,,,0,,,,,,,
Man (Canifis)#Red,,,,,,,,,,-1,,,0,,,,,,,
Man (East Ardougne),,,-21,-21,-21,-21,-21,-21,-21,3298,1,Crush,0,7,1,1,1,1,1,4
Man (level 4)#Normal,,,0,1,1,1,0,0,0,1118,1,Crush,0,13,2,1,1,1,1,4
Man (level 4)#Unused,,,0,1,1,1,0,0,0,1138,1,Crush,0,13,2,1,1,1,1,4
Man#1,,,-21,-21,-21,-21,-21,-21,-21,"3106,6818,6987",1,Crush,0,7,1,1,1,1,1,4
Man#2,,,-21,-21,-21,-21,-21,-21,-21,"3107,6988",1,Crush,0,7,1,1,1,1,1,4
Man#3,,,-21,-21,-21,-21,-21,-21,-21,"3108,6989",1,Crush,0,7,1,1,1,1,1,4
Man#4,,,-21,-21,-21,-21,-21,-21,-21,"3109,6815",1,Crush,0,7,1,1,1,1,1,4
"Man#4, Musa Point",,,-21,-21,-21,-21,-21,-21,-21,3110,1,Crush,0,7,1,1,1,1,1,4
Man#5,,,-21,-21,-21,-21,-21,-21,-21,14920,1,Crush,0,7,1,1,1,1,1,4
Man#Al Kharid,,,0,0,0,0,0,0,0,3261,1,Crush,0,7,1,1,1,1,1,4
Man#Falador,,,-21,-21,-21,-21,-21,-21,-21,3264,1,Crush,0,7,1,1,1,1,1,4
"Man#Falador, 2",,,-21,-21,-21,-21,-21,-21,-21,3265,1,Crush,0,7,1,1,1,1,1,4
Man#Karamja,,,-21,-21,-21,-21,-21,-21,-21,3652,1,Crush,0,7,1,1,1,1,1,4
"Man#Shayzien, 1",,,-21,-21,-21,-21,-21,-21,-21,11057,1,Crush,0,7,1,1,1,1,1,4
"Man#Shayzien, 2",,,-21,-21,-21,-21,-21,-21,-21,11058,1,Crush,0,7,1,1,1,1,1,4
Man#Varrock,,,-21,-21,-21,-21,-21,-21,-21,3014,1,Crush,0,7,1,1,1,1,1,4
Maniacal monkey,,,0,0,0,0,0,0,0,7118,18,Slash,0,65,200,175,10,1,1,4
Maniacal Monkey Archer,,,0,0,0,0,0,0,0,7119,24,Ranged,0,60,120,80,80,1,200,4
Manta ray (monster),,,0,0,0,0,50,20,50,15220,8,Slash,0,194,155,75,40,1,0,4
Manticore,,,10,0,0,0,25,25,25,12818,"31 (Melee),36 (Ranged),31 (Magic)","Melee,Ranged,Magic",0,250,300,300,250,300,350,10
Marble gargoyle,Earth,40,50,0,50,50,50,50,50,"7407,7408","26 (melee)
30 (ranged)
38 (special)","Slash,Ranged,Magic (special)",0,270,230,250,190,1,220,4
Market Guard,,,50,50,50,50,50,50,50,3949,8,Crush,0,50,40,40,40,1,1,3
Market Guard (Draynor)#Draynor Bank Robbery,,,4,19,24,14,16,16,16,2120,3,Crush,0,22,17,18,13,1,1,5
Market Guard (Draynor)#Normal,,,4,19,24,14,16,16,16,5732,3,Crush,0,22,17,18,13,1,1,5
Mature custodian stalker,Fire,30,35,50,30,-10,5,30,-10,14703,8,"Crush,Magic (Bleed)",0,190,105,75,45,40,1,4
Maxilla beast,,,,,,,,,,16233,53,,0,200,,,,,,
Me (Nightmare Zone)#Hard Mode,,,0,0,0,0,0,0,0,6320,24,Crush,0,135,225,234,74,1,1,4
Me (Nightmare Zone)#Normal Mode,,,0,0,0,0,0,0,0,6381,9,Crush,0,45,75,78,74,1,1,4
Me#Type A,,,0,0,0,0,0,0,0,785,9,Crush,0,45,75,78,74,1,1,4
Me#Type B,,,0,0,0,0,0,0,0,786,9,Crush,0,45,75,78,74,1,1,4
Medium Barrier,,,0,0,0,0,0,0,0,"11420,11421",N/A,N/A,0,100,1,1,,1,1,0
Melzar the Mad,,,0,0,0,0,0,0,0,823,5,"Magic,Crush",0,44,37,37,34,40,1,4
Menaphite Akh,,,280,30,5,30,180,180,180,11492,"? (melee),80 (lightning)",Slash,0,480,150,150,140,150,150,4
Menaphite Shadow,,,280,30,5,30,180,180,180,11462,22,"Ranged,Magic",0,50,150,150,70,150,150,4
Menaphite Thug#After Quest,,,0,10,9,8,0,0,0,3550,7,Crush,0,60,60,50,20,0,0,4
Menaphite Thug#Before Quest,,,0,10,9,8,0,0,0,3549,7,Crush,0,60,60,50,20,0,0,4
Mercenary axeman#1,,,10,80,110,80,70,30,90,13535,22,Crush,0,110,150,150,110,40,1,5
Mercenary axeman#2,,,10,80,110,80,70,30,90,13536,22,Crush,0,110,150,150,110,40,1,5
Mercenary Captain,,,-3,19,17,15,19,19,19,4635,5,Slash,0,80,32,29,32,0,0,4
Mercenary mage,,,10,60,50,40,10,15,5,13537,5,Magic,0,150,40,40,90,150,1,5
Mercenary#Brown beard,,,-3,19,17,15,19,19,19,4658,5,Crush,0,60,32,32,39,0,0,4
Mercenary#Coif,,,-3,19,17,15,19,19,19,4659,5,Crush,0,60,32,32,39,0,0,4
Mercenary#Facemask,,,-3,19,17,15,19,19,19,4657,5,Crush,0,60,32,32,39,0,0,4
Mercenary#White beard,,,-3,19,17,15,19,19,19,4656,5,Crush,0,60,32,32,39,0,0,4
"Metzli, Teokan of Ranul",Earth,30,100,70,60,80,20,10,20,14318,28,Magic,0,600,1,1,160,180,180,3
"Metzli, Teokan of Ranul",Earth,30,100,70,60,80,20,10,20,14313,28,Ranged,0,600,1,1,160,180,180,3
Milla,,,-21,-21,-21,-21,-21,-21,-21,2624,2,Crush,0,60,10,10,10,1,1,4
Mind Golem#Golem,Earth,35,2,0,5,5,10,10,10,10693,5,Stab,1,40,14,31,25,1,1,5
Mind Golem#Rubble,Earth,35,2,0,5,5,10,10,10,10694,5,Stab,1,40,14,31,25,1,1,5
Minotaur (Fortis Colosseum),,,0,0,0,0,12,12,12,-1,74,Crush,0,225,300,360,190,250,120,5
Minotaur (Meat and Greet),,,80,50,30,20,140,140,140,"13814,13815",14,"Melee,Magic",0,240,140,110,100,100,0,5
Minotaur#Level 12,,,-21,-21,-21,-21,-21,-21,-21,2481,2,Crush,0,10,12,10,10,1,1,4
Minotaur#Level 27,,,-21,-10,-10,-10,-10,-10,-10,2483,3,Crush,0,22,23,25,25,1,1,4
Minotaur#Unused,,,1,1,1,1,0,0,0,2482,,Crush,0,13,22,15,15,1,1,4
Mirrorback Araxyte,Fire,50,-10,25,25,25,25,25,25,13671,15,Melee,0,58,150,120,50,1,60,6
Mister U.,,,70,40,35,11,33,40,21,15679,11,Crush,0,100,55,55,65,60,70,5
Mithril dragon,Earth,50,30,70,0,100,90,20,90,"2919,8088,8089","28 (Melee),18 (Magic),18 (Magical ranged),50 (Dragonfire)","Stab,Magic,Magical ranged,Dragonfire",0,254,268,268,268,168,168,4
Mogre,Earth,20,0,0,0,0,0,0,0,2592,8,Crush,0,48,58,55,48,1,1,6
Mogre (sea),,,0,0,0,0,0,0,0,"15230,15232",6,Crush,0,59,40,50,40,1,60,6
Molanisk,Earth,60,30,35,45,45,55,55,55,1,5,Crush,0,52,40,40,50,0,1,4
Monk of Zamorak (Paterdomus)#Level 17,,,0,0,0,0,0,0,0,"3485,16272",5,"Crush,Magic",0,10,8,8,12,25,1,4
Monk of Zamorak (Paterdomus)#Level 22,,,0,0,0,0,0,0,0,"3484,16271","3 (Melee),10 (Magic)","Crush,Magic",0,20,18,18,22,25,1,4
Monk of Zamorak (Paterdomus)#Level 30,,,0,0,0,0,0,0,0,"3486,16273","3 (Melee),8 (Magic)","Crush,Magic",0,25,25,25,25,40,1,4
Monk of Zamorak#Level 17,,,0,0,0,0,0,0,0,"528,8401",5,"Crush,Magic",0,10,8,8,12,25,1,4
Monk of Zamorak#Level 22,,,0,0,0,0,0,0,0,"527,8400","3 (Melee),10 (Magic)","Crush,Magic",0,20,18,18,22,25,1,4
Monk of Zamorak#Level 23,,,0,0,0,0,0,0,0,8698,"2 (Melee),10 (Magic)","Crush,Magic",0,16,15,13,18,30,1,4
Monk of Zamorak#Level 45,,,0,0,0,0,0,0,0,529,"5 (Melee),13 (Magic)","Crush,Magic",0,40,38,38,42,40,1,4
Monk#Level 3,,,0,0,0,0,0,0,0,4246,1,Crush,0,5,2,2,3,1,1,4
Monk#Level 5,,,0,0,0,0,0,0,0,"2579,4068,6956",1,Crush,0,15,2,2,3,1,1,4
Monkey (monster)#Common,,,0,0,0,0,0,0,0,2848,1,Crush,0,6,2,3,2,1,1,4
Monkey (monster)#Mos Le'Harmless,,,0,0,0,0,0,0,0,1038,1,Crush,0,6,2,3,2,1,1,4
Monkey Archer#Ape Atoll gate,,,0,0,0,0,0,0,0,"5273,6813",20,Ranged,0,50,80,80,80,1,110,4
Monkey Archer#Marim,,,0,0,0,0,0,0,0,"5272,5274",20,Ranged,0,50,80,80,80,1,110,4
Monkey Guard (ninja),,,0,0,0,0,0,0,0,5271,14,Slash,0,130,130,130,130,130,1,4
Monkey Guard#Bearded,,,0,0,0,0,0,0,0,5276,14,Crush,0,130,130,130,200,130,1,4
Monkey Guard#Unbearded,,,0,0,0,0,0,0,0,5275,14,Crush,0,130,130,130,200,130,1,4
Monkey Zombie#Level 129,Fire,50,0,0,0,0,0,0,0,5282,12,Crush,0,90,150,110,90,90,1,4
Monkey Zombie#Level 82,Fire,50,0,0,0,0,0,0,0,5283,7,Crush,0,60,100,60,60,60,1,4
Monkey Zombie#Level 98,Fire,50,0,0,0,0,0,0,0,5281,7,Crush,0,60,150,60,60,60,1,4
Monstrous basilisk,,,35,0,35,35,0,0,0,7395,11,Slash,0,170,88,98,130,1,1,4
Monstrous Basilisk (The Fremennik Exiles),Earth,40,35,0,35,35,0,0,0,"9287,9288",11,Slash,0,170,88,98,130,1,1,4
Moonlight Cockatrice,,,14,0,14,14,0,0,0,13030,6,Stab,0,52,31,52,39,1,1,4
Mosquito swarm#Level 17,Fire,45,2,5,2,2,0,0,0,6273,1,Crush,0,9,10,1,45,1,1,2
Mosquito swarm#Level 20,Fire,45,2,5,2,2,0,0,0,6402,1,Crush,0,15,15,1,45,1,1,2
Moss Giant (Iorwerth Dungeon),Fire,50,0,0,0,0,0,0,0,8736,14,"Melee,Magic",0,120,60,60,60,1,1,6
Moss giant#Level 42,Fire,50,0,0,0,0,0,0,0,"2090,2091,2092,2093,7262,14422",6,Crush,0,60,30,30,30,1,1,6
Moss giant#Level 42 (Varlamore),Fire,50,0,0,0,0,0,0,0,"12844,12845,12846,12847",6,Crush,0,60,30,30,30,1,1,6
Moss giant#Level 48,Fire,50,0,0,0,0,0,0,0,"3851,3852",6,Crush,0,85,30,30,30,1,1,6
Moss Guardian,,,0,0,0,0,0,0,0,891,14,"Crush,Magical melee",0,120,60,60,60,1,1,6
Moss Guardian (Nightmare Zone)#Hard Mode,Fire,50,0,0,0,0,0,0,0,6325,34,"Crush,Magic melee",0,240,165,165,60,1,1,6
Moss Guardian (Nightmare Zone)#Normal Mode,Fire,50,0,0,0,0,0,0,0,6386,14,"Crush,Magic melee",0,120,60,60,60,1,1,6
Mosschin,,,5,5,10,10,20,20,20,"11271,11298",10,"Melee,Magic",0,120,50,50,50,50,1,4
Mother,,,200,0,0,0,0,0,0,"8428,8429,8430",16,"Ranged,Crush",0,235,150,150,170,60,105,4
Mountain troll#Level 69,Fire,50,200,10,0,0,40,200,200,"936,937,938,939,940,941,942,16330,16331,16332",11,Crush,0,90,40,75,40,0,0,6
Mountain troll#Level 71,Earth,50,200,10,0,0,40,200,200,4143,13,Crush,0,90,40,90,25,0,0,6
Mounted terrorbird gnome#Level 31,,,15,18,16,16,10,10,10,2067,3,Stab,0,36,25,25,25,1,1,4
Mounted terrorbird gnome#Level 49,,,15,18,16,16,10,10,10,"2068,5971,5972,5973",5,Stab,0,55,40,40,40,1,1,4
Mourner (boss),,,0,4,3,2,0,0,0,9008,2,Crush,0,19,10,10,10,1,1,4
Mourner (Song of the Elves)#Level 106,,,50,60,40,60,40,40,40,8846,10,Stab,0,100,95,95,80,1,1,4
Mourner (Song of the Elves)#Level 24,,,15,25,5,25,5,5,5,8844,3,Crush,0,13,12,16,12,1,1,4
Mourner (Song of the Elves)#Level 51,,,30,40,20,40,20,20,20,8845,6,Crush,0,29,40,50,30,1,1,4
Mourner#level 108,,,60,70,50,70,50,50,50,9017,10,Stab,0,105,95,95,80,1,0,4
Mourner#level 11,,,0,9,6,6,0,0,0,9013,2,Crush,0,19,8,8,8,1,1,4
Mouse#Dark,,,50,65,30,55,60,60,60,5128,9,Crush,0,70,95,80,86,1,1,4
Mouse#Light,,,50,65,30,55,60,60,60,5127,9,Crush,0,70,95,80,86,1,1,4
Mudskipper#Level 30,Earth,20,0,0,0,0,0,0,0,4820,4,Crush,0,20,29,29,26,1,1,4
Mudskipper#Level 31,Earth,20,0,0,0,0,0,0,0,4821,4,Crush,0,20,30,30,29,1,1,4
Mugger#Regular,,,0,0,0,0,0,0,0,"513,1461,6996",1,Crush,0,8,5,5,5,1,1,4
Mugger#Varlamore,,,0,0,0,0,0,0,0,13282,1,Crush,0,8,5,5,5,1,1,4
Mummy (Ancient Pyramid sarcophagus)#Level 96,Fire,50,0,100,100,100,0,0,0,717,1,Crush,0,1,255,2,50,1,1,4
Mummy (Ancient Pyramid sarcophagus)#Level 98,Fire,50,0,100,100,100,0,0,0,724,1,Crush,0,10,255,2,50,1,1,4
Mummy (Ancient Pyramid)#1,Fire,50,0,90,90,90,0,0,0,720,24,Crush,0,90,90,90,90,1,1,4
Mummy (Ancient Pyramid)#1 alight,Fire,50,0,90,90,90,0,0,0,725,24,Crush,0,90,90,90,90,1,1,4
Mummy (Ancient Pyramid)#2,Fire,50,0,90,90,90,0,0,0,721,24,Crush,0,90,90,90,90,1,1,4
Mummy (Ancient Pyramid)#2 alight,Fire,50,0,90,90,90,0,0,0,726,24,Crush,0,90,90,90,90,1,1,4
Mummy (Ancient Pyramid)#3,Fire,50,0,90,90,90,0,0,0,722,24,Crush,0,90,90,90,90,1,1,4
Mummy (Ancient Pyramid)#3 alight,Fire,50,0,90,90,90,0,0,0,727,24,Crush,0,90,90,90,90,1,1,4
Mummy (Ancient Pyramid)#4,Fire,50,0,90,90,90,0,0,0,723,24,Crush,0,90,90,90,90,1,1,4
Mummy (Ancient Pyramid)#4 alight,Fire,50,0,90,90,90,0,0,0,728,24,Crush,0,90,90,90,90,1,1,4
Mummy (historical),,,,,,,,,,-1,,,0,,,,,,,
Mummy (Klenter's Pyramid)#1,,,90,30,90,90,0,0,0,949,6,Crush,0,90,90,30,90,1,1,4
Mummy (Klenter's Pyramid)#2,,,90,30,90,90,0,0,0,950,6,Crush,0,90,90,30,90,1,1,4
Mummy (Klenter's Pyramid)#3,,,90,30,90,90,0,0,0,951,6,Crush,0,90,90,30,90,1,1,4
Mummy (Klenter's Pyramid)#4,,,90,30,90,90,0,0,0,952,6,Crush,0,90,90,30,90,1,1,4
Mummy (Klenter's Pyramid)#5,,,90,30,90,90,0,0,0,953,6,Crush,0,90,90,30,90,1,1,4
Mummy (Pyramid Plunder)#1,,,90,30,90,90,0,0,0,7658,6,Crush,0,90,90,30,90,1,1,4
Mummy (Pyramid Plunder)#2,,,90,30,90,90,0,0,0,7659,6,Crush,0,90,90,30,90,1,1,4
Mummy (Pyramid Plunder)#3,,,90,30,90,90,0,0,0,7660,6,Crush,0,90,90,30,90,1,1,4
Mummy (Pyramid Plunder)#4,,,90,30,90,90,0,0,0,7661,6,Crush,0,90,90,30,90,1,1,4
Mummy (Pyramid Plunder)#5,,,90,30,90,90,0,0,0,7662,6,Crush,0,90,90,30,90,1,1,4
Mutated Bloodveld,,,0,0,0,0,0,0,0,7276,12,Magical melee,0,170,110,115,30,1,1,4
Mutated Terrorbird,,,0,0,50,50,62,62,62,12464,16,"Ranged,Crush",-2,320,90,150,40,110,75,4
Mutated Tortoise,Earth,25,0,0,50,50,60,0,60,12465,18,Crush,1,440,130,170,120,90,0,4
Mute Jack,,,70,40,35,11,33,40,21,15681,11,Crush,0,100,55,55,65,60,70,5
Muttadile#Large,earth,40,75,60,-5,82,0,0,0,"7561,7563","72 (Stomp),48 (Melee),45 (Ranged),23 (Magic)","Melee,Ranged,Magic",0,250,250,250,220,250,250,4
Muttadile#Large (Challenge Mode),earth,40,75,60,-5,82,0,0,0,"7561,7563","106 (Stomp),71 (Melee),67 (Ranged),34 (Magic)","Melee,Ranged,Magic",0,375,375,375,330,375,375,4
Muttadile#Small,earth,40,60,50,-5,72,0,0,0,7562,"28 (Melee),30 (Ranged)","Melee,Ranged",0,250,150,150,138,1,150,4
Muttadile#Small (Challenge Mode),earth,40,60,50,-5,72,0,0,0,7562,"41 (Melee),44 (Ranged)","Melee,Ranged",0,375,225,225,207,1,225,4
Myre Blamish Snail#Pointed,Earth,25,5,30,5,5,50,50,50,2649,2,Ranged,0,13,0,0,12,1,8,4
Myre Blamish Snail#Round,Earth,25,5,30,5,5,50,50,50,2634,2,Ranged,0,8,0,0,22,1,5,4
Mysterious Figure,,,30,60,20,40,20,20,20,"12300,12301",18,All,0,450,120,120,120,120,120,4
Nail beast#Level 141,,,0,0,0,0,0,0,0,"2948,9613",4 (x3),Slash,0,75,320,26,40,1,1,8
Nail beast#Level 69,,,0,0,0,0,0,0,0,"2946,9612",2 (x3),Slash,0,55,150,6,2,1,1,8
Nail beast#Level 98,,,0,0,0,0,0,0,0,2947,3 (x3),Slash,0,65,215,16,30,1,1,8
Narf,,,-5,-5,-5,-5,-5,-5,-5,3280,1,Crush,0,7,1,1,1,1,1,4
Narwhal,,,20,0,0,0,65,40,65,15202,7,Slash,0,187,95,65,50,1,0,4
Nature impling,,,20,-10,-10,-10,-10,-10,-10,"1641,1651",N/A,N/A,0,10,0,0,0,1,1,0
Nazastarool (Nightmare Zone)#Ghost (Hard Mode),Air,20,0,0,0,0,0,0,0,6339,19,Slash,0,176,187,176,80,0,0,4
Nazastarool (Nightmare Zone)#Ghost (Normal Mode),Air,20,0,0,0,0,0,0,0,6400,9,Slash,0,80,85,80,80,0,0,4
Nazastarool (Nightmare Zone)#Skeleton (Hard Mode),,,5,5,5,5,5,5,5,6338,18,Slash,0,180,150,140,58,0,0,4
Nazastarool (Nightmare Zone)#Skeleton (Normal Mode),,,5,5,5,5,5,5,5,6399,8,Slash,0,70,58,54,58,0,0,4
Nazastarool (Nightmare Zone)#Zombie (Hard Mode),,,0,0,0,0,0,0,0,6337,19,Slash,0,154,187,176,80,0,0,4
Nazastarool (Nightmare Zone)#Zombie (Normal Mode),,,0,0,0,0,0,0,0,6398,9,Slash,0,70,85,80,80,0,0,4
Nazastarool#Ghost,Air,20,0,0,0,0,0,0,0,5355,9,Slash,0,80,85,80,80,0,0,4
Nazastarool#Skeleton,Earth,40,5,5,5,5,5,5,5,5354,8,Slash,0,70,58,54,58,0,0,4
Nazastarool#Zombie,Fire,40,0,0,0,0,0,0,0,5353,9,Slash,0,70,85,80,80,0,0,4
Nechryael#Normal,,,0,20,20,20,20,20,20,8,11,Crush,0,105,97,97,105,1,1,4
Nechryael#Slayer task,,,0,20,20,20,20,20,20,11,11,Crush,0,105,97,97,105,1,1,4
Nechryarch,,,0,30,30,30,30,30,30,7411,27,Crush,0,320,310,260,140,1,1,4
Necromancer,,,0,0,0,0,0,0,0,1025,3,"Crush,Curse",0,40,18,18,18,18,1,4
Necromancer (Great Kourend),,,4,8,8,8,0,0,0,11088,7,Magic,0,80,56,56,50,60,1,4
Newtroost,,,0,0,0,0,0,0,0,3605,3,Stab,0,18,18,16,17,1,1,4
Nex,,,300,60,40,140,190,150,190,"11278,11279,11280,11281,11282","33 (Magic),60 (Ranged),27 (Melee),50 (Smoke Dash),50 (Shadow Smash),80 (Blood Sacrifice),60 (Containment),75 (Ice Prison)","Magic,Ranged,Crush",0,3400,315,200,260,230,350,4
Nezikchened (Nightmare Zone)#Hard Mode,Water,10,0,0,0,0,0,0,0,6318,35,Magic,0,150,330,336,167,320,320,5
Nezikchened (Nightmare Zone)#Normal Mode,Water,10,0,0,0,0,0,0,0,6379,18,Magic,0,150,165,168,167,160,160,5
Nezikchened#Normal,Water,10,0,0,0,0,0,0,0,3962,"18 (Melee & Magic),~20 (Dark Dagger)","Slash,Magic",0,150,165,168,167,160,160,5
Night beast,,,190,200,75,80,200,200,200,7409,31,"Crush,Magic",0,550,270,290,220,300,1,4
Night beast (Deadman)#Annihilation,,,100,120,75,80,100,100,100,12459,"30 (Melee),? (Magic)","Crush,Magic",0,1000,270,290,100,300,1,4
Night beast (Deadman)#Apocalypse,,,190,200,75,80,100,100,100,12459,"30 (Melee),? (Magic)","Crush,Magic",0,500,270,290,220,300,1,4
Night beast (Deadman)#Armageddon,,,100,120,75,80,100,100,100,12459,"30 (Melee),? (Magic)","Crush,Magic",0,500,270,290,100,300,1,4
Night beast (Deadman)#Permanent,,,,,75,80,100,100,100,12459,"30 (Melee),? (Magic)","Crush,Magic",0,500,270,290,,300,1,4
Nikita,,,-21,-21,-21,-21,-21,-21,-21,2629,2,Crush,0,60,10,10,10,1,1,4
Nikolai,,,-21,-21,-21,-21,-21,-21,-21,2617,2,Crush,0,60,10,10,10,1,1,4
Ninja impling,,,40,-10,-10,-10,-10,-10,-10,"1643,1653",N/A,N/A,0,10,0,0,0,1,1,0
Nuclear smoke devil,Air,20,850,0,0,0,80,80,80,7406,29,Magical ranged,0,240,240,230,390,1,280,4
Nylocas Athanatos#Entry,Fire,15,0,0,0,0,0,0,0,10844,1,None,0,30,1,1,40,40,1,-1
Nylocas Athanatos#Normal,Fire,15,0,0,0,0,0,0,0,8384,11,None,0,180,1,1,50,50,1,-1
Nylocas Hagios#Big,Fire,15,0,0,0,0,0,0,0,"8347,8353,10796,10802",24,Magic,0,22,250,230,20,20,250,3
Nylocas Hagios#Big (Entry mode),Fire,15,0,0,0,0,0,0,0,"10779,10785",10,Magic,0,3,100,90,6,6,100,3
Nylocas Hagios#Small,Fire,15,0,0,0,0,0,0,0,"8344,8350,8383,10793,10799,10860",17,Magic,0,11,200,160,1,1,200,3
Nylocas Hagios#Small (Entry mode),Fire,15,0,0,0,0,0,0,0,"10776,10782",5,Magic,0,2,80,40,1,1,80,3
Nylocas Ischyros#Big,Fire,15,0,0,0,0,0,0,0,"8345,8351,10794,10800",24,Stab,0,22,250,230,20,20,250,3
Nylocas Ischyros#Big (Entry mode),Fire,15,0,0,0,0,0,0,0,"10777,10783",10,Stab,0,3,100,90,6,6,100,3
Nylocas Ischyros#Small,Fire,15,0,0,0,0,0,0,0,"8342,8348,8381,10791,10797,10858",17,Stab,0,11,200,160,1,1,200,3
Nylocas Ischyros#Small (Entry mode),Fire,15,0,0,0,0,0,0,0,"10774,10780",5,Stab,0,2,80,40,1,1,80,3
Nylocas Matomenos#Entry Mode Maiden,Fire,15,0,0,0,0,0,0,0,10820,11,None,0,64,100,100,100,100,100,-1
Nylocas Matomenos#Entry Mode Verzik,Fire,15,0,0,0,0,0,0,0,10845,11,None,0,,100,100,100,100,100,-1
Nylocas Matomenos#Hard Mode Maiden,Fire,15,0,0,0,0,0,0,0,10828,11,None,0,100,100,100,100,100,100,-1
Nylocas Matomenos#Hard Mode Verzik,Fire,15,0,0,0,0,0,0,0,10862,11,None,0,200,100,100,100,100,100,-1
Nylocas Matomenos#Normal Mode Maiden,Fire,15,0,0,0,0,0,0,0,8366,11,None,0,100,100,100,100,100,100,-1
Nylocas Matomenos#Normal Mode Verzik,Fire,15,0,0,0,0,0,0,0,8385,1,None,0,200,1,1,50,50,1,-1
Nylocas Prinkipas#Magic,Fire,15,0,0,0,0,0,0,0,10805,38,Magic,0,400,200,175,25,25,175,4
Nylocas Prinkipas#Melee,Fire,15,0,0,0,0,0,0,0,"10803,10804",38,Stab,0,400,200,175,25,25,175,4
Nylocas Prinkipas#Ranged,Fire,15,0,0,0,0,0,0,0,10806,38,Ranged,0,400,200,175,25,25,175,4
Nylocas Toxobolos#Big,Fire,15,0,0,0,0,0,0,0,"8346,8352,10795,10801",24,Ranged,0,22,250,230,20,20,250,3
Nylocas Toxobolos#Big (Entry mode),Fire,15,0,0,0,0,0,0,0,"10778,10784",10,Ranged,0,3,100,90,6,6,100,3
Nylocas Toxobolos#Small,Fire,15,0,0,0,0,0,0,0,"8343,8349,8382,10792,10798,10859",17,Ranged,0,11,200,160,1,1,200,3
Nylocas Toxobolos#Small (Entry mode),Fire,15,0,0,0,0,0,0,0,"10775,10781",5,Ranged,0,2,80,40,1,1,80,3
Nylocas Vasilias#Entry,Fire,15,0,0,0,0,0,0,0,"10786,10787,10788,10789",24,"Stab,Magic,Ranged",0,1440,160,140,50,20,140,4
Nylocas Vasilias#Hard,Fire,15,0,0,0,0,0,0,0,"10807,10808,10809,10810",105,"Stab,Magic,Ranged",0,2500,400,350,50,50,350,4
Nylocas Vasilias#Normal,Fire,15,0,0,0,0,0,0,0,"8354,8355,8356,8357",70,"Stab,Magic,Ranged",0,2500,400,350,50,50,350,4
Oaky Doak,,,70,40,35,11,33,40,21,15677,11,Crush,0,100,55,55,65,60,70,5
Obelisk (Tombs of Amascut),,,50,70,70,70,20,60,60,11751,0,None,0,260,200,150,100,100,100,4
Obor,Earth,20,20,45,35,40,20,20,20,7416,"22 (Melee),26 (Ranged)","Crush,Ranged",0,120,90,100,60,1,120,6
Ocelot#Brown,Fire,10,0,0,0,0,0,0,0,14545,3,Slash,0,40,30,25,30,1,1,4
Ocelot#Grey,Fire,10,0,0,0,0,0,0,0,14547,3,Slash,0,40,30,25,30,1,1,4
Ocelot#Light brown,Fire,10,0,0,0,0,0,0,0,14546,3,Slash,0,40,30,25,30,1,1,4
Ocga,,,-12,-12,-12,-12,-12,-12,-12,4108,1,Crush,0,10,3,3,3,1,1,4
Ochre Blamish Snail#Pointed,Earth,25,5,30,5,5,50,50,50,2651,2,Ranged,0,20,0,0,25,1,8,6
Ochre Blamish Snail#Round,Earth,25,5,30,5,5,50,50,50,2646,2,Ranged,0,10,0,0,18,1,7,6
Ogre chieftain,Earth,20,0,16,10,21,0,0,0,4362,9,Crush,0,60,75,71,75,1,1,4
Ogre monodon,,,0,50,0,0,20,20,20,-1,8,Ranged,0,150,1,1,30,1,70,5
Ogre shaman (Swan Song),,,0,0,0,0,0,0,0,4382,,,0,99,99,99,99,1,1,
Ogre shaman#1,,,0,0,0,0,0,0,0,4383,30,Magic,0,1,1,1,1,1,1,4
Ogre shaman#2,,,0,0,0,0,0,0,0,4387,30,Magic,0,1,1,1,1,1,1,4
Ogre shaman#3,,,0,0,0,0,0,0,0,4389,30,Magic,0,1,1,1,1,1,1,4
Ogre shaman#4,,,0,0,0,0,0,0,0,4391,30,Magic,0,1,1,1,1,1,1,4
Ogre shaman#5,,,0,0,0,0,0,0,0,4393,30,Magic,0,1,1,1,1,1,1,4
Ogre shaman#6,,,0,0,0,0,0,0,0,4395,30,Magic,0,1,1,1,1,1,1,4
Ogre#GWD,Earth,20,0,0,0,0,0,0,0,2233,8,Crush,0,70,46,48,43,1,1,6
Ogre#Level 53,Earth,20,0,0,0,0,0,0,0,"136,2095,2096",7,Crush,0,60,43,43,43,1,1,6
Ogre#Level 63,Earth,20,0,24,19,23,0,0,0,1153,7,Crush,0,60,54,54,54,1,1,4
Ogress Shaman,Earth,20,16,14,12,14,8,8,8,"7991,7992",8,Magic,0,82,68,20,82,68,1,4
Ogress Warrior#1,Earth,20,14,12,10,12,16,16,16,7989,8,Crush,0,82,68,70,82,60,1,4
Ogress Warrior#2,Earth,20,14,12,10,12,16,16,16,7990,8,Crush,0,82,68,70,82,60,1,4
Oipuis,,,0,0,0,0,0,0,0,5259,14,Slash,0,130,130,130,130,130,1,4
Old Jack,,,70,40,35,11,33,40,21,15680,11,Crush,0,100,55,55,65,60,70,5
Oomlie bird,,,0,0,0,0,0,0,0,2062,5,Stab,0,40,40,40,40,1,1,4
Orc (historical),,,,,,,,,,-1,,,0,,,,,,,
Orc (Realm of Memories),,,5,13,12,14,13,13,13,-1,,,0,29,13,16,14,1,1,5
Orca,,,0,0,0,0,60,40,150,15204,13,Slash,0,370,165,125,75,1,0,4
Ork,Earth,15,5,13,12,14,13,13,13,"2237,2238,2239,2240",12,Crush,0,110,100,100,60,1,1,5
Oryx,,,0,0,0,0,0,0,0,13006,2,Stab,0,19,11,13,13,1,1,4
Osprey,,,0,0,0,0,30,10,30,15222,6,Stab,0,72,60,50,40,1,0,4
Othainian,,,-10,0,0,0,0,0,0,8994,9,Slash,0,87,76,78,77,1,1,4
Otherworldly being,Air,35,-5,20,15,10,15,15,15,2843,7,Crush,-2,66,56,56,46,1,1,4
Ouhai,,,0,0,0,0,0,0,0,5261,14,Slash,0,130,130,130,130,130,1,4
Outlaw#1,,,0,0,0,0,0,0,0,4167,3,Crush,0,20,35,30,25,1,1,4
Outlaw#10,,,0,0,0,0,0,0,0,4176,3,Crush,0,20,35,30,25,1,1,4
Outlaw#2,,,0,0,0,0,0,0,0,4168,3,Crush,0,20,35,30,25,1,1,4
Outlaw#3,,,0,0,0,0,0,0,0,4169,3,Crush,0,20,35,30,25,1,1,4
Outlaw#4,,,0,0,0,0,0,0,0,4170,3,Crush,0,20,35,30,25,1,1,4
Outlaw#5,,,0,0,0,0,0,0,0,4171,3,Crush,0,20,35,30,25,1,1,4
Outlaw#6,,,0,0,0,0,0,0,0,4172,3,Crush,0,20,35,30,25,1,1,4
Outlaw#7,,,0,0,0,0,0,0,0,4173,3,Crush,0,20,35,30,25,1,1,4
Outlaw#8,,,0,0,0,0,0,0,0,4174,3,Crush,0,20,35,30,25,1,1,4
Outlaw#9,,,0,0,0,0,0,0,0,4175,3,Crush,0,20,35,30,25,1,1,4
Overcharged Barrier,,,0,0,0,0,0,0,0,"11424,11425",N/A,N/A,0,400,1,1,,1,1,0
Padulah,,,0,0,0,0,0,0,0,5263,20+,Slash,0,130,130,130,130,130,1,4
Painted Goblin,,,,,,,,,,-1,3,Melee,0,15,,,,,,4
Paladin,,,-10,76,87,84,79,79,79,3294,8,Slash,0,57,54,54,54,1,1,5
Paladin (Song of the Elves)#Level 121,,,-10,76,87,84,79,79,79,8850,14,Slash,0,82,54,126,64,1,1,5
Paladin (Song of the Elves)#Level 49,,,30,40,20,40,20,20,20,8849,6,Slash,0,55,134,48,28,1,1,4
Paladin#1,,,-10,76,87,84,79,79,79,3293,8,Slash,0,57,54,54,54,1,1,5
Paladin#2,,,-10,76,87,84,79,79,79,11930,8,Slash,0,57,54,54,54,1,1,5
Paladin#3,,,-10,76,87,84,79,79,79,11931,8,Slash,0,57,54,54,54,1,1,5
Paladin#4,,,-10,76,87,84,79,79,79,11932,8,Slash,0,57,54,54,54,1,1,5
Paladin#5,,,-10,76,87,84,79,79,79,11933,8,Slash,0,57,54,54,54,1,1,5
Paladin#Female,,,-10,76,87,84,79,79,79,11901,8,Slash,0,57,54,54,54,1,1,5
Paladin#Male,,,-10,76,87,84,79,79,79,8853,8,Slash,0,57,54,54,54,1,1,5
Palmer,,,0,0,0,0,0,0,0,3869,4,Crush,0,50,27,31,25,1,1,4
Parasite (Phosani's Nightmare)#Regular,Fire,50,120,20,60,80,120,120,120,9468,22,"Ranged,Magic",0,55,1,1,60,60,60,4
Parasite (Phosani's Nightmare)#Weakened,Fire,50,100,10,50,70,100,100,100,9469,18,"Ranged,Magic",0,55,1,1,40,60,60,4
Parasite#Regular,fire,50,120,20,60,80,120,120,120,9452,12,"Ranged,Magic",0,80,1,1,60,60,60,4
Parasite#Weakened,fire,50,100,10,50,70,100,100,100,9453,10,"Ranged,Magic",0,40,1,1,40,60,60,4
Passionate Supporter,,,0,0,0,0,0,0,0,12833,1,Crush,0,10,1,1,1,1,1,4
Pee Hat,Earth,20,200,40,25,25,200,200,200,927,23,Crush,0,120,50,100,50,0,0,6
Penance Fighter#Wave 1,,,0,0,0,0,0,0,0,"1667,5739",4,Crush,0,28,26,26,25,1,1,4
Penance Fighter#Wave 2,,,0,0,0,0,0,0,0,5740,3,Crush,0,29,28,29,27,1,1,4
Penance Fighter#Wave 3,,,0,0,0,0,0,0,0,5741,4,Crush,0,32,33,32,34,1,1,4
Penance Fighter#Wave 4,,,0,0,0,0,0,0,0,5742,5,Crush,0,37,36,38,37,1,1,4
Penance Fighter#Wave 5,,,0,0,0,0,0,0,0,5743,5,Crush,0,38,41,43,44,1,1,4
Penance Fighter#Wave 6,,,0,0,0,0,0,0,0,5744,6,Crush,0,49,50,48,48,1,1,4
Penance Fighter#Wave 7/10,,,0,0,0,0,0,0,0,5745,6,Crush,0,50,56,55,52,1,1,4
Penance Fighter#Wave 8,,,0,0,0,0,0,0,0,5746,7,Crush,0,55,60,61,62,1,1,4
Penance Fighter#Wave 9,,,0,0,0,0,0,0,0,5747,8,Crush,0,56,71,73,66,1,1,4
Penance Healer#Wave 1,,,,,,,,,,"1670,5766",0 (Does not attack),Poison,0,27,9,8,9,1,1,-1
Penance Healer#Wave 2,,,,,,,,,,5767,0 (Does not attack),Poison,0,32,13,15,14,1,1,-1
Penance Healer#Wave 3,,,,,,,,,,5768,0 (Does not attack),Poison,0,37,20,18,19,1,1,-1
Penance Healer#Wave 4,,,,,,,,,,5769,0 (Does not attack),Poison,0,43,22,23,21,1,1,-1
Penance Healer#Wave 5,,,,,,,,,,5770,0 (Does not attack),Poison,0,49,26,27,25,1,1,-1
Penance Healer#Wave 6,,,,,,,,,,5771,0 (Does not attack),Poison,0,55,30,32,28,1,1,-1
Penance Healer#Wave 7/10,,,,,,,,,,5772,0 (Does not attack),Poison,0,60,33,36,34,1,1,-1
Penance Healer#Wave 8,,,,,,,,,,5773,0 (Does not attack),Poison,0,67,40,38,36,1,1,-1
Penance Healer#Wave 9,,,,,,,,,,5774,0 (Does not attack),Poison,0,76,40,44,38,1,1,-1
Penance Queen,,,0,0,0,0,0,0,0,5775,"13 (Ranged),5 (Melee)","Melee,Single and multi-target Ranged",0,250,260,92,132,1,116,4
Penance Ranger#Wave 1,,,0,0,0,0,0,0,0,"1668,5757",3,Ranged,0,20,22,1,21,1,23,4
Penance Ranger#Wave 2,,,0,0,0,0,0,0,0,5758,4,Ranged,0,28,27,1,29,1,24,4
Penance Ranger#Wave 3,,,0,0,0,0,0,0,0,5759,4,Ranged,0,29,32,1,33,1,34,4
Penance Ranger#Wave 4,,,0,0,0,0,0,0,0,5760,5,Ranged,0,34,41,1,42,1,40,4
Penance Ranger#Wave 5,,,0,0,0,0,0,0,0,5761,6,Ranged,0,41,44,1,46,1,45,4
Penance Ranger#Wave 6,,,0,0,0,0,0,0,0,5762,6,Ranged,0,50,51,1,54,1,52,4
Penance Ranger#Wave 7/10,,,0,0,0,0,0,0,0,5763,7,Ranged,0,50,63,1,61,1,62,4
Penance Ranger#Wave 8,,,0,0,0,0,0,0,0,5764,8,Ranged,0,54,69,1,68,1,70,4
Penance Ranger#Wave 9,,,0,0,0,0,0,0,0,5765,9,Ranged,0,58,79,1,80,1,78,4
Penance Runner#Wave 1,,,,,,,,,,"1669,5748",0,None,0,5,1,1,1,1,1,-1
Penance Runner#Wave 2,,,,,,,,,,5749,0,None,0,5,1,1,1,1,1,-1
Penance Runner#Wave 3,,,,,,,,,,5750,0,None,0,5,1,1,1,1,1,-1
Penance Runner#Wave 4,,,,,,,,,,5751,0,None,0,5,1,1,1,1,1,-1
Penance Runner#Wave 5,,,,,,,,,,5752,0,None,0,5,1,1,1,1,1,-1
Penance Runner#Wave 6,,,,,,,,,,5753,0,None,0,5,1,1,1,1,1,-1
Penance Runner#Wave 7/10,,,,,,,,,,5754,0,None,0,5,1,1,1,1,1,-1
Penance Runner#Wave 8,,,,,,,,,,5755,0,None,0,5,1,1,1,1,1,-1
Penance Runner#Wave 9,,,,,,,,,,5756,0,None,0,5,1,1,1,1,1,-1
Penda,,,-12,-12,-12,-12,-12,-12,-12,4109,1,Crush,0,10,3,3,3,1,1,4
Penguin (monster),Fire,25,0,0,0,0,0,0,0,2063,1,Stab,0,4,1,2,2,1,1,4
Persten the Deceitful,,,200,70,70,70,20,20,20,12333,32,Magic,0,200,0,0,130,250,0,4
Pestilent Bloat (Deadman)#Annihilation,,,600,40,40,20,800,800,800,15556,20,Ranged,0,2000,250,340,100,150,180,5
Pestilent Bloat (Deadman)#Permanent,,,600,40,40,20,800,800,800,15556,20,Ranged,0,750,250,340,100,150,180,5
Pestilent Bloat#Entry,,,600,10,10,5,800,800,800,10812,"8 (Flies),40 (Stomp)",Ranged,0,1280,100,180,80,120,72,1
Pestilent Bloat#Hard,,,600,40,40,20,800,800,800,10813,"20 (Flies),80 (Stomp)",Ranged,0,2400,250,340,100,150,180,1
Pestilent Bloat#Normal,,,600,40,40,20,800,800,800,8359,"20 (Flies),80 (Stomp)",Ranged,0,2000,250,340,100,150,180,1
Phantom Hand#Left Hand,,,0,0,0,0,0,0,0,10957,6,Crush,0,12,100,50,8,8,1,4
Phantom Hand#Right Hand,,,0,0,0,0,0,0,0,10958,6,Crush,0,12,100,50,8,8,1,4
Phantom Muspah (Deadman)#Annihilation,Air,65,34,120,185,134,261,261,261,15549,34,Stab,0,2000,280,280,200,100,280,5
Phantom Muspah (Deadman)#Permanent,Air,65,34,120,185,134,261,261,261,15549,34,Stab,0,500,280,280,200,100,280,5
Phantom Muspah#Melee,Air,65,34,120,185,134,261,261,261,12078,34,Stab,0,850,280,280,200,150,280,5
Phantom Muspah#Post-shield,Air,65,437,120,185,134,56,56,56,12080,"72 (Ranged),79 (Magic)","Ranged,Magic",0,850,280,280,200,179,335,5
Phantom Muspah#Ranged,Air,65,437,120,185,134,56,56,56,12077,"61 (Ranged),72 (Magic)","Ranged,Magic",0,850,280,280,200,150,280,6
Phantom Muspah#Shielded,Air,65,437,120,185,134,56,56,56,12079,"72 (Ranged),79 (Magic),80 (Shockwave)","Ranged,Magic",0,75,280,280,200,180,336,5
Phantom Muspah#Teleporting,Air,65,437,120,185,134,56,56,56,12082,20 (Lightning cloud),Typeless,0,850,280,280,200,150,280,5
Pheasant#1 tail,,,0,0,0,0,0,0,0,373,1,Stab,0,5,3,3,3,1,1,4
Pheasant#2 tails,,,0,0,0,0,0,0,0,5500,1,Stab,0,5,3,3,3,1,1,4
Pheasant#3 tails,,,0,0,0,0,0,0,0,374,1,Stab,0,5,3,3,3,1,1,4
Pheasant#4 tails,,,0,0,0,0,0,0,0,5502,1,Stab,0,5,3,3,3,1,1,4
Phosani's Nightmare,,,600,40,120,180,600,600,600,"9416,9417,9418,9419,9420,9421,9422,9424,11153,11154,11155","73 (melee),80 (magic/ranged),~85 (dash)","Slash,Ranged,Magic",0,3200,150,150,150,150,150,6
Phrin Shade#Shade,Air,40,0,0,0,0,0,0,0,1280,6,Crush,-3,56,64,47,42,0,0,4
Phrin Shade#Shadow,Air,40,0,0,0,0,0,0,0,1279,6,Crush,-3,56,64,47,42,0,0,4
Pirate (Feldip Gulf),,,0,0,5,17,,,,15456,,,0,35,20,45,10,,,4
Pirate (The Red Reef)#1,,,0,10,10,20,0,0,0,15021,6,Slash,0,38,54,50,35,10,1,4
Pirate (The Red Reef)#2,,,0,10,10,20,0,0,0,15022,6,Slash,0,38,54,50,35,10,1,4
Pirate (The Red Reef)#3,,,0,10,10,20,0,0,0,15023,6,Slash,0,38,54,50,35,10,1,4
Pirate (The Red Reef)#4,,,0,10,10,20,0,0,0,15024,6,Slash,0,38,54,50,35,10,1,4
Pirate (Thieving)#1,,,0,10,10,20,0,0,0,14933,6,Slash,0,38,54,50,35,10,1,4
Pirate (Thieving)#2,,,0,10,10,20,0,0,0,14934,6,Slash,0,38,54,50,35,10,1,4
Pirate (Thieving)#3,,,0,10,10,20,0,0,0,14935,6,Slash,0,38,54,50,35,10,1,4
Pirate (Thieving)#4,,,0,10,10,20,0,0,0,14936,6,Slash,0,38,54,50,35,10,1,4
Pirate (Thieving)#5,,,0,10,10,20,0,0,0,14937,6,Slash,0,38,54,50,35,10,1,4
Pirate captain (Feldip Gulf),,,0,0,5,17,,,,15455,,,0,50,60,70,50,,,4
Pirate Guard,,,0,30,30,39,0,0,0,4926,3,Slash,0,25,18,16,10,1,1,4
Pirate#Asgarnian Ice Dungeon,,,0,0,3,2,0,0,0,523,4,Slash,0,23,23,23,23,1,1,5
Pirate#Brimhaven,,,0,0,3,2,0,0,0,"522,6994",3,Slash,0,20,21,21,21,1,1,5
Pirate#Cabin Fever,,,0,0,0,0,0,0,0,"4043,4044,4045,4046,4047,4048,4049,4050,4051,4052",6,Slash,0,52,49,50,50,1,1,4
Pirate#Pirate's Cove,,,0,0,0,1,0,0,0,"521,6993",3,Slash,0,20,20,20,20,1,1,4
Pirate#Port Piscarilius,,,0,0,0,1,0,0,0,"524,6995",3,Slash,0,20,20,20,20,1,1,4
Pirate#Port Sarim,,,0,0,0,1,0,0,0,1447,3,Slash,0,20,20,20,20,1,1,4
Pit Scorpion,Fire,25,0,5,0,5,0,0,0,3026,3,Stab,0,32,23,23,23,1,1,4
Plague frog,,,0,0,0,0,0,0,0,11586,2,Crush,0,10,18,10,1,1,1,4
Poison Scorpion,Fire,25,0,15,5,15,5,5,5,3025,3,Stab,0,23,16,17,15,1,1,4
Poison spider (Escape Caves),Fire,40,14,10,20,17,14,14,14,11990,8,Typeless Ranged,0,73,1,1,35,1,45,5
Poison spider#Level 31,Fire,40,14,10,20,17,14,14,14,5373,4,Stab,0,25,28,28,28,1,1,4
Poison spider#Level 64,Fire,40,14,10,20,17,14,14,14,"3023,11999",7,Stab,0,64,50,58,52,1,1,4
Poltenip,,,-4,19,18,25,20,20,20,4758,3,Stab,0,22,19,18,14,1,1,4
Porazdir,,,-60,200,200,200,200,200,200,"7515,7860","43 (Magic),16 (Melee)","Magic,Slash",0,320,250,150,100,180,1,6
Porazdir (Deadman)#Annihilation,,,-60,200,200,200,200,200,200,12448,"43 (Magic),16 (Melee)","Magic,Slash",0,2000,250,150,100,180,1,6
Porazdir (Deadman)#Apocalypse,,,-60,200,200,200,200,200,200,12448,"43 (Magic),16 (Melee)","Magic,Slash",0,320,250,150,100,180,1,6
Porazdir (Deadman)#Armageddon,,,-60,200,200,200,200,200,200,12448,"43 (Magic),16 (Melee)","Magic,Slash",0,500,250,150,100,180,1,6
Porazdir (Deadman)#Permanent,,,-60,200,200,200,200,200,200,12448,"43 (Magic),16 (Melee)","Magic,Slash",0,500,250,150,100,180,1,6
Porcupine,Fire,20,0,0,0,0,0,0,0,13968,1,Slash,0,5,4,5,2,1,1,4
"Portal (Pest Control)#Blue, Intermediate/veteran",,,0,100,100,100,100,100,100,1740,0 (Does not attack),None,-2,250,0,0,120,0,0,-1
"Portal (Pest Control)#Blue, Intermediate/veteran (shielded)",,,0,100,100,100,100,100,100,1744,0 (Does not attack),None,-2,250,0,0,120,0,0,-1
"Portal (Pest Control)#Blue, Novice",,,0,100,100,100,100,100,100,1748,0 (Does not attack),None,-2,200,0,0,120,0,0,-1
"Portal (Pest Control)#Blue, Novice (shielded)",,,0,100,100,100,100,100,100,1752,0 (Does not attack),None,-2,200,0,0,120,0,0,-1
"Portal (Pest Control)#Purple, Intermediate/veteran",,,100,100,100,100,0,0,0,1739,0 (Does not attack),None,-2,250,0,0,120,0,0,-1
"Portal (Pest Control)#Purple, Intermediate/veteran (shielded)",,,100,100,100,100,0,0,0,1743,0 (Does not attack),None,-2,250,0,0,120,0,0,-1
"Portal (Pest Control)#Purple, Novice",,,100,100,100,100,0,0,0,1747,0 (Does not attack),None,-2,200,0,0,120,0,0,-1
"Portal (Pest Control)#Purple, Novice (shielded)",,,100,100,100,100,0,0,0,1751,0 (Does not attack),None,-2,200,0,0,120,0,0,-1
"Portal (Pest Control)#Red, Intermediate/veteran",,,100,0,100,100,100,100,100,1742,0 (Does not attack),None,-2,250,0,0,120,0,0,-1
"Portal (Pest Control)#Red, Intermediate/veteran (shielded)",,,100,0,100,100,100,100,100,1746,0 (Does not attack),None,-2,250,0,0,120,0,0,-1
"Portal (Pest Control)#Red, Novice",,,100,0,100,100,100,100,100,1750,0 (Does not attack),None,-2,200,0,0,120,0,0,-1
"Portal (Pest Control)#Red, Novice (shielded)",,,100,0,100,100,100,100,100,1754,0 (Does not attack),None,-2,200,0,0,120,0,0,-1
"Portal (Pest Control)#Yellow, Intermediate/veteran",,,100,100,0,0,100,100,100,1741,0 (Does not attack),None,-2,250,0,0,120,0,0,-1
"Portal (Pest Control)#Yellow, Intermediate/veteran (shielded)",,,100,100,0,0,100,100,100,1745,0 (Does not attack),None,-2,250,0,0,120,0,0,-1
"Portal (Pest Control)#Yellow, Novice",,,100,100,0,0,100,100,100,1749,0 (Does not attack),None,-2,200,0,0,120,0,0,-1
"Portal (Pest Control)#Yellow, Novice (shielded)",,,100,100,0,0,100,100,100,1753,0 (Does not attack),None,-2,200,0,0,120,0,0,-1
Portal (wighted leech),,,0,0,0,0,0,0,0,12334,,None,0,30,1,1,1,1,1,0
Possessed pickaxe#Catacombs of Kourend,,,5,5,15,10,10,10,10,7268,6,Stab,0,40,40,55,40,1,1,4
Possessed pickaxe#Regular,,,5,5,15,10,10,10,10,"3612,6469",6,Stab,0,40,40,55,40,1,1,4
Possessed Priest,,,0,90,90,0,0,0,0,4210,6,"Magic,Crush",0,90,90,90,40,60,1,4
Praying mantis#Brown,,,0,5,10,15,10,10,10,15431,2,Stab,0,18,12,12,10,1,1,4
Praying mantis#Green,,,0,5,10,15,10,10,10,15430,2,Stab,0,18,12,12,10,1,1,4
Praying mantis#Orchid,,,0,5,10,15,10,10,10,15432,2,Stab,0,18,12,12,10,1,1,4
Prince Itzla Arkan,,,10,20,30,30,30,30,30,"13784,13785","12 (normal),16 (special attack)",Slash,0,250,150,110,75,55,1,4
Pygmy kraken,Earth,50,-63,0,0,0,75,60,120,15206,10,Magic,0,150,1,1,50,90,1,5
Pyrefiend#Level 43,Water,100,0,10,10,10,10,10,10,"433,434,435,436",4,Magical melee,0,45,52,30,22,1,1,4
Pyrefiend#Level 48,Water,100,0,10,10,10,10,10,10,3139,5,Magical melee,0,48,60,36,22,1,1,4
Pyrelord#1,Water,100,0,10,10,10,10,10,10,6762,5,Magical melee,0,80,60,40,30,1,1,4
Pyrelord#2,Water,100,0,10,10,10,10,10,10,6795,5,Magical melee,0,80,60,40,30,1,1,4
Queen spawn,,,0,0,0,0,0,0,0,5776,7,Crush,0,45,60,62,50,1,1,4
Rabbit (Prifddinas),,,150,150,150,150,200,200,200,9118,40,Typeless Crush,0,2000,600,200,450,300,1,3
Rabbit#Enchanted Valley,fire,20,0,0,0,0,0,0,0,"1852,1853",1,Crush,0,1,1,1,1,1,1,4
Rabbit#Miscellania,fire,20,-42,-42,-42,-42,-42,-42,-42,"3664,3665",1,Crush,0,5,1,1,1,1,1,4
Rabbit#Tirannwn,fire,20,-42,-42,-42,-42,-42,-42,-42,"3420,3421,3422",1,Crush,0,5,1,1,1,1,1,4
Rabbit#Varlamore,fire,20,-42,-42,-42,-42,-42,-42,-42,"12851,12852,12853",1,Crush,0,5,1,1,1,1,1,4
Radat,,,-4,19,18,25,20,20,20,4759,3,Stab,0,22,19,18,14,1,1,4
Radiant sanguisphera,,,0,0,0,0,0,0,0,12370,1,Magic,0,20,1,1,1,1,1,4
Ragnar (Miscellania),,,0,0,0,0,0,0,0,3674,1,Crush,0,1,1,1,1,1,1,4
Ragnvald,,,-12,-12,-12,-12,-12,-12,-12,3687,1,Crush,0,1,3,3,3,1,1,4
Ram#1,Fire,20,-21,-21,-21,-21,-21,-21,-21,1262,1,Crush,0,8,1,1,1,1,1,4
Ram#2,Fire,20,-21,-21,-21,-21,-21,-21,-21,1263,1,Crush,0,8,1,1,1,1,1,4
Ram#3,Fire,20,-21,-21,-21,-21,-21,-21,-21,1264,1,Crush,0,8,1,1,1,1,1,4
Ram#Monastery,Fire,20,-21,-21,-21,-21,-21,-21,-21,1265,1,Crush,0,8,1,1,1,1,1,4
Ram#Sheared,Fire,20,-21,-21,-21,-21,-21,-21,-21,1261,1,Crush,0,8,1,1,1,1,1,4
Ranalph Devere,Air,10,0,36,38,40,38,38,38,3966,13,Slash,0,130,66,67,66,0,0,4
Ranging Ro#Annihilation,,,200,100,100,100,100,100,100,13664,16,Ranged,0,3500,10,30,100,15,150,4
Ranging Ro#Armageddon,,,200,100,100,100,100,100,100,13664,16,Ranged,0,1500,10,30,100,15,150,4
Ranging Ro#Permanent,,,200,100,100,100,100,100,100,13664,16,Ranged,0,1500,10,30,100,15,150,4
Ranis Drakan#A Taste of Hope,,,60,60,60,60,60,60,60,"8242,8243,8244,8245,8246,8247",20,"Magic,Slash",0,400,120,120,120,120,1,5
Ranis Drakan#A Taste of Hope (1/4th health),,,60,60,60,60,60,60,60,8248,6,Slash,0,400,120,120,120,120,1,2
Rannveig,,,-12,-12,-12,-12,-12,-12,-12,3681,1,Crush,0,1,3,3,3,1,1,4
Rat Boss Test NPC,,,,,,,,,,-1,,,0,,,,,,,
Rat#Regular,,,-42,-42,-42,-42,-42,-42,-42,"2854,2855",0,Crush,0,2,1,1,1,1,1,4
Rat#Stronghold of Security,,,-42,-42,-42,-42,-42,-42,-42,"2492,2513",0,Crush,0,2,1,1,1,1,1,4
Ravager#Level 106,,,0,0,0,0,0,0,0,1708,17,Crush,0,83,67,157,53,0,0,4
Ravager#Level 36,,,0,0,0,0,0,0,0,1704,7,Crush,0,23,27,57,13,0,0,4
Ravager#Level 53,,,0,0,0,0,0,0,0,1705,9,Crush,0,38,37,82,23,0,0,4
Ravager#Level 71,,,0,0,0,0,0,0,0,1706,12,Crush,0,53,47,107,33,0,0,4
Ravager#Level 89,,,0,0,0,0,0,0,0,1707,14,Crush,0,68,57,132,43,0,0,4
Reanimated abyssal,,,0,20,20,20,20,20,20,7038,8,Stab,0,35,97,67,135,1,1,4
Reanimated aviansie,,,0,0,0,0,0,0,0,7037,1,Slash,0,35,71,1,70,1,1,5
Reanimated bear,,,0,0,0,0,0,0,0,7023,6,Slash,0,15,17,18,15,1,1,4
Reanimated bloodveld,,,0,0,0,0,0,0,0,7034,6,Magical melee,0,35,75,45,30,1,1,4
Reanimated chaos druid,,,0,0,0,0,0,0,0,7026,6,Crush,0,35,8,8,12,10,1,4
Reanimated dagannoth,,,0,0,0,0,0,0,0,7033,10,Ranged,0,35,78,78,81,1,50,4
Reanimated demon,,,-10,0,0,0,0,0,0,7036,8,Slash,0,35,68,70,71,1,1,4
Reanimated demon spawn,,,-10,0,0,0,0,0,0,7287,8,Slash,0,85,80,70,71,1,1,4
Reanimated dog,,,0,0,0,0,0,0,0,7025,6,Stab,0,35,53,54,54,1,1,4
Reanimated dragon,,,30,40,20,40,20,20,20,7039,"8 (Melee),50 (Dragonfire)","Slash,Dragonfire",0,35,68,68,68,68,1,4
Reanimated elf,,,60,40,5,20,50,50,50,7029,10,Crush,0,35,95,95,80,1,1,4
Reanimated giant,,,0,0,0,0,0,0,0,7027,6,Crush,0,35,18,22,26,1,1,6
Reanimated goblin,,,-15,-15,-15,-15,-15,-15,-15,7018,3,Melee,0,5,1,1,1,1,1,4
Reanimated hellhound,,,0,0,0,0,0,0,0,11463,11,Stab,0,35,105,104,102,1,1,4
Reanimated horror,,,0,0,0,0,0,0,0,7031,8,Crush,0,35,70,70,55,1,1,4
Reanimated imp,,,-42,-42,-42,-42,-42,-42,-42,7020,3,Stab,0,5,1,1,1,1,1,4
Reanimated kalphite,,,50,5,25,25,50,50,50,7032,12,Crush,0,35,110,110,110,1,1,4
Reanimated minotaur,,,-21,-21,-21,-21,-21,-21,-21,7021,5,Crush,0,10,12,10,10,1,1,4
Reanimated monkey,,,0,0,0,0,0,0,0,7019,3,Crush,0,5,2,2,3,1,1,4
Reanimated ogre,,,0,0,0,0,0,0,0,7028,8,Stab,0,35,43,43,43,1,1,6
Reanimated scorpion,,,5,15,5,15,0,0,0,7022,5,Stab,0,15,11,12,11,1,1,4
Reanimated troll,,,200,10,0,0,200,200,200,7030,11,Crush,0,35,40,75,40,1,1,4
Reanimated TzHaar,,,0,0,0,0,0,0,0,7035,15,Crush,0,35,120,140,120,40,1,5
Reanimated unicorn,,,0,0,0,0,0,0,0,7024,6,Stab,0,15,11,13,13,1,1,4
Red dragon (Realm of Memories),,,60,70,50,70,50,50,50,-1,,,0,140,130,130,130,1,1,4
Red dragon (Scrambled!),Water,50,60,70,10,70,50,15,50,14511,10,"Slash,Dragonfire",0,100,90,90,90,1,1,4
Red dragon#1,Water,50,60,70,0,70,50,10,50,247,"14 (Melee),50 (Dragonfire)","Slash,Dragonfire",0,140,130,130,130,1,1,4
Red dragon#2,Water,50,60,70,0,70,50,10,50,"248,8075,8078,8079","14 (Melee),50 (Dragonfire)","Slash,Dragonfire",0,140,130,130,130,1,1,4
Red dragon#3,Water,50,60,70,0,70,50,10,50,249,"14 (Melee),50 (Dragonfire)","Slash,Dragonfire",0,140,130,130,130,1,1,4
Red dragon#4,Water,50,60,70,0,70,50,10,50,250,"14 (Melee),50 (Dragonfire)","Slash,Dragonfire",0,140,130,130,130,1,1,4
Red dragon#5,Water,50,60,70,0,70,50,10,50,251,"14 (Melee),50 (Dragonfire)","Slash,Dragonfire",0,140,130,130,130,1,1,4
Redeyes,,,5,5,10,10,20,20,20,"11272,11299",14,"Melee,Magic",0,160,70,70,70,70,1,4
Reef snake,,,100,120,120,120,,,,15499,,,0,160,,,100,100,170,5
Renegade knight,,,0,62,99,82,0,0,0,3517,5,Slash,0,48,28,28,28,1,1,4
Repugnant spectre,Air,40,0,120,120,120,115,115,115,7403,39,Magic,0,380,1,1,220,380,1,4
Respiratory system,,,0,0,0,0,0,0,0,5914,0,None,0,50,0,0,80,0,0,-1
Revenant cyclops,Air,30,10,135,110,130,135,95,135,7934,16,"Crush,Ranged,Magic",0,110,60,73,49,65,70,6
Revenant dark beast,Air,30,70,155,113,152,158,118,158,7938,23,"Crush,Ranged,Magic",0,140,93,110,80,130,135,5
Revenant demon,Air,30,85,130,124,118,90,90,90,7936,15,"Crush,Ranged,Magic",0,80,83,76,80,120,80,5
Revenant dragon,Air,30,101,188,143,206,197,157,197,7940,30,"Slash,Ranged,Magic",0,155,106,126,87,150,151,5
Revenant goblin,Air,30,1,31,25,28,31,31,31,7931,3,"Crush,Ranged,Magic",0,14,13,14,14,12,15,5
Revenant hellhound,Air,30,62,142,98,140,140,140,110,7935,14,"Stab,Ranged,Magic",0,80,76,80,80,104,80,5
Revenant hobgoblin,Air,30,30,68,65,60,50,20,50,7933,8,"Slash,Ranged,Magic",0,72,50,50,41,55,60,4
Revenant imp,Air,30,5,0,0,0,0,0,0,7881,2,"Stab,Ranged,Magic",0,10,5,5,4,9,5,5
Revenant knight,Air,30,95,180,145,200,190,150,190,7939,27,"Slash,Ranged,Magic",0,143,100,119,80,146,146,5
Revenant maledictus,,,101,188,201,206,231,231,231,11246,30,"Ranged,Magic",0,1250,106,126,90,130,130,5
Revenant ork,Air,30,50,146,118,150,148,118,148,7937,20,"Slash,Ranged,Magic",0,105,99,100,60,110,130,5
Revenant pyrefiend,Air,30,15,50,45,40,10,10,10,7932,5,"Crush,Ranged,Magic",0,48,60,40,33,67,40,5
River troll (random event)#Level 120,,,0,0,0,0,0,0,0,-1,11,Crush,0,120,100,100,100,1,1,4
River troll (random event)#Level 14,,,0,0,0,0,0,0,0,-1,2,Crush,0,25,9,9,9,1,1,4
River troll (random event)#Level 159,,,0,0,0,0,0,0,0,-1,14,Crush,0,170,130,130,130,1,1,4
River troll (random event)#Level 29,,,0,0,0,0,0,0,0,-1,4,Crush,0,40,22,22,22,1,1,4
River troll (random event)#Level 49,,,0,0,0,0,0,0,0,-1,5,Crush,0,60,38,38,38,1,1,4
River troll (random event)#Level 79,,,0,0,0,0,0,0,0,-1,7,Crush,0,85,65,65,65,1,1,4
River troll#Level 120,earth,20,0,0,0,0,0,0,0,6736,11,Crush,0,120,100,100,100,1,1,4
River troll#Level 14,earth,20,0,0,0,0,0,0,0,6732,2,Crush,0,25,9,9,9,1,1,4
River troll#Level 159,earth,20,0,0,0,0,0,0,0,6737,14,Crush,0,170,130,130,130,1,1,4
River troll#Level 29,earth,20,0,0,0,0,0,0,0,6733,4,Crush,0,40,22,22,22,1,1,4
River troll#Level 49,earth,20,0,0,0,0,0,0,0,6734,5,Crush,0,60,38,38,38,1,1,4
River troll#Level 79,earth,20,0,0,0,0,0,0,0,6735,7,Crush,0,85,65,65,65,1,1,4
Riyl Shade#Shade,Air,40,0,0,0,0,0,0,0,1282,6,Crush,-3,76,88,55,60,0,0,4
Riyl Shade#Shadow,Air,40,0,0,0,0,0,0,0,1281,6,Crush,-3,76,88,55,60,0,0,4
Riyl shadow (Temple Trekking),Air,40,0,0,0,0,0,0,0,5631,7,Crush,0,76,87,56,60,50,50,4
Robert the Strong,,,940,60,140,180,860,860,860,8057,"34 (Ranged),50+ (Special)",Ranged,0,280,0,0,140,128,328,4
Rock (Troll),earth,20,200,35,35,60,200,180,200,925,30,Slash,0,140,70,110,70,0,0,4
Rock Crab#Active,Earth,20,0,0,0,0,0,0,0,"100,102",1,Crush,0,50,1,1,1,1,1,4
Rock Crab#Hidden,Earth,20,0,0,0,0,0,0,0,"101,103",1,Crush,0,50,1,1,1,1,1,4
Rock Golem (monster)#Level 115,Earth,40,0,0,0,0,0,0,0,6729,8,Ranged,2,100,100,100,100,1,75,4
Rock Golem (monster)#Level 13,Earth,40,0,0,0,0,0,0,0,6725,2,Ranged,1,20,9,9,9,1,8,4
Rock Golem (monster)#Level 154,Earth,40,0,0,0,0,0,0,0,6730,9,Ranged,2,150,130,130,130,1,80,4
Rock Golem (monster)#Level 27,Earth,40,0,0,0,0,0,0,0,6726,3,Ranged,1,30,22,22,22,1,20,4
Rock Golem (monster)#Level 46,Earth,40,0,0,0,0,0,0,0,6727,4,Ranged,1,50,38,38,38,1,35,4
Rock Golem (monster)#Level 76,Earth,40,0,0,0,0,0,0,0,6728,8,Ranged,1,70,65,65,65,1,70,4
Rock lobster#Active,Earth,25,50,50,100,100,150,90,150,5944,11,Crush,0,150,100,100,100,1,1,2
Rock lobster#Hidden,Earth,25,50,50,100,100,150,90,150,5945,11,Crush,0,150,100,100,100,1,1,2
Rockslug#Adult,Earth,25,0,0,0,0,0,0,0,"421,14423",4,Crush,0,27,22,27,27,1,1,4
Rockslug#Baby,Earth,25,0,0,0,0,0,0,0,422,4,Crush,0,27,22,27,27,1,1,4
Rocnar,,,0,0,0,0,0,0,0,143,12,Crush,0,100,80,80,80,1,1,6
Rogue#Level 135,,,0,0,0,0,0,0,0,6603,15,Crush,0,125,140,140,150,1,1,4
Rogue#Level 15,,,0,11,6,9,0,0,0,526,2,Stab,0,17,13,13,13,1,1,4
Rooster#Level 2,,,-42,-42,-42,-42,-42,-42,-42,3663,0,Stab,0,5,1,1,1,1,1,4
Rooster#Level 3,,,-42,-42,-42,-42,-42,-42,-42,1175,1,Stab,0,7,2,2,1,1,1,4
Rowdy Guard,,,,,,,,,,4654,,,0,60,32,32,32,1,0,
Rowdy slave,,,0,0,0,0,0,0,0,4634,2,Crush,0,16,7,7,7,0,0,4
Rune dragon,Earth,50,30,90,20,115,95,50,95,"8031,8091","29 (Melee),31 (Ranged),26 (Magic),40 (range special),50 (Dragonfire)","Slash,Ranged,Magic,Dragonfire",0,330,284,284,276,196,246,4
Rune dragon (Construction),Earth,50,30,90,20,115,95,50,95,8027,"29 (Melee),31 (Ranged),26 (Magic),40 (range special),50 (Dragonfire)","Slash,Ranged,Magic,Dragonfire",0,330,284,284,276,196,246,4
RuneScape:Templates,,,,,,,,,,-1,,,0,,,,,,,
Runite Golem,Earth,60,0,0,0,0,0,0,0,6600,16,Crush,4,120,140,150,165,1,1,4
Ruptura Araxyte,Fire,50,-10,25,25,25,25,25,25,13673,15,All,0,58,150,120,50,1,60,6
Rusty,,,-15,-15,-15,-15,-15,-15,-15,3281,1,Crush,0,7,1,1,1,1,1,4
Salarin the twisted,,,0,0,0,0,0,0,0,304,7,Crush,0,70,58,58,62,1,1,4
San Tojalon,Air,10,-1,20,18,22,20,20,20,3964,12,Stab,0,120,86,84,86,0,0,4
Sand Crab#Active,earth,20,0,0,0,0,0,0,0,"5935,7206",1,Crush,0,60,1,1,1,1,1,4
Sand Crab#Hidden,earth,20,0,0,0,0,0,0,0,"5936,7207",1,Crush,0,60,1,1,1,1,1,4
Sand Snake,Earth,40,0,0,0,0,0,0,0,7903,3,Crush,0,60,30,20,20,1,1,4
Sand Snake (Nightmare Zone)#Hard,Earth,40,0,0,0,0,0,0,0,7894,15,Crush,0,180,180,140,20,1,1,4
Sand Snake (Nightmare Zone)#Normal,Earth,40,0,0,0,0,0,0,0,7895,3,Crush,0,60,30,20,20,1,1,4
Sanguidae#Empty,fire,40,5,10,10,5,10,10,10,16223,10,Stab,0,10,200,90,30,30,1,3
Sanguidae#Full,fire,40,5,10,10,5,10,10,10,16225,10,Stab,0,10,200,90,30,30,1,3
Sanguidae#Partially full,fire,40,5,10,10,5,10,10,10,"15756,16224",10,Stab,0,10,200,90,30,30,1,3
Sarachnis,Fire,40,150,10,60,40,300,300,300,8713,31,"Melee,Ranged",0,400,200,240,150,150,300,4
Saradomin priest,,,5,13,12,14,13,13,13,2209,20,Magic,0,89,120,46,120,125,1,5
Saradomin wizard,,,30,0,0,0,0,0,0,2955,"14 (Melee),20 (Magic)","Stab,Magic",0,120,100,80,80,80,1,4
SAS Member,,,,,,,,,,-1,,,0,,,,,,,
Scarab (Tombs of Amascut),Fire,40,0,0,0,0,0,0,0,11697,6,Ranged,0,12,20,32,28,1,50,4
Scarab Mage#Level 119 (Beneath Cursed Sands),Fire,50,30,20,0,20,0,0,0,11508,16,Magic,0,120,1,1,60,100,1,5
Scarab Mage#Level 66 (Contact!),Fire,50,34,90,40,90,0,0,0,799,17,Magic,0,50,90,90,90,70,1,15
Scarab Mage#Level 93,Fire,50,34,90,40,90,0,0,0,794,17,Magic,0,50,90,90,90,70,1,15
Scarab Swarm (Beneath Cursed Sands),,,-100,-100,-100,-100,-100,-100,-100,11484,1,Slash,0,5,255,5,2,1,1,1
Scarab Swarm (Tombs of Amascut),Fire,40,-100,-100,-100,-100,-100,-100,-100,11723,1,None,0,10,1,1,0,1,1,4
Scarab Swarm#Normal,Fire,50,90,5,90,90,90,90,90,4192,1,Slash,0,25,255,5,30,1,1,1
Scarab Swarm#Pyramid Plunder,Fire,50,90,5,90,90,90,90,90,1782,1,Slash,0,25,255,5,30,1,1,1
Scarabs,fire,50,15,15,15,15,15,15,15,729,1,Slash,0,25,255,2,10,1,1,1
Scarred black demon,Water,40,-10,0,0,0,0,0,0,12386,17,Slash,0,157,145,160,152,1,1,4
Scarred greater demon#Level 113,Water,40,-10,0,0,0,0,0,0,12373,10,Slash,0,180,90,90,40,1,1,4
Scarred greater demon#Level 95,Water,40,-10,0,0,0,0,0,0,12388,10,Slash,0,87,76,88,81,1,1,4
Scarred hellhound,Water,50,0,0,0,0,0,0,0,"12374,12379",11,Stab,0,25,105,104,50,1,1,4
Scarred imp,Water,10,0,0,0,0,0,0,0,12377,1,Stab,0,25,1,1,50,1,1,4
Scarred lesser demon#Level 121 (mage),Water,40,0,0,0,0,0,0,0,12360,12,Magic,0,100,110,110,110,110,110,4
Scarred lesser demon#Level 121 (melee),Water,40,0,0,0,0,0,0,0,12362,12,Crush,0,100,110,110,110,110,110,3
Scarred lesser demon#Level 121 (ranged),Water,40,0,0,0,0,0,0,0,12364,12,Ranged,0,100,110,110,110,110,110,4
Scarred lesser demon#Level 121 (summoning circle),Water,40,0,0,0,0,0,0,0,12378,19,Crush,0,70,120,148,90,1,1,4
Scarred lesser demon#Level 85,Water,40,-10,0,0,0,0,0,0,12390,9,Slash,0,79,68,80,71,1,1,4
Scavenger beast#Challenge Mode,,,0,0,0,0,0,0,0,7549,27,Crush,0,45,180,180,67,1,1,4
Scavenger beast#Normal,,,0,0,0,0,0,0,0,7548,13,Crush,0,30,120,120,45,1,1,4
Scavenger runt,,,,,,,,,,-1,Varies,Melee,0,,,,,,,4
Scion,,,-10,0,0,0,0,0,0,"5918,6177","16 (Ranged),10 (Melee)","Ranged,Crush",0,50,120,90,50,1,100,4
Scorpia,Fire,35,44,284,246,284,284,284,284,6615,16,Stab,0,200,250,150,180,1,1,4
Scorpia's guardian,Fire,35,0,0,0,0,0,0,0,6617,4,None,0,70,1,1,60,30,30,0
Scorpia's offspring (monster),Fire,35,-40,0,0,0,0,0,0,6616,2,Ranged,0,2,1,1,1,1,30,4
Scorpion (Realm of Memories),,,0,15,5,15,5,5,5,-1,,,0,17,11,12,11,1,1,4
Scorpion#Level 1,Fire,25,-53,-53,-53,-53,-53,-53,-53,14940,0,Stab,0,2,1,1,1,1,1,4
Scorpion#Level 14,Fire,25,0,15,5,15,5,5,5,"3024,13001",2,Stab,0,17,11,12,11,1,1,4
Scorpion#Level 37,Fire,25,30,15,35,15,35,35,35,2480,4,Stab,0,37,31,32,31,1,1,4
Scorpion#Level 38,Fire,25,0,0,0,0,0,0,0,5242,15,Stab,0,15,50,50,10,10,1,4
Scorpion#Level 59,Fire,25,0,15,5,15,55,55,55,2479,6,Stab,0,55,50,52,50,1,1,4
Screaming banshee,Air,40,0,13,13,13,13,13,13,7390,7,Magical melee,0,61,65,61,56,1,1,4
Screaming twisted banshee,Air,40,0,25,25,25,25,25,25,7391,12,Magical melee,0,220,103,110,80,1,1,4
Scurrius (Deadman)#Annihilation,,,10,20,20,20,20,20,20,15548,36,Slash,0,5000,300,300,100,100,100,5
Scurrius (Deadman)#Permanent,,,10,20,20,20,20,20,20,15548,36,Slash,0,1000,300,300,100,100,100,5
Scurrius#Group,,,10,20,20,20,20,20,20,7221,"13 (Melee),14 (Magic),13 (Ranged),24 (Rockfall)","Magic,Ranged,Melee",0,1500,300,100,100,100,100,4
Scurrius#Solo,,,10,20,20,20,20,20,20,7222,"13 (Melee),8 (Magic),7 (Ranged),22 (Rockfall)","Magic,Ranged,Melee",0,500,300,100,60,50,50,4
Sea hawk,,,0,0,0,0,30,10,30,-1,6,Stab,0,80,70,50,0,1,0,4
Sea monodon,,,,,,,,,,-1,,,0,360,50,,100,,25,
Sea Snake Hatchling,Earth,20,0,0,0,0,0,0,0,1098,6,Crush,0,50,60,55,50,1,1,4
Sea Snake Young,Earth,20,0,0,0,0,0,0,0,1097,8,Crush,0,85,90,70,70,1,1,4
Sea Troll Queen,earth,15,40,40,20,40,0,0,0,4315,"16 (Melee),37 (Magic),254 (on Wise Old Man)","Crush,Magic",0,200,100,70,100,150,1,4
Sea troll#Level 101,earth,15,0,0,0,0,0,0,0,4311,10,Crush,0,80,90,90,90,1,1,4
Sea troll#Level 65,earth,15,0,0,0,0,0,0,0,4309,6,Crush,0,80,50,50,50,1,1,4
Sea troll#Level 79,earth,15,0,0,0,0,0,0,0,4308,7,Crush,0,100,60,60,60,1,1,3
Sea troll#Level 87,earth,15,0,0,0,0,0,0,0,4310,8,Crush,0,80,75,75,75,1,1,4
Seagull (Icyene Graveyard),Air,20,-42,-42,-42,-42,-42,-42,-42,9609,0,Crush,0,10,1,1,1,1,1,4
Seagull#Level 2,air,20,-42,-42,-42,-42,-42,-42,-42,1338,0,Crush,0,6,1,1,1,1,1,4
Seagull#Level 3,air,20,-42,-42,-42,-42,-42,-42,-42,"1339,14938",0,Crush,0,10,1,1,1,1,1,4
Seal (Sailing alpha),,,,,,,,,,-1,,,0,,,,,,,
Sergeant (Shayzien),,,-12,18,16,16,27,27,27,"11073,11075,11077,11079,11081,11083,11085,11087,11198",10,Crush,0,86,75,73,61,1,1,4
Sergeant Grimspike,,,0,0,0,0,0,0,0,2218,21,Ranged,0,146,80,80,132,50,150,5
Sergeant Steelwill,,,0,0,0,0,0,0,0,2217,15,Magic,0,127,80,50,150,150,1,5
Sergeant Strongstack,,,0,0,0,0,0,0,0,2216,15,Crush,0,128,124,118,125,50,50,5
Serpent shaman,,,15,30,30,30,50,50,50,12811,28,Magic,0,125,100,90,90,220,160,5
Servant (Burthorpe),,,-12,-12,-12,-12,-12,-12,-12,4104,1,Crush,0,10,3,3,3,1,1,4
Shade (Temple Trekking),Air,40,0,0,0,0,0,0,0,5633,15,Crush,-3,115,130,136,100,50,50,4
Shade#Catacombs of Kourend,Air,40,0,0,0,0,0,0,0,7258,15,Crush,-3,115,130,136,100,50,50,4
Shade#Stronghold of Security,,,0,0,0,0,0,0,0,6740,14,Crush,-3,170,130,130,130,1,1,4
Shadow (Temple of Light),Air,40,30,30,30,30,30,30,30,4004,13,Crush,0,15,90,120,5,90,1,4
Shadow Hound,,,0,0,0,0,0,0,0,3449,6,Stab,0,62,53,54,54,1,1,4
Shadow Keeper,,,0,0,0,0,0,0,0,12248,12,Slash,0,100,140,110,100,100,1,4
Shadow Rift,,,0,0,0,0,0,0,0,11485,0 (~48 if not defeated),None,0,20,1,1,10,1,1,-1
Shadow spider,fire,40,15,10,20,15,15,15,15,3016,5,Stab,0,55,44,42,44,1,1,4
Shadow warrior,,,15,19,43,31,38,38,38,2853,6,Slash,0,67,36,33,36,0,0,4
Shadow warrior (RuneScape 2 Beta),,,,,,,,,,-1,,,0,,,,,,,
Shadow Wyrm#Attacking,Earth,50,50,100,20,100,0,20,20,10399,28,"Magic,Slash",2,290,300,180,125,160,125,4
Shadow Wyrm#Idle,Earth,50,50,100,20,100,0,20,20,10398,28,"Magic,Slash",2,290,300,180,125,160,125,4
Shaeded Beast,,,150,100,50,30,50,50,50,8709,30,Magic,0,210,50,80,50,250,1,4
Shantay Guard,,,6,18,12,15,15,15,15,"4643,4648",3,Stab,0,32,17,16,16,0,0,4
Shark (Sailing alpha),,,0,0,0,0,50,20,50,-1,4,Slash,0,60,100,30,0,1,0,4
Shellbane gryphon,Air,50,100,40,10,20,60,60,60,14860,22 <br/> 64 (whirlwinds) <br/> 30 (knockback),"Melee,Ranged",0,400,160,210,120,100,150,5
Shellbane gryphon (Troubled Tortugans),Air,50,100,40,10,20,60,60,60,15010,22,"Melee,Ranged",0,400,160,210,120,100,150,5
Shifter#Level 104,,,0,0,0,0,0,0,0,"1702,1703",9,Stab,0,83,110,83,83,60,0,4
Shifter#Level 38,,,0,0,0,0,0,0,0,"1694,1695",5,Stab,0,23,47,37,23,27,0,4
Shifter#Level 57,,,0,0,0,0,0,0,0,"1696,1697",6,Stab,0,38,67,52,38,37,0,4
Shifter#Level 76,,,0,0,0,0,0,0,0,"1698,1699",8,Stab,0,53,87,67,53,47,0,4
Shifter#Level 90,,,0,0,0,0,0,0,0,"1700,1701",8,Stab,0,68,100,75,68,50,0,4
Shipyard worker#1,,,0,0,0,0,0,0,0,5457,2,Crush,0,10,10,10,10,0,0,4
Shipyard worker#2,,,0,0,0,0,0,0,0,5729,2,Crush,0,10,10,10,10,0,0,4
Shockwave Colossus,,,5,15,15,15,35,35,35,12819,56,Magic,0,125,120,190,150,350,220,5
Sigmund#Another Slice of H.A.M.,,,0,0,0,0,0,0,0,"5139,5142,5143,5144,5145,5146,5329",6,Crush,0,70,55,55,44,1,1,4
Sigmund#Death to the Dorgeshuun,,,0,0,0,0,0,0,0,"990,991,992,993,994,4328",5,Crush,0,60,45,45,24,1,1,4
Sir Bedivere,,,0,190,15,0,0,0,0,"4345,4361",14,Crush,0,90,99,95,99,1,1,5
Sir Carl,,,-10,76,87,84,79,79,79,8988,8,Slash,0,57,54,54,54,1,1,5
Sir Gawain,,,0,300,65,90,0,0,0,"4348,4356",19,Slash,0,110,110,105,100,1,1,5
Sir Harry,,,-10,76,87,84,79,79,79,8989,8,Slash,0,57,54,54,54,1,1,5
Sir Jerro,,,-10,76,87,84,79,79,79,8987,8,Slash,0,57,54,54,54,1,1,5
Sir Kay,,,0,65,45,300,0,0,0,"4349,4355",22,Slash,0,110,110,110,100,1,1,5
Sir Lancelot,,,0,300,300,85,0,0,0,"4344,4354",23,Crush,0,115,110,110,110,1,1,4
Sir Leye,,,0,0,0,0,0,0,0,4682,3,Crush,0,20,18,18,15,1,1,5
Sir Lucan,,,0,45,275,65,0,0,0,"4342,4357",19,Stab,0,105,105,110,99,1,1,5
Sir Mordred,,,0,45,99,82,0,0,0,3527,5,Slash,0,38,33,33,33,1,1,4
Sir Palomedes,,,0,50,250,250,0,0,0,"4343,4358",18,Slash,0,100,105,105,100,1,1,5
Sir Pelleas,,,0,5,200,-5,0,0,0,"4347,4360",15,Stab,0,99,95,99,98,1,1,5
Sir Tristram,,,0,225,0,0,0,0,0,"4346,4359",15,Crush,0,105,99,99,99,1,1,5
Siren (Sailing alpha),,,,,,,,,,-1,,,0,,,,,,,
Skeletal miner,,,1,-2,9,11,4,4,4,3615,6,Stab,0,39,35,37,38,1,1,4
Skeletal Mystic#Challenge Mode,,,140,75,155,155,115,75,115,"7604,7605,7606",Varies,"Magic,Melee",0,240,210,210,280,210,1,4
Skeletal Mystic#Normal,,,140,75,155,155,115,75,115,"7604,7605,7606",Varies,"Magic,Melee",0,160,140,140,187,140,1,4
Skeletal Wyvern#1,Fire,25,80,90,140,90,140,140,140,468,"13 (Ranged),13 (Melee),50+ (Icy breath)","Ranged,Slash,Icy breath",0,200,125,116,120,125,120,6
Skeletal Wyvern#2,Fire,25,80,90,140,90,140,140,140,465,"13 (Ranged),13 (Melee),50+ (Icy breath)","Ranged,Slash,Icy breath",0,200,125,116,120,125,120,6
Skeletal Wyvern#3,Fire,25,80,90,140,90,140,140,140,466,"13 (Ranged),13 (Melee),50+ (Icy breath)","Ranged,Slash,Icy breath",0,200,125,116,120,125,120,6
Skeletal Wyvern#4,Fire,25,80,90,140,90,140,140,140,467,"13 (Ranged),13 (Melee),50+ (Icy breath)","Ranged,Slash,Icy breath",0,200,125,116,120,125,120,6
Skeleton (Ape Atoll),earth,35,0,0,0,0,0,0,0,5237,10,Slash,0,77,180,90,110,110,1,4
Skeleton (Barrows)#Armed round shield,Earth,35,0,-5,5,5,5,5,5,1688,10,Slash,0,51,72,72,72,1,1,4
Skeleton (Barrows)#Square shield,Earth,35,0,-5,5,5,5,5,5,1687,10,Slash,0,51,72,72,72,1,1,4
Skeleton (Barrows)#Unarmed,Earth,35,0,-5,5,5,5,5,5,1685,10,Crush,0,51,72,72,72,1,1,4
Skeleton (Barrows)#Unarmed round shield,Earth,35,0,-5,5,5,5,5,5,1686,10,Crush,0,51,72,72,72,1,1,4
Skeleton (Catacombs of Kourend),earth,35,0,-5,5,5,5,5,5,7265,3,Crush,0,29,15,18,17,1,1,4
Skeleton (Draynor Manor),earth,35,1,-2,9,11,4,4,4,3565,3,Slash,0,29,15,18,17,1,1,4
Skeleton (Forthos Ruin)#1,earth,35,1,-1,9,11,4,4,4,10717,4,,0,17,24,24,24,1,1,4
Skeleton (Forthos Ruin)#2,earth,35,1,-1,9,11,4,4,4,10718,4,,0,17,24,24,24,1,1,4
Skeleton (Forthos Ruin)#3,earth,35,1,-1,9,11,4,4,4,10719,4,,0,17,24,24,24,1,1,4
Skeleton (Forthos Ruin)#4,earth,35,1,-1,9,11,4,4,4,10720,4,,0,17,24,24,24,1,1,4
Skeleton (Forthos Ruin)#5,earth,35,1,-1,9,11,4,4,4,10721,4,,0,17,24,24,24,1,1,4
Skeleton (Lucien's camp)#1,Earth,35,10,25,25,20,30,30,30,13476,19,Slash,0,54,160,180,62,1,1,5
Skeleton (Lucien's camp)#2,Earth,35,10,25,25,20,30,30,30,13477,19,Slash,0,54,160,180,62,1,1,5
Skeleton (Lucien's camp)#3,Earth,35,10,25,25,20,30,30,30,13478,19,Slash,0,54,160,180,62,1,1,5
Skeleton (Lucien's camp)#4,Earth,35,10,25,25,20,30,30,30,13479,19,Slash,0,54,160,180,62,1,1,5
Skeleton (mage),Earth,35,0,0,50,40,40,40,40,6441,"12 (Magic),7 (Melee)","Magic,Crush",0,85,70,60,80,110,1,4
Skeleton (Melzar's Maze)#1,Earth,35,1,-2,9,11,4,4,4,3972,3,Slash,0,29,15,18,17,1,1,4
Skeleton (Melzar's Maze)#2,Earth,35,1,-2,9,11,4,4,4,3973,3,Slash,0,29,15,18,17,1,1,4
Skeleton (Melzar's Maze)#3,Earth,35,1,-2,9,11,4,4,4,3974,3,Slash,0,29,15,18,17,1,1,4
Skeleton (Shayzien Crypts)#Magic,Earth,35,20,35,35,30,10,10,10,8072,19,Magic,0,54,160,1,62,180,1,5
Skeleton (Shayzien Crypts)#Melee,Earth,35,10,25,25,20,30,30,30,8070,19,Slash,0,54,160,180,62,1,1,5
Skeleton (Shayzien Crypts)#Range,Earth,35,30,15,15,10,20,20,20,8071,19,Ranged,0,54,160,1,62,1,180,5
Skeleton (Stronghold of Security)#1,Earth,35,0,-5,35,35,35,35,35,2521,10?,,0,70,50,50,40,1,1,4
Skeleton (Stronghold of Security)#2,Earth,35,0,-5,35,35,35,35,35,2522,10?,,0,70,50,50,40,1,1,4
Skeleton (Stronghold of Security)#3,Earth,35,0,-5,35,35,35,35,35,2523,10?,,0,70,50,50,40,1,1,4
Skeleton (Stronghold of Security)#4,Earth,35,0,-5,35,35,35,35,35,2520,10?,,0,70,60,50,60,1,1,4
Skeleton (Stronghold of Security)#5,Earth,35,5,20,79,31,70,70,70,2524,10?,,0,77,74,74,74,1,1,4
Skeleton (Stronghold of Security)#6,Earth,35,5,20,79,31,70,70,70,2525,10?,,0,77,74,74,74,1,1,4
Skeleton (Stronghold of Security)#7,Earth,35,5,20,79,31,70,70,70,2526,10?,,0,77,74,74,74,1,1,4
Skeleton (Tarn's Lair)#Level 40,Earth,35,0,0,50,40,40,40,40,6448,4,Crush,0,26,33,31,52,1,1,4
Skeleton (Tarn's Lair)#Level 42 (Hammer),Earth,35,0,0,50,40,40,40,40,6446,5,Crush,0,42,36,38,30,1,1,4
Skeleton (Tarn's Lair)#Level 42 (Sword),Earth,35,0,0,50,40,40,40,40,6444,4,Crush,0,40,40,30,40,1,1,4
Skeleton (Tarn's Lair)#Level 59,Earth,35,0,0,50,40,40,40,40,6445,6,Crush,0,53,50,46,62,1,1,4
Skeleton (Tarn's Lair)#Level 63,Earth,35,0,0,50,40,40,40,40,6447,7,Crush,0,58,56,61,45,1,1,4
Skeleton (Tarn's Lair)#Level 72,Earth,35,0,0,50,40,40,40,40,6467,9,Crush,0,69,75,61,45,1,1,4
Skeleton (Tarn's Lair)#Level 77,Earth,35,0,0,50,40,40,40,40,6442,7,Crush,0,80,72,60,60,1,1,4
Skeleton (Tarn's Lair)#Level 81,Earth,35,0,0,50,40,40,40,40,6443,7,Crush,0,71,72,64,80,1,1,4
Skeleton (Tarn's Lair)#Level 87,Earth,35,0,0,50,40,40,40,40,6468,11,Crush,0,92,75,80,55,1,1,4
Skeleton (The Restless Ghost),Earth,35,0,-5,5,5,5,5,5,924,2,Crush,0,18,10,11,7,1,1,4
Skeleton (Wilderness Agility Course)#1,Earth,35,1,-2,9,11,4,4,4,13495,1,Slash,0,17,24,1,24,1,1,4
Skeleton (Wilderness Agility Course)#2,Earth,35,1,-2,9,11,4,4,4,13496,1,Slash,0,17,24,1,24,1,1,4
Skeleton (Wilderness Agility Course)#3,Earth,35,1,-2,9,11,4,4,4,13497,1,Slash,0,17,24,1,24,1,1,4
Skeleton (Wilderness Agility Course)#4,Earth,35,1,-2,9,11,4,4,4,13498,1,Slash,0,17,24,1,24,1,1,4
Skeleton (Wilderness Agility Course)#5,Earth,35,1,-2,9,11,4,4,4,13499,1,Slash,0,17,24,1,24,1,1,4
Skeleton (Wilderness Agility Course)#6,Earth,35,1,-2,9,11,4,4,4,13500,1,Slash,0,17,24,1,24,1,1,4
Skeleton (Wilderness Agility Course)#7,Earth,35,1,-2,9,11,4,4,4,13501,1,Slash,0,17,24,1,24,1,1,4
Skeleton (Wrath Altar),,,,,,,,,,8139,,,0,60,30,24,24,1,1,
Skeleton brute,Earth,35,-3,2,0,3,2,2,2,1538,15,Crush,0,124,115,114,110,1,1,4
Skeleton Champion,Air,35,0,0,0,0,0,0,0,3358,5,Ranged,0,58,1,1,34,1,36,4
Skeleton fremennik#Level 40,earth,35,-4,15,14,18,15,15,15,"4491,4492,4493",5,Slash,0,25,53,30,30,1,1,6
Skeleton fremennik#Level 50,earth,35,-4,15,14,18,15,15,15,"4494,4495,4496",6,Slash,0,35,60,43,35,1,1,6
Skeleton fremennik#Level 60,earth,35,-4,15,14,18,15,15,15,"4497,4498,4499",8,Slash,0,40,72,54,40,1,1,6
Skeleton guard,Air,35,1,-2,9,11,4,4,4,130,3,Crush,0,29,15,18,17,1,1,4
Skeleton heavy,Earth,35,-3,2,0,3,2,2,2,1540,15,Crush,1,114,115,114,110,1,1,4
Skeleton Hellhound,Earth,35,0,0,0,0,0,0,0,5054,12,Crush,0,55,70,110,100,1,1,4
Skeleton Hellhound (Calvar'ion),Earth,30,126,10,76,73,155,155,155,12107,16,Crush,0,30,110,150,95,1,1,4
Skeleton Hellhound (Nightmare Zone)#Hard Mode,Earth,35,0,0,0,0,0,0,0,6326,27,Crush,0,132,168,264,100,1,1,4
Skeleton Hellhound (Nightmare Zone)#Normal Mode,Earth,35,0,0,0,0,0,0,0,6387,12,Crush,0,55,70,110,100,1,1,4
Skeleton Hellhound (Vet'ion),Earth,30,180,10,101,103,266,266,266,6613,26,Crush,0,30,210,250,150,1,1,4
Skeleton hero,Earth,35,-3,2,0,3,2,2,2,1537,18,Crush,1,114,145,134,110,1,1,4
Skeleton Mage#Level 16,Earth,35,0,0,0,0,0,0,0,84,3,"Magic,Crush",0,17,14,14,14,18,1,4
Skeleton Mage#Level 83,Earth,35,15,0,0,0,0,0,0,4319,11,Magic,0,80,10,10,60,100,1,4
Skeleton thug,Earth,35,-3,2,0,3,2,2,2,1541,15,Crush,1,114,115,114,110,1,1,4
Skeleton warlord,Earth,35,-3,2,0,3,2,2,2,1539,15,Crush,0,124,115,114,110,1,1,4
"Skeleton#Level 21, 1",Earth,35,0,-5,5,5,5,5,5,74,3,Crush,0,24,17,17,17,1,1,4
"Skeleton#Level 21, 2",Earth,35,0,-5,5,5,5,5,5,75,3,Crush,0,24,17,17,17,1,1,4
"Skeleton#Level 21, 3",Earth,35,0,-5,5,5,5,5,5,76,3,Crush,0,24,17,17,17,1,1,4
"Skeleton#Level 22, 1",Earth,35,0,-5,5,5,5,5,5,70,3,Crush,0,29,15,18,17,1,1,4
"Skeleton#Level 22, 2",Earth,35,0,-5,5,5,5,5,5,71,3,Crush,0,29,15,18,17,1,1,4
"Skeleton#Level 22, 3",Earth,35,0,-5,5,5,5,5,5,72,3,Crush,0,29,15,18,17,1,1,4
"Skeleton#Level 22, 4",Earth,35,0,-5,5,5,5,5,5,73,3,Crush,0,29,15,18,17,1,1,4
"Skeleton#Level 25, 1",Earth,35,1,-2,9,11,4,4,4,77,4,Slash,0,17,24,24,24,1,1,4
"Skeleton#Level 25, 2",Earth,35,1,-2,9,11,4,4,4,78,4,Slash,0,17,24,24,24,1,1,4
"Skeleton#Level 25, 3",Earth,35,1,-2,9,11,4,4,4,79,4,Slash,0,17,24,24,24,1,1,4
"Skeleton#Level 25, 4",Earth,35,1,-2,9,11,4,4,4,80,4,Slash,0,17,24,24,24,1,1,4
"Skeleton#Level 25, 5",Earth,35,1,-2,9,11,4,4,4,81,4,Slash,0,17,24,24,24,1,1,4
"Skeleton#Level 29, 1",Air,35,0,-5,5,5,5,5,5,14426,3,Crush,0,30,24,24,24,1,1,4
"Skeleton#Level 29, 2",Air,35,0,-5,5,5,5,5,5,14427,3,Crush,0,30,24,24,24,1,1,4
"Skeleton#Level 29, 3",Air,35,0,-5,5,5,5,5,5,14428,3,Crush,0,30,24,24,24,1,1,4
"Skeleton#Level 45, 1",Earth,35,1,-2,9,11,4,4,4,82,5,Slash,0,59,32,35,36,1,1,4
"Skeleton#Level 45, 2",Earth,35,1,-2,9,11,4,4,4,83,5,Slash,0,59,32,35,36,1,1,4
Skoblin,,,5,5,10,10,20,20,20,11268,5,Slash,0,30,15,20,10,10,1,4
Skogre#1,,,0,0,0,0,0,0,0,872,5,Crush,0,71,20,36,35,1,1,6
Skogre#2,,,0,0,0,0,0,0,0,878,5,Crush,0,71,20,36,35,1,1,6
Skogre#3,,,0,0,0,0,0,0,0,879,5,Crush,0,71,20,36,35,1,1,6
Skotizo,Water,40,80,80,80,80,130,130,130,7286,38,"Stab,Magic",0,450,240,250,200,280,1,0
Skraeling (Etceteria)#Battleaxe,,,-12,-12,-12,-12,-12,-12,-12,774,1,Crush,0,1,3,3,3,1,1,4
Skraeling (Etceteria)#Sword,,,-12,-12,-12,-12,-12,-12,-12,773,1,Crush,0,1,3,3,3,1,1,4
Skraeling (Miscellania)#Brown shirt,,,-12,-12,-12,-12,-12,-12,-12,3684,1,Crush,0,1,3,3,3,1,1,4
Skraeling (Miscellania)#Green shirt,,,-12,-12,-12,-12,-12,-12,-12,3686,1,Crush,0,1,3,3,3,1,1,4
Slagilith,Earth,40,5,5,50,50,50,50,50,"1362,1364",13,Crush,0,60,60,120,75,1,1,4
Slagilith (Nightmare Zone)#Hard Mode,Earth,40,5,5,50,50,50,50,50,6324,31,Crush,0,150,150,300,75,1,1,4
Slagilith (Nightmare Zone)#Normal Mode,Earth,40,5,5,50,50,50,50,50,6385,13,Crush,0,60,60,120,75,1,1,4
Slash Bash,,,0,30,30,30,0,0,0,882,13,"Ranged,Crush",0,100,100,120,60,1,100,6
Sleepwalker (monster)#1,,,-100,-100,-100,-100,-100,-100,-100,9446,1,None,0,10,1,1,0,0,0,4
Sleepwalker (monster)#2,,,-100,-100,-100,-100,-100,-100,-100,9447,1,None,0,10,1,1,0,0,0,4
Sleepwalker (monster)#3,,,-100,-100,-100,-100,-100,-100,-100,9448,1,None,0,10,1,1,0,0,0,4
Sleepwalker (monster)#4,,,-100,-100,-100,-100,-100,-100,-100,9449,1,None,0,10,1,1,0,0,0,4
Sleepwalker (monster)#5,,,-100,-100,-100,-100,-100,-100,-100,9450,1,None,0,10,1,1,0,0,0,4
Sleepwalker (monster)#6,,,-100,-100,-100,-100,-100,-100,-100,9451,1,None,0,10,1,1,0,0,0,4
Sleepwalker (Phosani's Nightmare),,,-100,-100,-100,-100,-100,-100,-100,9470,1,None,0,10,1,1,0,0,0,4
Slug Prince,,,99,30,30,30,99,99,99,4797,6,Crush,0,70,50,50,50,1,1,4
Small Lizard#Green,,,0,5,0,5,0,0,0,"462,12004",2,Crush,0,15,10,10,10,1,1,4
Small Lizard#Orange,,,0,5,0,5,0,0,0,463,2,Crush,0,15,10,10,10,1,1,4
Small scarab,fire,50,0,0,0,0,0,0,0,14126,1,Crush,0,40,55,1,55,1,1,4
Smoke devil,Air,30,600,0,0,0,44,44,44,498,20,Magical ranged,0,185,140,130,275,1,195,4
Smokedevil,,,,,,,,,,-1,,,0,,,,,,,
Snailfeet,,,5,5,10,10,20,20,20,"11270,11275",6,"Melee,Ranged",0,80,30,30,30,30,30,4
Snake (Ape Atoll),,,0,0,0,0,0,0,0,5244,10,Crush,0,36,15,25,10,10,1,4
Snake (desert),,,0,0,0,0,0,0,0,"3544,12084",1,Stab,0,6,4,5,3,1,1,4
Snake (Mos Le'Harmless),,,0,0,0,0,0,0,0,1037,3,Stab,0,25,25,25,50,1,1,3
Snake#1,,,0,0,0,0,0,0,0,2845,1,Stab,0,6,4,5,3,1,1,4
Snake#2,,,0,0,0,0,0,0,0,13002,1,Stab,0,6,4,5,3,1,1,4
Snake#3,,,0,0,0,0,0,0,0,14916,1,Stab,0,6,4,5,3,1,1,4
Snakeling (Sea charting),,,-40,-40,-40,-40,-40,-40,-40,15163,13,Magic,0,1,1,1,1,185,1,3
Snakeling#Magic,,,-40,-40,-40,-40,-40,-40,-40,2046,13,Magic,0,1,1,1,1,185,1,3
Snakeling#Melee,,,-40,-40,-40,-40,-40,-40,-40,2045,15,Stab,0,1,140,138,1,1,1,3
Snothead,,,5,5,10,10,20,20,20,"11269,11274",4,Slash,0,50,15,15,15,15,1,4
Sofiya,,,-21,-21,-21,-21,-21,-21,-21,2626,2,Crush,0,60,10,10,10,1,1,4
Sol Heredit,,,750,30,65,5,825,825,825,12821,"44 (Typeless AOE),44 (Grapple),15-25-35 (Triple Parry 1),15-30-45 (Triple Parry 2)",Various,0,1500,350,400,200,300,350,0
Sol Heredit (Deadman)#Annihilation,,,750,30,65,5,825,825,825,15554,44,Melee,0,1500,350,400,200,300,350,7
Sol Heredit (Deadman)#Permanent,,,750,30,65,5,825,825,825,15554,44,Melee,0,750,350,400,200,300,350,7
Sol Heredit (Echo),,,750,30,65,5,825,825,825,-1,44,All,0,1725,350,400,220,300,350,4
Soldier (Burthorpe),,,6,21,15,23,14,14,14,4088,6,Slash,0,50,40,40,40,1,0,4
Soldier (Shayzien),,,4,19,24,14,16,16,16,"11072,11074,11076,11078,11080,11082,11084,11086",3,Crush,0,22,19,18,14,1,1,4
Soldier (tier 1),,,0,0,0,0,-1,-1,-1,"6905,6904",5,Slash,0,50,30,30,30,1,1,7
Soldier (tier 2),,,0,0,0,0,0,0,0,"6907,6906",7,Crush,0,50,40,40,40,1,1,4
Soldier (tier 3),,,0,0,0,0,-1,-1,-1,"6909,6908",7,Stab,0,55,50,50,50,1,1,5
Soldier (tier 4),,,0,0,1,1,0,0,0,"6911,6910",8,Crush,0,65,60,60,60,1,1,5
Soldier (tier 5),,,0,0,0,0,0,0,0,"6913,6912",10,Crush,0,90,85,85,86,1,1,4
Soldier (Yanille),,,-4,19,24,14,16,16,16,5421,4,Slash,0,22,26,25,26,1,1,5
Soldier Scarab,Fire,50,-15,30,15,250,250,250,250,11724,17,Slash,0,40,75,80,80,100,95,7
Solus Dellagar,,,72,5,5,5,,,,"4930,4933,4962",4,Melee,0,40,25,25,25,1,1,3
Sorebones#Apron,,,0,0,0,0,0,0,0,562,6,Crush,0,52,49,50,50,1,1,4
Sorebones#Jacket,,,0,0,0,0,0,0,0,561,6,Crush,0,52,49,50,50,1,1,4
Sotetseg#Entry,,,10,30,30,30,120,120,120,"10864,10865","20 (Melee),22 (Ranged),22 (Magic)","Crush,Magic",0,2240,180,140,150,150,150,5
Sotetseg#Hard,,,30,70,70,70,150,150,150,"10867,10868","45 (Melee),50 (Ranged),50 (Magic)","Crush,Magic",0,4000,350,250,200,250,250,5
Sotetseg#Normal,,,30,70,70,70,150,150,150,"8387,8388","45 (Melee),50 (Ranged),50 (Magic)","Crush,Magic",0,4000,250,250,200,250,250,5
Soulless,,,0,0,0,0,0,0,0,508,2,Crush,0,24,13,13,18,1,1,4
Sourhog,,,30,10,0,30,0,0,0,10435,"6,20-30 (without Reinforced goggles)","Crush,Ranged",0,40,35,30,25,25,35,5
Sourhog (A Porcine of Interest),,,30,10,0,30,0,0,0,10436,"6,30 (without Reinforced goggles)","Crush,Ranged",0,40,35,30,25,25,35,5
Spawn,,,-10,0,0,0,0,0,0,"5916,5917","9 Ranged,4 Melee","Ranged,Crush",0,15,120,30,10,1,50,4
Spawn (Dragon Slayer II),,,0,15,5,15,5,5,5,8056,11,Slash,0,80,100,100,60,1,1,4
Spawn of Sarachnis#Level 107,,,-10,20,50,50,150,20,150,8714,13,Crush,0,30,150,120,50,1,1,3
Spawn of Sarachnis#Level 68,,,150,50,50,50,0,0,0,8715,11,Magic,0,30,10,10,50,100,1,4
Spawn sharhai,,,,,,,,,,-1,,,0,200,300,,100,20,,
Speedy Keith,,,0,10,9,8,0,0,0,303,4,Slash,0,37,32,26,27,1,1,4
Spider (Ape Atoll),Fire,50,1,0,0,1,0,0,0,"5238,5239",1,Slash,0,2,1,1,1,1,1,6
Spider (Ungael),Fire,50,17,10,20,20,20,20,20,"8137,8138",6,Stab,0,4,45,47,20,1,1,4
Spider#Common,Fire,50,-53,-53,-53,-53,-53,-53,-53,3019,0,Stab,0,2,1,1,1,1,1,4
Spider#Stronghold of Security,Fire,50,53,53,53,53,53,53,53,2478,6,Stab,0,22,21,21,21,1,1,4
Spider#Underground Pass,Fire,50,-53,-53,-53,-53,-53,-53,-53,4561,1,Stab,0,2,1,1,1,1,1,4
Spidine,fire,25,0,0,0,0,0,0,0,3602,5,Slash,0,35,37,40,36,1,1,4
Spiked Turoth,,,0,40,0,40,0,0,0,10397,29,Stab,0,195,204,280,154,1,1,4
Spindel,Fire,25,205,10,70,70,103,103,103,11998,"14 (Melee),31 (Ranged),24 (Magic)","Stab,Magic,Ranged",0,515,200,130,225,235,286,4
Spindel's Spiderling,,,0,0,0,0,0,0,0,12001,3,Stab,0,5,15,20,1,10,20,4
Spined kraken,Earth,50,-63,0,0,0,75,60,120,15208,14,Magic,0,177,1,1,75,135,1,5
Spinner#Level 36,,,0,0,0,0,0,0,0,1709,3,Crush,0,33,17,17,43,37,0,4
Spinner#Level 55,,,0,0,0,0,0,0,0,1710,3,Crush,0,53,22,22,68,52,0,4
Spinner#Level 74,,,0,0,0,0,0,0,0,1711,4,Crush,0,73,27,27,93,67,0,4
Spinner#Level 88,,,0,0,0,0,0,0,0,1713,5,Crush,0,93,37,37,143,37,0,4
Spinner#Level 92,,,0,0,0,0,0,0,0,1712,4,Crush,0,101,32,32,118,82,0,4
Spinolyp#Spinolyp,,,50,100,100,100,50,50,50,"5947,5963,5961",10,"Ranged magic,Ranged",0,100,10,10,10,1,100,4
Spinolyp#Suspicious water,,,,,,,,,,"5946,5948,5962",10,,0,100,10,10,10,1,1,
Spiritual mage#Armadyl,Air,30,45,5,9,12,28,28,28,3168,17,Magic,0,86,1,1,111,150,1,3
Spiritual mage#Bandos,Air,30,35,13,12,14,13,13,13,2244,17,Magic,0,106,1,1,103,142,1,5
Spiritual mage#Saradomin,Air,30,16,3,8,7,2,2,2,2212,20,Magic,0,85,1,1,86,160,1,4
Spiritual mage#Zamorak,Air,30,0,0,0,0,0,0,0,3161,19,Magic,0,75,1,1,61,180,1,4
Spiritual mage#Zaros,Fire,200,200,420,420,400,0,0,0,11292,38,Magic,0,125,1,1,100,200,1,5
Spiritual ranger#Armadyl,Air,30,35,8,17,16,41,41,41,3167,16,Ranged,0,89,1,1,130,1,150,3
Spiritual ranger#Bandos,Air,30,5,13,12,14,13,13,13,2242,13,Ranged,0,131,1,1,96,1,121,4
Spiritual ranger#Saradomin,Air,30,16,13,3,5,23,23,23,2211,16,Ranged,0,106,1,1,100,1,146,4
Spiritual ranger#Zamorak,Air,30,0,0,0,0,0,0,0,3160,15,Ranged,0,120,1,1,80,1,140,4
Spiritual ranger#Zaros,Fire,200,300,20,20,0,50,50,50,11291,"20,35 (special)",Ranged,0,110,1,1,100,100,190,5
Spiritual warrior#Armadyl,Air,30,35,13,23,25,35,35,35,3166,15,Ranged,0,98,1,1,120,1,141,3
Spiritual warrior#Bandos,Air,30,5,13,12,14,13,13,13,2243,16,Crush,0,131,116,120,100,1,1,5
Spiritual warrior#Saradomin,Air,30,5,13,12,14,13,13,13,2210,13,Crush,0,110,110,106,110,1,1,5
Spiritual warrior#Zamorak,Air,30,0,0,0,0,0,0,0,3159,11,Slash,0,100,100,100,100,1,1,4
Spiritual warrior#Zaros,Fire,200,0,80,100,100,250,250,250,11290,"20,40 (special)",Crush,0,100,190,190,100,50,1,5
Spitting Scarab,Fire,50,250,30,15,250,125,125,125,11725,10,Ranged,0,40,1,80,80,100,95,3
Spitting Wyvern,Air,25,140,70,50,70,70,120,120,7794,"9 (Melee),8 (Ranged),50+ (Icy breath)","Slash,Ranged,Icy breath",0,200,125,80,90,125,125,6
Splatter (Deadman)#Annihilation,,,0,0,0,0,0,0,0,15550,"26 (Melee),100+ (Explosion)",Crush,0,2000,200,250,10,300,1,4
Splatter (Deadman)#Permanent,,,0,0,0,0,0,0,0,15550,"26 (Melee),100+ (Explosion)",Crush,0,1000,200,250,10,300,1,4
Splatter#Level 22,,,0,0,0,0,0,0,0,1689,3,Crush,0,13,17,17,33,17,0,4
Splatter#Level 33,,,0,0,0,0,0,0,0,1690,3,Crush,0,23,22,22,53,22,0,4
Splatter#Level 44,,,0,0,0,0,0,0,0,1691,4,Crush,0,33,27,27,73,27,0,4
Splatter#Level 54,,,0,0,0,0,0,0,0,1692,4,Crush,0,43,32,32,93,32,0,4
Splatter#Level 65,,,0,0,0,0,0,0,0,1693,5,Crush,0,53,37,37,113,37,0,4
Stag,,,0,0,0,0,0,0,0,"1845,14222",2,Stab,0,19,11,13,13,1,1,4
Starlight,,,5,13,12,14,13,13,13,2206,15,Crush,0,160,120,125,120,125,1,5
Starved horror,,,,,,,,,,-1,,,0,45,70,,55,,,
Steel dragon (Construction),Earth,50,30,70,20,70,90,65,90,139,"22 (Melee),50+ (Dragonfire)","Slash,Dragonfire",0,210,215,215,215,100,1,4
Steel dragon#Level 246,Earth,50,30,70,0,70,90,10,90,274,"22 (Melee),50 (Dragonfire)","Slash,Dragonfire",0,210,215,215,215,100,1,4
Steel dragon#Level 246 (Task only),Earth,50,30,70,0,70,90,10,90,275,"22 (Melee),50 (Dragonfire)","Slash,Dragonfire",0,210,215,215,215,100,1,4
Steel dragon#Level 274,Earth,50,30,70,0,70,90,10,90,7255,"24 (Melee),50 (Dragonfire)","Slash,Dragonfire",0,250,235,235,235,130,1,4
Stick,Earth,20,200,50,30,30,200,200,200,926,27,Crush,0,135,60,110,60,0,0,6
Stingray,,,0,0,0,0,50,20,50,15218,6,Slash,0,106,130,55,25,1,0,4
Stone Guardian#Magic,Earth,40,35,35,40,40,0,0,0,8066,16,Magic,0,62,1,1,138,128,1,5
Stone Guardian#Melee,Earth,40,10,15,25,25,40,40,40,8064,16,Crush,0,62,150,148,138,118,1,5
Stone Guardian#Ranged,Earth,40,55,0,10,10,25,25,25,8065,16,Ranged,0,62,1,1,138,118,128,5
Strange creature (Shadows of Custodia),Fire,30,35,50,30,-10,5,30,-10,14706,6,"Crush,Bleed",0,100,95,55,45,25,1,4
Strange Creature#Melee,,,-10,80,110,90,160,160,160,"12063,12074",24,Stab,0,550,280,280,200,150,280,5
Strange Creature#Post-shield,,,280,80,110,90,0,0,0,12076,"38 (Ranged),33 (Magic)","Ranged,Magic",0,550,280,280,200,179,335,6
Strange Creature#Ranged,,,280,80,110,90,0,0,0,"12073,12081","32 (Ranged),33 (Magic)","Ranged,Magic",0,550,280,280,200,150,280,6
Strange Creature#Shielded,,,280,80,110,90,0,0,0,12075,"38 (Ranged),40 (Shockwave)","Ranged,Magic",0,75,280,280,200,180,336,6
Stranger,,,1,98,81,93,82,82,82,685,"115% of targeted player's max hit'""`UNIQ--ref-00000279-QINU`""'",Slash,0,80,90,80,80,1,1,4
Strangled Bear,,,10,30,30,20,,,,12288,6,Typeless,0,100,190,70,40,60,0,4
Strangled Boar,,,10,30,30,20,,,,12289,4,Typeless,0,40,190,70,40,60,0,4
Strangled Lynx,,,10,30,30,20,,,,12290,5,Typeless,0,50,190,70,40,60,0,4
"Strangled#Level 138, Strangled 1",Fire,50,10,30,30,20,,,,"12268,12275,12281,12429",3,Typeless,0,40,110,50,30,50,0,4
"Strangled#Level 138, Strangled 2",Fire,50,10,30,30,20,,,,"12269,12276,12282,12430",3,Typeless,0,40,110,50,30,50,0,4
"Strangled#Level 138, Strangled 3",Fire,50,10,30,30,20,,,,"12270,12277,12283,12431",3,Typeless,0,40,110,50,30,50,0,4
"Strangled#Level 138, Strangled 4",Fire,50,10,30,30,20,,,,"12271,12279,12284,12432",3,Typeless,0,40,110,50,30,50,0,4
"Strangled#Level 149, Strangled 1",Fire,50,10,30,30,20,,,,"12272,12280,12285,12433",3,Typeless,0,50,150,60,30,50,0,4
"Strangled#Level 149, Strangled 2",Fire,50,10,30,30,20,,,,"12273,12278,12286,12434",3,Typeless,0,50,150,60,30,50,0,4
"Strangled#Level 149, Strangled 3",Fire,50,10,30,30,20,,,,"12274,12287,12435",3,Typeless,0,50,150,60,30,50,0,4
Strong Barrier,,,0,0,0,0,0,0,0,"11422,11423",N/A,N/A,0,200,1,1,,1,1,0
Strong Warrior,,,0,0,0,0,0,0,0,13484,21,Crush,0,30,25,200,80,1,80,4
Strongbones,,,5,5,10,10,20,20,20,"11273,11300",18,"Magic,Melee,Ranged",0,200,90,90,90,90,90,4
Suit of armour,,,-12,45,46,50,45,45,45,5043,3,Slash,0,29,16,14,9,1,1,5
Sulphur Lizard,,,0,25,15,25,15,15,15,8614,5,Crush,-1,50,50,45,30,1,1,4
Sulphur Lizard (Deadman)#Annihilation,,,0,25,15,25,15,15,15,12458,21,Crush,-1,2500,150,200,75,1,1,5
"Sulphur Lizard (Deadman)#Apocalypse, Armageddon",,,0,25,15,25,15,15,15,12458,21,Crush,0,500,150,200,75,1,1,4
Sulphur Lizard (Deadman)#Permanent,,,0,25,15,25,15,15,15,12458,21,Crush,-1,500,150,200,75,1,1,5
Sulphur Nagua,air,15,200,10,50,50,200,200,200,13033,11 total 6+5,Slash,-4,100,90,105,40,50,1,4
Sulphur Nagua (Perilous Moons),,,200,10,50,50,200,200,200,12879,"6-5,(11 total)",Slash,-4,100,90,105,40,50,1,4
Summoned Zombie,Fire,50,0,0,0,0,0,0,0,69,2,Crush,0,22,8,9,10,1,1,4
Suqah#1,Earth,20,90,70,50,70,30,50,50,787,10,"Stab,Magic",0,105,95,95,95,1,1,6
Suqah#2,Earth,20,90,70,50,70,30,50,50,788,10,"Stab,Magic",0,105,95,95,95,1,1,6
Suqah#3,Earth,20,90,70,50,70,30,50,50,789,10,"Stab,Magic",0,105,95,95,95,1,1,6
Suqah#4,Earth,20,90,70,50,70,30,50,50,790,10,"Stab,Magic",0,105,95,95,95,1,1,6
Suqah#5,Earth,20,90,70,50,70,30,50,50,791,10,"Stab,Magic",0,105,95,95,95,1,1,6
Suqah#6,Earth,20,90,70,50,70,30,50,50,792,10,"Stab,Magic",0,105,95,95,95,1,1,6
Suqah#7,Earth,20,90,70,50,70,30,50,50,793,10,"Stab,Magic",0,105,95,95,95,1,1,6
Surok Magis,,,0,40,30,20,20,20,20,13482,45+ (Special),Magic,0,450,1,1,160,160,1,5
Svetlana,,,-21,-21,-21,-21,-21,-21,-21,2621,2,Crush,0,60,10,10,10,1,1,4
Swamp Crab#Bloomed,Earth,35,100,100,100,100,-55,-55,-55,8298,1,Crush,0,75,1,1,50,50,1,4
Swamp Crab#Hidden,Earth,35,100,100,100,100,-55,-55,-55,8299,1,Crush,0,75,1,1,50,50,1,4
Swamp Crab#Normal,Earth,35,100,100,100,100,-55,-55,-55,8297,1,Crush,0,75,1,1,50,50,1,4
Swamp frog,Earth,20,0,0,0,0,0,0,0,8578,3,Crush,0,25,25,20,15,1,1,4
Swamp snake#Level 109,,,0,0,0,0,0,0,0,5616,12,Crush,0,125,70,110,80,30,30,4
Swamp snake#Level 139,,,0,0,0,0,0,0,0,5617,18,Crush,0,130,90,170,90,30,30,4
Swamp snake#Level 80,,,0,0,0,0,0,0,0,5615,6,Crush,0,120,50,50,70,30,30,4
Swordchick,,,0,0,0,0,0,0,0,3603,5,Stab,0,35,41,42,45,1,1,4
Taloned Wyvern,Air,35,140,70,50,70,70,120,120,7793,"10 (Ranged),12 (Melee),55 (Icy breath)","Slash,Typeless Ranged,Icy breath",0,200,120,110,90,90,90,6
Tanglefoot,,,0,0,0,0,0,0,0,5848,11,Slash,0,102,97,97,91,1,1,4
Tanglefoot (Nightmare Zone)#Hard Mode,Fire,35,0,0,0,0,0,0,0,6291,20,Slash,0,204,194,194,91,1,1,4
Tanglefoot (Nightmare Zone)#Normal Mode,Fire,35,0,0,0,0,0,0,0,6353,11,Slash,0,102,97,97,91,1,1,4
Tar Monster,,,0,0,0,0,0,0,0,7804,9,Typeless Ranged,0,200,120,80,70,1,100,4
Target#Fallen,,,0,0,0,0,0,0,0,4764,1,Crush,0,1,1,1,1,1,1,-1
Target#Standing,,,0,0,0,0,0,0,0,4763,1,Crush,0,1,1,1,1,1,1,-1
Tarik (Nardah),,,-4,19,18,25,20,20,20,4757,3,Stab,0,22,19,18,14,1,1,4
Tarn#Ghost,,,50,50,50,50,50,50,50,6476,9,Crush,0,80,40,80,40,1,1,4
Tarn#Mutant,,,50,50,50,50,50,50,50,6477,9,"Crush,Magic",0,80,40,80,40,1,1,4
Tekton#Enraged,Water,20,0,180,280,290,0,0,0,7543,59,"Stab,Slash,Crush",0,300,390,390,205,205,1,3
Tekton#Enraged (Challenge Mode),Water,20,0,180,280,290,0,0,0,7544,87,"Stab,Slash,Crush",0,450,585,585,246,246,1,3
Tekton#Normal,Water,20,0,105,155,165,0,0,0,"7540,7541,7542",52,"Stab,Slash,Crush",0,300,390,390,205,205,1,3
Tekton#Normal (Challenge Mode),Water,20,0,105,155,165,0,0,0,7545,78,"Stab,Slash,Crush",0,450,585,585,246,246,1,3
Temple Guardian,,,0,0,0,0,0,0,0,7620,3,Stab,0,45,20,20,20,1,1,4
Temple Spider,Fire,40,25,10,20,30,20,20,20,8703,6,Crush,0,70,120,50,10,1,1,4
Tentacle (Abyssal Sire),,,0,0,0,0,0,0,0,5912,31,Typeless Melee,0,255,200,200,1,1,1,4
Tentacle (Temple Trekking)#Submerged,,,0,0,0,0,0,0,0,5646,12,Crush,0,75,115,76,75,50,115,6
Tentacle (Temple Trekking)#Visible,,,0,0,0,0,0,0,0,5643,12,Crush,0,75,115,76,75,50,115,6
Tern,,,0,0,0,0,30,10,30,15228,3,Stab,0,22,25,20,0,1,0,4
Terror dog#Level 100,,,0,0,0,0,0,0,0,6474,11,Crush,0,82,100,90,74,1,1,4
Terror dog#Level 110,,,0,0,0,0,0,0,0,6473,15,Crush,0,87,110,104,78,1,1,4
Terrorbird#1,,,0,0,0,0,0,0,0,2064,3,Stab,0,34,23,23,19,1,1,4
Terrorbird#2,,,0,0,0,0,0,0,0,2065,3,Stab,0,34,23,23,19,1,1,4
Terrorbird#3,,,0,0,0,0,0,0,0,2066,3,Stab,0,34,23,23,19,1,1,4
The Draugen,air,50,500,100,100,100,500,500,500,3922,7,Crush,0,60,60,60,60,1,1,4
The Everlasting,,,0,0,0,0,0,0,0,3474,24,Crush,0,230,187,231,120,1,1,6
The Everlasting (Nightmare Zone)#Hard Mode,,,0,0,0,0,0,0,0,6120,47,Crush,0,255,374,462,120,1,1,6
The Everlasting (Nightmare Zone)#Normal Mode,,,0,0,0,0,0,0,0,6351,24,Crush,0,230,187,231,120,1,1,6
The Forsaken Assassin,Air,15,200,80,60,30,50,50,50,12328,20,"Ranged,Melee",0,200,160,160,140,140,160,4
The Hueycoatl#Body,Earth,60,200,0,100,100,350,350,350,14017,13,None,0,250,150,50,125,50,50,-1
The Hueycoatl#Defeated,Earth,60,200,0,100,100,350,350,350,14012,14,"Melee,Magic,Ranged",0,2500,150,50,125,50,50,0
The Hueycoatl#Normal,Earth,60,200,0,100,100,350,350,350,"14009,14010,14013",14,"Melee,Magic,Ranged",0,2500,150,50,125,50,50,0
The Hueycoatl#Shielded,Earth,60,200,0,100,100,350,350,350,14011,14,"Melee,Magic,Ranged",0,2500,150,50,125,50,50,0
The Hueycoatl#Tail,Earth,60,200,0,100,100,350,350,350,14014,25,Typeless,0,300,150,50,125,50,50,0
The Hueycoatl#Tail (broken),Earth,60,200,0,100,100,350,350,350,14015,25,Typeless,0,300,150,50,125,50,50,0
The Illusive,,,0,0,0,0,0,0,0,3476,8,Crush,0,144,72,71,105,1,1,6
The Inadequacy,,,0,0,0,0,0,0,0,3473,"18 (Melee),20+ (Ranged)","Crush,Ranged",0,180,564,170,240,1,170,4
The Inadequacy (Nightmare Zone)#Hard Mode,,,0,0,0,0,0,0,0,6119,"35 (Melee),33+ (Ranged)","Crush,Ranged",0,255,1128,340,240,1,340,4
The Inadequacy (Nightmare Zone)#Normal Mode,,,0,0,0,0,0,0,0,6350,"18 (Melee),20+ (Ranged)","Crush,Ranged",0,180,564,170,240,1,170,4
The Jormungand,Earth,40,50,10,50,50,50,50,50,"9290,9291","22,50+ (Gaze attack),50+ (Bind attack)","Magic,Melee",0,600,214,214,214,214,214,5
The Kendal,,,-10,10,10,10,20,20,20,"1377,1378",9,Crush,0,50,65,65,60,0,0,4
The Kendal (Nightmare Zone)#Hard Mode,,,-10,10,10,10,20,20,20,6322,24,Crush,0,150,195,195,60,0,0,4
The Kendal (Nightmare Zone)#Normal Mode,,,-10,10,10,10,20,20,20,6383,9,Crush,0,50,65,65,60,0,0,4
The Leviathan#Awakened,,,280,230,260,190,50,25,50,12214,"86 (Melee orb & Bite),41 (Ranged orb),55 (Magic orb),75 (Smoke Blast)","Melee,Ranged,Magic",0,2700,525,630,287,280,280,0
The Leviathan#Post-quest,,,280,230,260,190,50,25,50,12214,"50 (Melee orb & Bite),24 (Ranged orb),32 (Magic orb),60 (Smoke Blast)","Melee,Ranged,Magic",0,900,300,360,250,160,160,0
The Leviathan#Quest,,,220,180,200,150,50,25,50,"12215,12219","34 (Melee orb & Bite),16 (Ranged orb),22 (Magic orb),41+ (Smoke Blast)","Melee,Ranged,Magic",0,720,250,270,200,130,130,0
The Maiden of Sugadinti#30% Health,,,0,0,0,0,0,0,0,8363,36,Magic,0,1050,350,350,200,350,350,10
The Maiden of Sugadinti#50% Health,,,0,0,0,0,0,0,0,8362,36,Magic,0,1750,350,350,200,350,350,10
The Maiden of Sugadinti#70% Health,,,0,0,0,0,0,0,0,8361,36,Magic,0,2450,350,350,200,350,350,10
The Maiden of Sugadinti#Entry Mode,,,0,0,0,0,0,0,0,10814,18,Magic,0,2000,140,140,80,140,140,10
The Maiden of Sugadinti#Hard Mode,,,0,0,0,0,0,0,0,10822,36,Magic,0,3500,350,350,200,350,350,10
The Maiden of Sugadinti#Normal,,,0,0,0,0,0,0,0,8360,36,Magic,0,3500,350,350,200,350,350,10
The Mimic,,,30,150,160,165,145,145,145,8633,23,"Crush,Magic",0,230,185,120,120,60,1,3
The Nightmare,,,600,40,120,180,600,600,600,"9425,9426,9427,9428,9429,9430,9431,9432,9433,9460","50/60 (Melee),33/39 (Ranged and Magic),Increased by 20% if using incorrect protection prayer","Slash,Ranged,Magic",0,2400,150,150,150,150,150,6
The rocks,Fire,100,0,35,35,60,0,0,0,15168,"? (Magic)
23 (Melee)","Magic,Melee",0,130,190,80,135,1,1,4
The Shaikahan,,,10000,0,0,0,10000,10000,10000,4708,9,Slash,0,100,80,80,25,1,1,4
The Untouchable,,,0,0,0,0,0,0,0,3475,26,Crush,0,90,187,255,434,1,1,6
The Untouchable (Nightmare Zone)#Hard Mode,,,0,0,0,0,0,0,0,6121,52,Crush,0,180,374,510,434,1,1,6
The Untouchable (Nightmare Zone)#Normal Mode,,,0,0,0,0,0,0,0,6352,26,Crush,0,90,187,255,434,1,1,6
The Whisperer#Awakened,Earth,60,10,220,180,300,300,300,300,"12204,12205","70+ (x2) (Melee),53 (Ranged),45 (Magic),70 (Screech),75 (Soul Siphon)",All,0,2700,378,378,300,225,243,10
The Whisperer#Post-quest,Earth,60,10,220,180,300,300,300,300,"12204,12205","42 (x2) (Melee),40 (Ranged),36 (Magic),45 (Screech),50 (Soul Siphon)",All,0,900,280,280,250,180,180,10
The Whisperer#Quest,Earth,60,10,220,180,300,300,300,300,"12206,12207","30 (x2) (Melee),28 (Ranged),26 (Magic),45 (Screech),50 (Soul Siphon)",All,0,660,240,250,200,130,130,10
Thermonuclear smoke devil,Air,20,800,9,11,4,900,900,900,499,8,Magical ranged (100% prayer penetration),0,240,230,220,360,1,310,2
Thermonuclear smoke devil (Deadman)#Annihilation,Air,20,200,20,30,12,300,300,300,13659,32,Ranged,0,1500,230,220,150,1,310,2
Thermonuclear smoke devil (Deadman)#Armageddon,,,200,20,30,12,300,300,300,13659,32,Ranged,0,500,230,220,150,1,310,2
Thermonuclear smoke devil (Deadman)#Permanent,Air,20,200,20,30,12,300,300,300,13659,32,Ranged,0,500,230,220,150,1,310,2
Thermonuclear smoke devil (Echo),air,20,800,9,11,4,90,90,90,-1,"51 (Magic/Ranged),99+ (Charge attack)","Magic,Ranged",0,1200,230,220,324,15,387,2
Thief (Varlamore)#1,,,0,0,0,0,0,0,0,13291,2,Crush,0,17,14,13,12,1,1,4
Thief (Varlamore)#2,,,0,0,0,0,0,0,0,13292,2,Crush,0,17,14,13,12,1,1,4
Thief (Varlamore)#3,,,0,0,0,0,0,0,0,13293,2,Crush,0,17,14,13,12,1,1,4
Thief (Varlamore)#4,,,0,0,0,0,0,0,0,13294,2,Crush,0,17,14,13,12,1,1,4
Thief (Varlamore)#5,,,0,0,0,0,0,0,0,13295,2,Crush,0,17,14,13,12,1,1,4
Thief (Varlamore)#6,,,0,0,0,0,0,0,0,13296,2,Crush,0,17,14,13,12,1,1,4
Thief#Monk's Friend,,,4,14,8,13,9,9,9,4247,2,Stab,0,17,14,10,9,1,1,4
Thief#Port Sarim,,,0,0,0,0,0,0,0,3253,2,Crush,0,17,14,13,12,0,2,4
Thief#Port Sarim jail,,,0,0,0,0,0,0,0,1448,2,Crush,0,17,14,13,12,1,1,4
Thief#Standard,,,0,0,0,0,0,0,0,3252,2,Crush,0,17,14,13,12,1,1,4
"Thief#The Warrens, 1",,,4,19,24,14,16,16,16,7914,3,Crush,0,22,19,18,14,1,1,4
"Thief#The Warrens, 2",,,4,19,24,14,16,16,16,7915,3,Crush,0,22,19,18,14,1,1,4
"Thief#The Warrens, 3",,,4,19,24,14,16,16,16,7916,3,Crush,0,22,19,18,14,1,1,4
"Thief#Varrock Gang, 1",,,0,0,0,0,0,0,0,5217,2,Crush,0,17,14,13,12,1,1,4
"Thief#Varrock Gang, 2",,,0,0,0,0,0,0,0,5218,2,Crush,0,17,14,13,12,1,1,4
"Thief#Varrock Gang, 3",,,0,0,0,0,0,0,0,5219,2,Crush,0,17,14,13,12,1,1,4
"Thief#Varrock Gang, 4",,,0,0,0,0,0,0,0,5220,2,Crush,0,17,14,13,12,1,1,4
Thing under the bed,,,0,0,0,0,0,0,0,2115,1,Melee,0,25,1,1,5,1,1,4
Third Age Mage,,,65,5,5,6,-5,-5,-5,8637,16,Magic,0,40,1,1,80,110,1,4
Third Age Ranger,,,60,60,55,47,55,55,55,8636,12,Ranged,0,40,1,1,80,1,95,4
Third Age Warrior,,,-4,113,96,108,97,97,97,8635,18,Slash,0,40,90,75,80,1,1,5
Thora (Miscellania),,,-12,-12,-12,-12,-12,-12,-12,3682,1,Crush,0,1,3,3,3,1,1,4
Thorhild,,,0,0,0,0,0,0,0,3677,1,Crush,0,1,1,1,1,1,1,4
Thrantax the Mighty,,,0,0,0,0,0,0,0,3518,9,Crush,0,80,80,80,80,1,1,4
Thrower Troll,earth,20,200,0,0,0,120,200,200,"931,932,933,934,935",6,Ranged,0,95,30,80,30,0,60,7
Thrower troll (Trollheim),Earth,20,200,0,0,0,120,200,200,"4135,4136,4137,4138,4139",10,Ranged,0,95,30,95,15,0,60,7
Thug,,,0,3,2,3,0,0,0,525,2,Stab,0,18,7,5,9,1,1,4
Tiger shark,,,0,0,0,0,20,40,100,15198,9,Slash,0,174,120,85,60,1,0,4
Tok-Xil (Construction),,,0,0,0,0,0,0,0,141,19,"Crush,Ranged",0,60,120,180,90,90,180,4
Tok-Xil#Spawn point,Water,40,0,0,0,0,0,0,0,"2194,3122","13 (Melee),14 (Ranged)","Crush,Ranged",0,40,80,120,60,60,120,4
Tok-Xil#Standard,Water,40,0,0,0,0,0,0,0,"2193,3121","13 (Melee),14 (Ranged)","Crush,Ranged",0,40,80,120,60,60,120,4
Tolna#East head,,,50,0,0,0,50,50,50,1076,5,Ranged,0,37,42,41,40,1,1,5
Tolna#North head,,,50,0,0,0,50,50,50,1077,5,"Stab,Ranged",0,37,42,41,40,1,1,0
Tolna#South head,,,50,0,0,0,50,50,50,1075,5,"Slash,Ranged",0,37,42,41,40,1,1,0
Torag the Corrupted,Air,50,0,222,221,235,221,221,221,1676,23,Crush,0,100,100,100,100,1,1,5
Torcher#Level 33,,,0,0,0,0,0,0,0,"1714,1715",6,Ranged magic,0,18,0,0,25,46,0,4
Torcher#Level 49,,,0,0,0,0,0,0,0,"1716,1717",8,Ranged magic,0,30,0,0,41,66,0,4
Torcher#Level 66,,,0,0,0,0,0,0,0,"1718,1719",9,Ranged magic,0,45,0,0,57,85,0,4
Torcher#Level 79,,,0,0,0,0,0,0,0,"1720,1721",11,Ranged magic,0,57,0,0,73,97,0,4
Torcher#Level 91,,,0,0,0,0,0,0,0,1722,12,Ranged magic,0,70,0,0,89,107,0,4
Torcher#Level 92,,,0,0,0,0,0,0,0,1723,12,Ranged magic,0,71,0,0,89,107,0,4
Tormented Demon#1,Water,30,5,68,75,175,150,90,140,13599,"<div class=""plainlist "" >
*31 (auto)
*45 (special)
</div>",All,0,600,255,255,150,255,255,6
Tormented Demon#2,Water,30,5,68,75,175,150,90,140,13600,"<div class=""plainlist "" >
*31 (auto)
*45 (special)
</div>",All,0,600,255,255,150,255,255,6
Tormented Demon#3,Water,30,5,68,75,175,150,90,140,13601,"<div class=""plainlist "" >
*31 (auto)
*45 (special)
</div>",All,0,600,255,255,150,255,255,6
Tormented Demon#4,Water,30,5,68,75,175,150,90,140,13602,"<div class=""plainlist "" >
*31 (auto)
*45 (special)
</div>",All,0,600,255,255,150,255,255,6
Tormented Soul,,,0,0,0,0,0,0,0,"8512,8513",2,Crush,0,20,16,12,10,1,1,4
Tormented Warrior,,,0,0,0,0,0,0,0,3959,10,Stab,0,90,76,76,76,0,0,4
Tortoise#No riders,Earth,20,0,0,0,0,0,0,0,6075,10,Crush,0,100,15,90,80,1,1,4
Tortoise#With riders,Earth,20,0,0,0,0,0,0,0,6076,11,"Crush,Magic,Ranged",0,120,30,100,80,50,50,4
Tortured gorilla#Level 141,,,25,0,0,0,0,0,0,"7150,7151,7153",13,"Magic,Ranged,Crush",0,210,105,95,95,95,95,5
Tortured gorilla#Level 142,,,0,0,0,0,0,0,0,"7095,7096,7097",29,Crush,0,110,180,90,110,110,1,4
Tortured soul,,,0,0,0,0,0,0,0,2999,7,Crush,0,51,52,62,38,1,1,4
Totem (Phosani's Nightmare),Fire,70,,,,,,,,"9435,9438,9441,9444",,None,0,200,1,1,0,1,1,
Totem (Phosani's Nightmare),,,,,,,,,,"9436,9439,9442,9445",,None,0,200,1,1,0,1,1,
Totem (The Nightmare),Fire,70,,,,,,,,"9435,9438,9441,9444",,None,0,300,1,1,0,1,1,
Totem (The Nightmare),,,,,,,,,,"9436,9439,9442,9445",,None,0,300,1,1,0,1,1,
Tough Guy,,,0,10,9,8,0,0,0,3551,7,Crush,0,75,85,50,50,80,0,4
Tower Archer#East,,,24,0,0,0,40,40,40,6066,7,Ranged,0,50,10,10,10,1,40,6
Tower Archer#North,,,6,0,0,0,12,12,12,6065,4,Ranged,0,30,10,10,10,1,20,6
Tower Archer#South,,,20,0,0,0,45,45,45,6067,10,Ranged,0,70,10,10,10,1,60,6
Tower Archer#West,,,34,0,0,0,66,66,66,6068,16,Ranged,0,90,10,10,10,1,80,6
Tower guard,,,0,28,23,35,0,0,0,4405,4,Stab,0,22,26,26,26,1,1,4
Trapped Soul,Air,15,0,0,0,0,0,0,0,8514,4,Crush,0,30,25,29,20,1,1,4
Trapped Soul (Nightmare Zone)#Hard Mode,Air,15,0,0,0,0,0,0,0,8529,13,Crush,0,98,100,120,20,1,1,4
Trapped Soul (Nightmare Zone)#Normal Mode,Air,15,0,0,0,0,0,0,0,8528,4,Crush,0,30,25,29,20,1,1,4
Tree spirit (Lost City),fire,35,0,0,0,0,0,0,0,1163,10,Crush,0,85,90,95,80,1,1,4
Tree spirit (Nightmare Zone)#Hard Mode,Fire,35,0,0,0,0,0,0,0,6319,22,Crush,0,187,200,209,80,1,1,4
Tree spirit (Nightmare Zone)#Normal Mode,Fire,35,0,0,0,0,0,0,0,6380,10,Crush,0,85,90,95,80,1,1,4
Tree spirit#Level 120,Fire,35,0,0,0,0,0,0,0,1865,11,Crush,0,120,100,100,100,1,1,4
Tree spirit#Level 14,Fire,35,0,0,0,0,0,0,0,1861,2,Crush,0,25,9,9,9,1,1,4
Tree spirit#Level 159,Fire,35,0,0,0,0,0,0,0,1866,14,Crush,0,170,130,130,130,1,1,4
Tree spirit#Level 29,Fire,35,0,0,0,0,0,0,0,1862,3,Crush,0,40,22,22,22,1,1,4
Tree spirit#Level 49,Fire,35,0,0,0,0,0,0,0,1863,5,Crush,0,60,38,38,38,1,1,4
Tree spirit#Level 79,Fire,35,0,0,0,0,0,0,0,1864,7,Crush,0,85,65,65,65,1,1,4
Treus Dayth (Nightmare Zone)#Hard Mode,Air,25,-5,5,5,5,5,5,5,6298,18,Crush,0,240,168,168,100,1,1,4
Treus Dayth (Nightmare Zone)#Normal Mode,Air,25,-5,5,5,5,5,5,5,6359,8,Crush,0,100,70,70,100,1,1,4
Treus Dayth#In combat,Air,25,-5,5,5,5,5,5,5,3616,"15 (Ranged),8 (Crush)","Ranged,Crush",0,100,70,70,100,1,1,4
Tribesman,,,0,6,4,6,0,0,0,"6406,6407",4,Stab,0,39,23,27,26,1,1,4
Tribesman#Dark brown,,,0,6,4,6,0,0,0,530,4,Stab,0,39,23,27,26,1,1,4
Tribesman#Light brown,,,0,6,4,6,0,0,0,11954,4,Stab,0,39,23,27,26,1,1,4
Tribeswoman#Dark brown,,,0,6,4,6,0,0,0,11955,4,Stab,0,39,23,27,26,1,1,4
Tribeswoman#Light brown,,,0,6,4,6,0,0,0,11956,4,Stab,0,39,23,27,26,1,1,4
Troll (Construction),,,200,40,25,25,200,200,200,133,23,Crush,0,120,50,100,50,0,0,4
Troll (historical),,,,,,,,,,-1,,,0,,,,,,,
Troll (Realm of Memories),,,0,0,0,0,0,0,0,-1,,,0,55,65,63,58,1,1,4
Troll general#Hammer (brown),earth,20,200,35,35,60,120,200,200,4122,38,Crush,0,140,70,140,40,0,0,4
Troll general#Hammer (grey),earth,20,200,35,35,60,120,200,200,4121,38,Crush,0,140,70,140,40,0,0,4
Troll general#Sword,earth,20,200,35,35,60,120,200,200,4120,38,Slash,0,140,70,140,40,0,0,4
Troll spectator,Earth,20,200,10,0,0,200,200,200,"4123,4124,4125,4126,4127,4128,4129",13,Crush,0,90,40,90,25,0,0,6
Tstanon Karlak,Water,40,-5,0,0,0,0,0,0,3130,15,Crush,0,142,124,118,125,50,50,5
Tumeken's Warden (Deadman)#Annihilation,Earth,50,-30,70,70,70,70,70,70,15551,22,Ranged,0,3000,300,150,100,190,350,5
Tumeken's Warden (Deadman)#Permanent,Earth,50,-30,70,70,70,70,70,70,15551,22,Ranged,0,750,300,150,100,190,350,5
Tumeken's Warden#Active,Earth,50,-30,70,70,70,70,70,70,"11756,11757",22,"Melee,Ranged,Magic",0,140,300,150,100,190,190,8
Tumeken's Warden#Core-ejected,Earth,50,-30,70,70,70,70,70,70,11758,22,"Melee,Ranged,Magic",0,4500,300,150,100,190,190,8
Tumeken's Warden#Damaged,Earth,50,20,20,40,40,20,20,20,11762,26,"Melee,Ranged,Magic",0,880,150,150,150,150,150,8
Tumeken's Warden#Enraged,Earth,50,20,20,40,40,20,20,20,11762,26,"Melee,Ranged,Magic",0,880,150,150,180,150,150,8
Tumeken's Warden#Invulnerable,Earth,50,20,20,40,40,20,20,20,11764,26,"Melee,Ranged,Magic",0,880,150,150,150,150,150,8
Turoth#Baby,,,0,20,0,20,0,0,0,430,9,Stab,0,76,53,83,83,1,1,4
Turoth#Child,,,0,20,0,20,0,0,0,429,9,Stab,0,77,54,84,84,1,1,4
Turoth#Dad,,,0,20,0,20,0,0,0,427,10,Stab,0,81,58,88,88,1,1,4
Turoth#Mum,,,0,20,0,20,0,0,0,428,10,Stab,0,79,56,86,86,1,1,4
Twig#Awake,Earth,20,200,10,0,0,200,200,200,4131,13 (approx),Crush,0,90,40,90,25,0,0,6
Twig#Sleeping,Earth,20,200,10,0,0,200,200,200,4133,13 (approx),Crush,0,90,40,90,25,0,0,6
Twisted Banshee,Air,25,0,15,15,15,15,15,15,7272,9,Magical melee,0,100,75,85,50,1,1,4
Typhor,,,30,0,30,30,0,0,0,"9295,9296",20,"Magic,Melee",0,360,186,186,186,186,1,4
Tyras guard,,,-10,76,87,84,79,79,79,"639,1327,3433,3434,3436,8945,8961,8962,8963,8964",15,Stab,0,110,85,95,100,1,0,5
Tz-Kek#Level 22,Water,40,0,0,0,0,0,0,0,3120,4,Crush,0,10,20,30,15,15,30,4
Tz-Kek#Level 45,Water,40,0,0,0,0,0,0,0,"2191,2192,3118,3119",7,Crush,0,20,40,60,30,30,60,4
Tz-Kih,Water,40,0,0,0,0,0,0,0,"2189,2190,3116,3117",4,Stab,0,10,20,30,15,15,30,4
TzHaar-Hur,Water,40,0,0,0,0,0,0,0,"2161,2162,2163,2164,2165,2166,7682,7683,7684,7685,7686,7687",7,Crush,0,80,60,60,60,80,1,5
TzHaar-Ket#Level 149,Water,40,0,0,0,0,0,0,0,"2173,2174,2175,2176,2177,2178,2179,2187",15,Crush,0,140,120,140,120,40,1,4
TzHaar-Ket#Level 221,Water,40,0,0,0,0,0,0,0,7679,19,Crush,0,200,200,180,190,40,1,4
TzHaar-Mej,Water,40,0,0,0,0,0,0,0,"2154,2155,2156,2157,2158,2159,2160","13 Magic,9 Melee","Magic,Crush",0,100,80,80,80,120,1,5
TzHaar-Xil#Knife,Water,40,0,0,0,0,0,0,0,"2167,2170",11,Crush,0,120,140,100,100,40,120,4
TzHaar-Xil#Ring,Water,40,0,0,0,0,0,0,0,"2169,2172","11,16 (Ranged)","Crush,Ranged",0,120,140,100,100,40,120,4
TzHaar-Xil#Sword,Water,40,0,0,0,0,0,0,0,"2168,2171",11,Crush,0,120,140,100,100,40,120,4
TzKal-Zuk#Enraged,Water,40,350,0,0,0,100,100,100,7706,"148&thinsp;'""`UNIQ--ref-000000E3-QINU`""'","Typeless Magic,Typeless Ranged",0,1200,350,600,260,150,400,7
TzKal-Zuk#Normal,Water,40,350,0,0,0,100,100,100,7706,"148&thinsp;'""`UNIQ--ref-000000E3-QINU`""'","Typeless Magic,Typeless Ranged",0,1200,350,600,260,150,400,10
TzTok-Jad,Water,40,0,0,0,0,0,0,0,3127,"97 (Melee),97 (Ranged),95 (Magic)","Stab,Magic,Ranged",0,250,640,960,480,480,960,8
TzTok-Jad (Deadman)#Annihilation,Water,40,0,0,0,0,0,0,0,13661,"78 (Melee),108","Stab,Magic,Ranged",0,5000,640,770,200,750,750,8
TzTok-Jad (Deadman)#Armageddon,Water,40,0,0,0,0,0,0,0,13661,"78 (Melee),108","Stab,Magic,Ranged",0,5000,350,350,200,450,450,8
TzTok-Jad (Deadman)#Permanent,Water,40,0,0,0,0,0,0,0,13661,"78 (Melee),108","Stab,Magic,Ranged",0,2000,640,770,200,750,750,8
TzTok-Jad (PvM Arena),,,0,0,0,0,0,0,0,6506,"97 (Melee),97 (Ranged),95 (Magic)","Stab,Magic,Ranged",0,250,640,960,480,480,960,8
TzTok-Jad-Rek,Water,40,0,0,0,0,0,0,0,15557,"25 (Melee),?","Stab,Magic,Ranged",0,200,160,240,25,250,250,8
Ugthanki,,,0,0,0,0,0,0,0,4652,4,Stab,0,45,35,35,35,0,0,4
Ulfric,,,0,0,0,0,0,0,0,4500,11,Slash,0,60,100,100,82,1,1,4
Umbra,,,150,100,100,100,25,25,25,11284,29,Magic,-2,500,1,1,200,200,1,5
Unbound JalTok-Jad,Water,40,0,0,0,0,0,0,0,-1,154,"Ranged,Magic,Stab",0,700,1125,1530,600,637,765,8
Undead chicken,Fire,50,-42,-42,-42,-42,-42,-42,-42,2993,0,Stab,0,3,1,1,1,1,1,4
Undead cow,Fire,50,-21,-21,-21,-21,-21,-21,-21,2992,1,Crush,0,8,1,1,1,1,1,4
Undead Druid,Fire,50,140,80,40,30,40,40,40,2145,"22 (Magic),11 (Melee)","Crush,Magic",0,140,60,50,60,115,0,4
Undead Lumberjack#Level 30,Fire,50,0,0,0,0,0,0,0,"5648,5649,5650,5651,5652,5653,5654,5655",2,Crush,0,10,73,6,10,1,1,4
Undead Lumberjack#Level 35,Fire,50,0,0,0,0,0,0,0,"5656,5657,5658,5659,5660,5661,5662,5663",2,Crush,0,11,87,6,11,1,1,4
Undead Lumberjack#Level 40,Fire,50,0,0,0,0,0,0,0,"5665,5666,5667,5668,5669,5670,5671,5672",2,Crush,0,12,101,6,12,1,1,4
Undead Lumberjack#Level 45,Fire,50,0,0,0,0,0,0,0,"5673,5674,5675,5676,5677,5678,5679,5680",3,Crush,0,13,105,16,13,1,1,4
Undead Lumberjack#Level 50,Fire,50,0,0,0,0,0,0,0,"5681,5682,5683,5684,5685,5686,5687,5688",3,Crush,0,14,117,16,14,1,1,4
Undead Lumberjack#Level 55,Fire,50,0,0,0,0,0,0,0,"5689,5690,5691,5692,5693,5694,5695,5696",4,Crush,0,15,133,16,15,1,1,4
Undead Lumberjack#Level 60,Fire,50,0,0,0,0,0,0,0,"5697,5698,5699,5700,5701,5702,5703,5704",4,Crush,0,16,137,26,16,1,1,4
Undead Lumberjack#Level 64,Fire,50,0,0,0,0,0,0,0,"5705,5706,5707,5708,5709,5710,5711,5712",4,Crush,0,17,147,26,17,1,1,4
Undead Lumberjack#Level 70,Fire,50,0,0,0,0,0,0,0,"5713,5714,5715,5716,5717,5718,5719,5720",4,Crush,0,18,163,26,18,1,1,4
Undead one#Level 61,Earth,50,1,3,5,5,4,4,4,"5344,5345",7,Slash,0,47,55,55,55,0,0,4
Undead one#Level 68 (Skeletal),Earth,50,0,0,0,0,0,0,0,"5342,5343",7,Slash,0,47,63,63,63,0,0,4
Undead one#Level 68 (Zombie),Fire,50,0,0,0,0,0,0,0,"5346,5347,5348",7,Slash,0,47,63,63,63,0,0,4
Undead one#Level 73,Fire,50,0,0,0,0,0,0,0,"5349,5350,5351",8,Slash,0,59,65,65,65,0,0,4
Undead Zealot#1,Fire,50,0,0,20,20,10,10,10,10591,4,Crush,0,28,28,28,38,1,1,4
Undead Zealot#2,Fire,50,0,0,20,20,10,10,10,10592,4,Crush,0,28,28,28,38,1,1,4
Underwater horror,,,,,,,,,,-1,,,0,45,70,,55,,,
Ungadulu#Normal,,,0,0,0,0,0,0,0,3957,7,"Magic,Crush",0,65,57,61,65,65,0,4
Ungadulu#Possessed,,,0,0,0,0,0,0,0,3958,16,"Magic,Crush",0,150,147,147,147,0,0,4
Unicorn,,,0,0,0,0,0,0,0,"2837,14043",2,Stab,0,19,11,13,13,1,1,4
Unicorn Foal,,,0,0,0,0,0,0,0,3910,2,Stab,0,15,10,10,10,1,1,4
Unicow,,,0,0,0,0,0,0,0,3601,4,Crush,0,24,18,26,22,1,1,4
Unusual Chicken,,,,,,,,,,-1,1,Melee,0,3,,,,,,4
Uodai,,,0,0,0,0,0,0,0,5262,14,Slash,0,130,130,130,130,130,1,4
Ur-maggot larvae,,,0,0,0,0,0,0,0,15743,3,Stab,0,30,80,20,35,100,1,4
Urium Shade#Shade,Air,40,0,0,0,0,0,0,0,10589,13,Crush,-3,130,138,116,100,0,0,4
Urium Shade#Shadow,Air,40,0,0,0,0,0,0,0,6143,13,Crush,-3,130,138,116,100,0,0,4
Uyoro,,,0,0,0,0,0,0,0,5260,14,Slash,0,130,130,130,130,130,1,4
Valgerd,,,-12,-12,-12,-12,-12,-12,-12,3683,1,Crush,0,1,3,3,3,1,1,4
Vampyre Juvenile#Burgh de Rott and Crombwick Manor,,,0,0,0,0,0,0,0,"4436,4437,4438,4439",4,Crush,0,60,40,30,30,1,1,4
Vampyre Juvenile#Darkmeyer,,,0,0,0,0,0,0,0,"9731,9732,9733,9734",4,Crush,0,60,40,30,30,1,1,4
Vampyre Juvenile#Meiyerditch,,,0,0,0,0,0,0,0,"3692,3693,3696,3697",4,Crush,0,60,40,30,30,1,1,4
Vampyre Juvinate#Level 119 (Sins of the Father),,,0,0,0,0,0,0,0,"9614,9615,9616,9617",9,Slash,0,150,127,76,65,50,50,4
Vampyre Juvinate#Level 119 (Temple Trekking),,,0,0,0,0,0,0,0,"5636,5639",9,Slash,0,150,127,76,65,50,50,4
Vampyre Juvinate#Level 50 (In Aid of the Myreque),,,0,0,0,0,0,0,0,"4443,4486",5,Crush,0,60,50,37,30,1,1,4
Vampyre Juvinate#Level 54 (Burgh de Rott),,,0,0,0,0,0,0,0,"4427,4428,4429,4430,4432,4487",5,Crush,0,85,40,40,30,1,1,4
Vampyre Juvinate#Level 54 (Darkmeyer),,,0,0,0,0,0,0,0,"9727,9728,9729,9730",5,Crush,0,85,40,40,30,1,1,4
Vampyre Juvinate#Level 54 (Meiyerditch),,,0,0,0,0,0,0,0,"3694,3695,3698,3699",5,Crush,0,85,40,40,30,1,1,4
Vampyre Juvinate#Level 59 (Temple Trekking),,,0,0,0,0,0,0,0,"5634,5637",6,Slash,0,50,95,16,45,50,50,4
Vampyre Juvinate#Level 75 (In Aid of the Myreque),,,0,0,0,0,0,0,0,4442,6,Crush,0,110,70,50,35,1,1,4
Vampyre Juvinate#Level 90 (Temple Trekking),,,0,0,0,0,0,0,0,"5635,5638",6,Slash,0,100,113,46,55,50,50,4
Vampyre kraken,Earth,50,-63,0,0,0,75,60,120,15212,22,Magic,0,311,1,1,115,215,1,5
Vampyre Snail,earth,5,600,50,600,600,50,50,50,16344,87+,"Ranged,Melee",0,500,1,1,300,100,300,6
Vanguard#Magic,,,110,400,315,340,50,50,50,7529,22,Magic,0,180,150,150,160,150,150,4
Vanguard#Magic (Challenge Mode),,,110,400,315,340,50,50,50,7529,33,Magic,0,280,225,225,240,225,225,4
Vanguard#Melee,,,20,150,150,150,400,400,400,7527,18,Melee,0,180,150,150,160,150,150,4
Vanguard#Melee (Challenge Mode),,,20,150,150,150,400,400,400,7527,27,Melee,0,280,225,225,240,225,225,4
Vanguard#Moving,,,,,,,,,,7526,,None,0,,,,,,,4
Vanguard#Ranged,,,400,100,55,60,300,300,300,7528,22,Ranged,0,180,150,150,160,150,150,4
Vanguard#Ranged (Challenge Mode),,,400,100,55,60,300,300,300,7528,33,Ranged,0,280,225,225,240,225,225,4
Vanstrom Klause#Sins of the Father,,,34,34,34,34,34,34,34,"9567,9568,9569,9570,9571,9632",24 (Standard),Magic,0,750,0,0,180,180,0,5
Vanstrom Klause#Vampyre,,,0,0,0,0,0,0,0,"3734,3735,3736,3737,3738,3739,8239,8240",16,Melee,0,155,150,136,150,150,150,8
Vardorvis (Deadman)#Annihilation,Fire,35,400,85,200,65,300,300,300,13656,30,Slash,0,2500,200,250,25,300,0,6
Vardorvis (Deadman)#Armageddon,,,400,85,200,65,300,300,300,13656,30,Slash,0,1500,200,250,150,300,0,6
Vardorvis (Deadman)#Permanent,Fire,35,400,85,200,65,300,300,300,13656,30,Slash,0,1000,200,250,25,300,0,6
Vardorvis#Awakened,Fire,35,580,85,215,65,580,580,580,"12223,12426","46-61 (Melee)'""`UNIQ--ref-0000005F-QINU`""',96 (axes)",Slash,0,1400,420,,,215,0,5
Vardorvis#Post-quest,Fire,35,580,85,215,65,580,580,580,"12223,12426","32-43 (Melee)'""`UNIQ--ref-0000005E-QINU`""',35 (axes)",Slash,0,700,280,,,215,0,5
Vardorvis#Quest,Fire,35,560,50,150,25,560,560,560,"12224,12228,12425","30-37 (Melee)'""`UNIQ--ref-00000060-QINU`""',?? (axes)",Slash,0,500,260,,,180,0,5
Vasa Nistirio#Challenge Mode,,,400,40,170,190,40,30,40,"7566,7567",Varies,"Magic,Ranged",0,450,1,1,262,345,345,3
Vasa Nistirio#Normal,,,400,40,170,190,40,30,40,"7566,7567",Varies,"Magic,Ranged",0,300,1,1,175,230,230,3
Veiled kraken,,,325,0,0,0,325,0,325,15576,19,Crush,15,225,200,185,115,100,1,5
Venator#1,,,100,90,-5,20,100,100,100,15765,21,"Stab,Ranged",0,345,200,200,120,100,75,5
Venator#2,,,100,90,-5,20,100,100,100,15766,21,"Stab,Ranged",0,345,200,200,120,100,75,5
Venator#3,,,100,90,-5,20,100,100,100,15767,21,"Stab,Ranged",0,345,200,200,120,100,75,5
Venator#4,,,100,90,-5,20,100,100,100,15768,21,"Stab,Ranged",0,345,200,200,120,100,75,5
Venator#5,,,100,90,-5,20,100,100,100,15769,21,"Stab,Ranged",0,345,200,200,120,100,75,5
Venenatis,Fire,40,300,10,100,100,150,150,150,6610,"21 (Melee),35 (Ranged),30 (Magic)","Stab,Magic,Ranged",0,850,300,200,321,300,350,4
Venenatis (PvM Arena),,,850,260,260,260,100,100,100,6504,50,"Magic,Stab",0,255,470,490,490,150,1,0
Venenatis' Spiderling (monster),,,0,0,0,0,0,0,0,12000,3,Stab,0,5,15,20,1,10,20,4
Vera,,,-21,-21,-21,-21,-21,-21,-21,2630,2,Crush,0,60,10,10,10,1,1,4
Verac the Defiled,Air,50,0,221,227,230,225,225,225,1677,"23 (Stab),15 (Protect from Melee)",Stab,0,100,100,100,100,1,1,5
"Verzik Vitur#Entry mode, Phase 1",,,10,10,10,10,10,10,10,"10830,10831,10832",60,Magic,0,1200,180,150,10,180,180,14
"Verzik Vitur#Entry mode, Phase 2",,,40,40,40,20,180,180,180,"10833,10834","16,16 (bounce),~34 (bounce after standing underneath)","Crush,Magic,Ranged",0,1600,200,150,120,180,180,4
"Verzik Vitur#Entry mode, Phase 3",Fire,50,60,30,30,10,100,100,100,"10835,10836","36 (melee),20 (magic),20 (ranged)","Typeless Crush,Magic,Ranged",0,2400,180,200,120,180,180,7
"Verzik Vitur#Hard mode, Phase 1",,,20,20,20,20,20,20,20,"10847,10848,10849",137,Magic,0,2000,400,400,20,400,400,14
"Verzik Vitur#Hard mode, Phase 2",,,70,100,100,60,250,250,250,"10850,10851","44,50 (bounce),~80 (bounce after standing underneath)","Crush,Magic,Ranged",0,3500,400,400,200,400,400,4
"Verzik Vitur#Hard mode, Phase 3",Fire,50,100,70,70,30,230,230,230,"10852,10853","63 (melee),33 (magic),33 (ranged)","Typeless Crush,Magic,Ranged",0,3500,400,400,150,300,300,7
"Verzik Vitur#Normal mode, Phase 1",,,20,20,20,20,20,20,20,"8369,8370,8371",137,Magic,0,2000,400,400,20,400,400,14
"Verzik Vitur#Normal mode, Phase 2",,,70,100,100,60,250,250,250,"8372,8373","47,50 (bounce),~80 (bounce after standing underneath)","Crush,Magic,Ranged",0,3500,400,400,200,400,400,4
"Verzik Vitur#Normal mode, Phase 3",Fire,50,100,70,70,30,230,230,230,"8374,8375","63 (melee),33 (magic),33 (ranged)","Typeless Crush,Magic,Ranged",0,3500,400,400,150,300,300,7
Vespine soldier#Challenge Mode,,,30,0,0,0,0,0,0,"7538,7539",20,Crush,0,150,225,225,60,60,1,4
Vespine soldier#Normal,,,30,0,0,0,0,0,0,"7538,7539",14,Crush,0,100,150,150,40,40,1,4
Vespula#Challenge Mode,Fire,50,70,0,0,0,60,60,20,"7530,7531,7532",,Ranged <br/> Typeless,0,288,225,225,132,132,225,3
Vespula#Normal,Fire,50,70,0,0,0,60,60,20,"7530,7531,7532","14 (Ranged),8 (Stomp),20 (Sting)",Ranged <br/> Typeless,0,200,150,150,88,88,150,3
Vet'ion#Enraged,,,250,-10,201,200,270,270,270,6612,44,"Slash,Magic",0,255,430,430,395,300,1,5
Vet'ion#Normal,,,250,-10,201,200,270,270,270,6611,44,"Slash,Magic",0,255,430,430,395,300,1,6
Vitreous Chilled Jelly,Earth,30,0,0,0,0,0,0,0,15501,19,Magical melee,0,220,200,180,250,180,1,4
Vitreous Jelly,Earth,30,0,0,0,0,0,0,0,7399,17,Magical melee,0,190,170,150,220,150,1,4
Vitreous Warped Jelly,Earth,30,0,0,0,0,0,0,0,7400,19,Magical melee,0,220,200,180,250,180,1,4
Vitreous warped Jelly (Deadman)#Annihilation,Earth,30,0,0,0,0,0,0,0,12457,19,Magic,0,3000,200,250,50,180,1,4
Vitreous warped Jelly (Deadman)#Apocalypse,,,0,0,0,0,0,0,0,12457,19,Magic,0,500,200,250,250,180,1,4
Vitreous warped Jelly (Deadman)#Armageddon,Earth,30,0,0,0,0,0,0,0,12457,26,Magic,0,1000,200,250,50,180,1,4
Vitreous warped Jelly (Deadman)#Permanent,Earth,30,0,0,0,0,0,0,0,12457,19,Magic,0,500,200,250,50,180,1,4
Viyeldi,,,0,0,0,0,0,0,0,3963,8,Crush,0,80,62,66,70,0,0,4
Void Flare#Fire,,,0,0,0,0,0,0,0,14179,"45 (Phase 1-2),25 (Phase 3)",Melee,0,140,1,1,100,200,1,4
Void Flare#Shadow,,,0,0,0,0,0,0,0,14179,"45 (Phase 1-2),25 (Phase 3)",Melee,0,140,1,1,100,200,1,4
Void Knight (Pest Control)#1,,,100,100,100,100,100,100,100,2950,0 (Does not attack),None,0,200,1,1,50,50,1,-1
Void Knight (Pest Control)#2,,,100,100,100,100,100,100,100,2951,0 (Does not attack),None,0,200,1,1,50,50,1,-1
Void Knight (Pest Control)#3,,,100,100,100,100,100,100,100,2952,0 (Does not attack),None,0,200,1,1,50,50,1,-1
Void Knight (Pest Control)#4,,,100,100,100,100,100,100,100,2953,0 (Does not attack),None,0,200,1,1,50,50,1,-1
Volatile Baboon,,,-60,900,900,900,-50,-50,-50,11716,7,None,0,8,60,60,20,60,60,4
Vorkath#Dragon Slayer II,Fire,40,204,126,66,126,80,80,80,"8058,8060","30 (Magic),28 (Ranged),32 (Melee),72 (Dragonfire),121 (Dragonfire Bomb/Special)","Slash,Magic,Ranged,Dragonfire",0,460,560,268,164,148,268,5
Vorkath#Post-quest,Fire,40,240,108,26,108,26,26,26,"8059,8061","30 (Magic),32 (Ranged),32 (Melee),80 (Dragonfire),121 (Dragonfire Bomb/Special),41 (Rapid Fire/Special)","Slash,Magic,Ranged,Dragonfire",0,750,560,308,214,150,308,5
Vulture#Flying,Air,20,0,0,0,0,0,0,0,1268,5,Crush,0,10,40,40,10,1,1,4
Vulture#Landed,Air,20,0,0,0,0,0,0,0,1267,5,Crush,0,10,40,40,10,1,1,4
Vyrewatch Sentinel#1,,,0,0,0,0,100,100,100,9756,17,Slash,0,150,120,160,180,120,120,4
Vyrewatch Sentinel#2,,,0,0,0,0,100,100,100,9757,17,Slash,0,150,120,160,180,120,120,4
Vyrewatch Sentinel#3,,,0,0,0,0,100,100,100,9760,17,Slash,0,150,120,160,180,120,120,4
Vyrewatch Sentinel#4,,,0,0,0,0,100,100,100,9762,17,Slash,0,150,120,160,180,120,120,4
Vyrewatch Sentinel#5,,,0,0,0,0,100,100,100,9763,17,Slash,0,150,120,160,180,120,120,4
Vyrewatch Sentinel#6,,,0,0,0,0,100,100,100,9759,17,Slash,0,150,120,160,180,120,120,4
Vyrewatch Sentinel#7,,,0,0,0,0,100,100,100,9758,17,Slash,0,150,120,160,180,120,120,4
Vyrewatch Sentinel#8,,,0,0,0,0,100,100,100,9761,17,Slash,0,150,120,160,180,120,120,4
Vyrewatch#Level 105,,,0,0,0,0,0,0,0,"3709,3713,3717,3721,3725,3729,3748,3752,3756,3760,8300,8301,8302,8303,8304,8305,8306,8307,9740,9738,9736,9737,9742,9739,9741,9735",10,Crush,0,90,105,86,85,105,105,4
Vyrewatch#Level 110,,,0,0,0,0,0,0,0,"3710,3714,3718,3722,3726,3730,3749,3753,3757,3761",11,Crush,0,90,110,96,85,110,110,8
Vyrewatch#Level 120,,,0,0,0,0,0,0,0,"3711,3715,3719,3723,3727,3731,3750,3754,3758,3762",12,Crush,0,105,120,106,85,120,120,8
Vyrewatch#Level 125,,,0,0,0,0,0,0,0,"3712,3716,3720,3724,3728,3732,3751,3755,3759,3763",13,Crush,0,110,120,116,85,120,120,8
Vyrewatch#Level 87,,,0,0,0,0,0,0,0,"8252,8253,8254,8255,8256,8257,8258,8259",8,Crush,0,75,80,75,75,75,1,8
Wall beast#Beast,,,0,0,0,0,0,0,0,476,"4 (Melee),18 (without Spiny helmet)",Crush,0,105,30,30,16,1,1,4
Wall beast#Hole,,,0,0,0,0,0,0,0,475,"4 (Melee),18 (without Spiny helmet)",Crush,0,105,30,30,16,1,1,4
Wallasalki#1,Earth,30,250,175,100,150,-10,-10,-10,5938,30,Magic,0,120,1,1,80,100,1,6
Wallasalki#2,Earth,30,250,175,100,150,10,10,10,5939,30,Magic,0,120,10,10,80,100,1,6
Warped Jelly,Earth,30,0,0,0,0,0,0,0,7277,10,Magical melee,0,140,95,90,70,95,1,4
Warped Terrorbird#Level 138,,,0,0,50,50,62,62,20,"12499,12500,12501,12502,12503,12504",16,"Ranged,Crush",0,200,80,150,60,160,70,4
Warped Terrorbird#Level 96,,,0,0,50,50,62,62,20,"12491,12492,12493,12494,12495,12496,12497,12498",10,"Ranged,Crush",0,150,60,90,20,60,40,4
Warped Tortoise,Earth,20,0,0,50,50,60,20,60,12490,12,Crush,0,200,78,106,78,50,0,4
Warrior (Rellekka),,,50,50,50,50,50,50,50,3950,8,Crush,0,50,40,40,40,1,1,3
Warrior (Thieving)#Apricot,,,-10,37,40,41,38,38,38,11926,3,Stab,0,20,22,22,22,1,1,4
Warrior (Thieving)#Bald,,,-10,37,40,41,38,38,38,11929,3,Stab,0,20,22,22,22,1,1,4
Warrior (Thieving)#Blonde,,,-10,37,40,41,38,38,38,3260,3,Stab,0,20,22,22,22,1,1,4
Warrior (Thieving)#Brown,,,-10,37,40,41,38,38,38,11927,3,Stab,0,20,22,22,22,1,1,4
Warrior (Thieving)#Goatee,,,-10,37,40,41,38,38,38,11928,3,Stab,0,20,22,22,22,1,1,4
Warrior (Thieving)#Wind braids,,,-10,37,40,41,38,38,38,11925,3,Stab,0,20,22,22,22,1,1,4
Warrior of Murahs#Mace,,,,,,,,,,10395,,,0,22,19,18,14,,,
Warrior of Murahs#Scimitar,,,,,,,,,,10394,,,0,22,19,18,14,,,
Warrior of Murahs#Spear,,,,,,,,,,10393,,,0,22,19,18,14,,,
Watchman,,,-4,19,24,14,16,16,16,5420,4,Crush,0,22,31,31,31,1,1,4
Watchman (random event)#Draynor Bank Robbery,,,,,,,,,,-1,,Melee,0,,,,,,,
Watchman (random event)#Random event,,,,,,,,,,-1,,Melee,0,,,,,,,
Water elemental,Earth,50,0,0,0,0,0,0,0,1370,4,Stab,0,30,30,30,30,30,30,4
Water wizard,,,15,0,0,0,0,0,0,1557,2,Magic,0,25,5,5,10,10,0,4
Waterfiend#Normal,Earth,100,100,10,100,100,100,20,100,2916,11,"Magic,Magical ranged",0,128,0,0,128,105,105,4
Waterfiend#Slayer task,Earth,100,100,10,100,100,100,20,100,2917,11,"Magic,Magical ranged",0,128,0,0,128,105,105,4
Weak Barrier,,,0,0,0,0,0,0,0,"11418,11419",N/A,N/A,0,50,1,1,,1,1,0
Weaponsmaster,,,-6,21,21,23,20,20,20,14137,3,Crush,0,20,21,21,21,1,1,5
Webbed-winged Crow,Air,25,0,0,0,0,0,0,0,16226,8,Stab,0,50,160,70,50,50,1,4
Well-armed Foe,,,900,275,275,275,,,,7751,,,0,1500,500,420,500,1,1,
Werewolf#Alexis,,,60,0,0,0,0,0,0,2603,8,Slash,0,100,70,70,70,1,1,4
Werewolf#Boris,,,60,0,0,0,0,0,0,2593,8,Slash,0,100,70,70,70,1,1,4
Werewolf#Eduard,,,60,0,0,0,0,0,0,2598,8,Slash,0,100,70,70,70,1,1,4
Werewolf#Galina,,,60,0,0,0,0,0,0,2605,8,Slash,0,100,70,70,70,1,1,4
Werewolf#Georgy,,,60,0,0,0,0,0,0,2600,8,Slash,0,100,70,70,70,1,1,4
Werewolf#God Wars Dungeon (1),,,-21,-21,-21,-21,-21,-21,-21,3135,9,Crush,0,92,77,76,85,1,1,4
Werewolf#God Wars Dungeon (2),,,-21,-21,-21,-21,-21,-21,-21,3136,9,Crush,0,92,77,76,85,1,1,4
Werewolf#Imre,,,60,0,0,0,0,0,0,2594,8,Slash,0,100,70,70,70,1,1,4
Werewolf#Irina,,,60,0,0,0,0,0,0,2602,8,Slash,0,100,70,70,70,1,1,4
Werewolf#Joseph,,,60,0,0,0,0,0,0,2596,8,Slash,0,100,70,70,70,1,1,4
Werewolf#Ksenia,,,60,0,0,0,0,0,0,2607,8,Slash,0,100,70,70,70,1,1,4
Werewolf#Lev,,,60,0,0,0,0,0,0,2599,8,Slash,0,100,70,70,70,1,1,4
Werewolf#Liliya,,,60,0,0,0,0,0,0,2612,8,Slash,0,100,70,70,70,1,1,4
Werewolf#Milla,,,60,0,0,0,0,0,0,2604,8,Slash,0,100,70,70,70,1,1,4
Werewolf#Nikita,,,60,0,0,0,0,0,0,2609,8,Slash,0,100,70,70,70,1,1,4
Werewolf#Nikolai,,,60,0,0,0,0,0,0,2597,8,Slash,0,100,70,70,70,1,1,4
Werewolf#Sofiya,,,60,0,0,0,0,0,0,2606,8,Slash,0,100,70,70,70,1,1,4
Werewolf#Svetlana,,,60,0,0,0,0,0,0,2601,8,Slash,0,100,70,70,70,1,1,4
Werewolf#Vera,,,60,0,0,0,0,0,0,2610,8,Slash,0,100,70,70,70,1,1,4
Werewolf#Yadviga,,,60,0,0,0,0,0,0,2608,8,Slash,0,100,70,70,70,1,1,4
Werewolf#Yuri,,,60,0,0,0,0,0,0,2595,8,Slash,0,100,70,70,70,1,1,4
Werewolf#Zoja,,,60,0,0,0,0,0,0,2611,8,Slash,0,100,70,70,70,1,1,4
Whale,,,,,,,,,,-1,,,0,360,50,,100,,25,
White golem,,,300,300,1,300,300,300,300,4743,4,Crush,0,80,80,30,80,1,1,4
White jaguar,None,,0,0,0,0,0,0,0,12979,6,Slash,0,80,55,50,55,1,1,4
White Knight (Burthorpe),,,-11,70,83,76,74,54,74,4114,6,Slash,0,52,27,29,21,1,1,7
White Knight#Acolyte (f),,,-11,70,83,76,74,54,74,11950,6,Slash,0,52,32,29,27,1,1,7
White Knight#Acolyte (m),,,-11,70,83,76,74,54,74,1800,6,Slash,0,52,32,29,27,1,1,7
White Knight#Initiate (f),,,-11,70,83,76,74,54,74,"11892,11948",6,Slash,0,52,27,29,21,1,1,7
White Knight#Initiate (m),,,-11,70,83,76,74,54,74,"1798,8149",6,Slash,0,52,27,29,21,1,1,7
White Knight#Partisan (f),,,-11,70,83,76,85,65,85,11951,7,Slash,0,55,32,35,27,1,1,7
White Knight#Partisan (m),,,-11,70,83,76,85,65,85,1829,7,Slash,0,55,32,35,27,1,1,7
White Knight#Proselyte (f),,,-11,70,83,76,74,54,74,11949,6,Slash,0,52,30,29,25,1,1,7
White Knight#Proselyte (m),,,-11,70,83,76,74,54,74,1799,6,Slash,0,52,30,29,25,1,1,7
White wolf#Level 25,Fire,25,0,0,0,0,0,0,0,107,3,Stab,0,34,20,16,22,1,1,4
White wolf#Level 38,Fire,25,0,0,0,0,0,0,0,108,4,Stab,0,44,30,31,32,1,1,4
Wighted Leech,,,0,0,0,0,0,0,0,12335,6,Typeless Melee,0,5,1,1,1,1,1,2
Wild dog (Last Man Standing),,,,,,,,,,-1,,,0,,,,,,,
Wild dog#Normal,,,0,0,0,0,0,0,0,112,6,Stab,0,62,53,54,54,1,1,4
Wild dog#Unused,,,0,0,0,0,0,0,0,113,6,Stab,0,62,53,54,54,1,1,4
Wilson,,,0,0,0,0,0,0,0,3865,4,Crush,0,50,27,31,25,1,1,4
Wingman Skree,Air,30,0,0,0,0,0,0,0,3163,16,Magic,0,121,80,50,160,150,100,5
Witch (monster)#Al Kharid,,,3,0,0,0,0,0,0,515,8,Magic,0,10,25,25,25,30,1,4
Witch (monster)#Draynor Manor,,,3,0,0,0,0,0,0,514,8,Magic,0,10,25,25,25,30,1,4
Witch (monster)#Draynor Manor updated,,,3,0,0,0,0,0,0,-1,8,Magic,0,10,25,25,25,30,1,4
Witch's experiment (Nightmare Zone)#Bear (Hard Mode),,,0,0,0,0,0,0,0,6335,8,Slash,0,102,95,75,39,1,1,4
Witch's experiment (Nightmare Zone)#Bear (Normal Mode),,,0,0,0,0,0,0,0,6396,4,Slash,0,41,38,30,39,1,1,4
Witch's experiment (Nightmare Zone)#Skavid (Hard Mode),,,0,0,0,0,0,0,0,6333,4,Crush,0,63,54,30,19,1,1,4
Witch's experiment (Nightmare Zone)#Skavid (Normal Mode),,,0,0,0,0,0,0,0,6394,2,Crush,0,21,18,10,19,1,1,4
Witch's experiment (Nightmare Zone)#Spider (Hard Mode),,,0,0,0,0,0,0,0,6334,7,Crush,0,93,84,60,29,1,1,4
Witch's experiment (Nightmare Zone)#Spider (Normal Mode),,,0,0,0,0,0,0,0,6395,3,Crush,0,31,28,20,29,1,1,4
Witch's experiment (Nightmare Zone)#Wolf (Hard Mode),,,0,0,0,0,0,0,0,6336,10,Stab,0,113,105,88,49,1,1,4
Witch's experiment (Nightmare Zone)#Wolf (Normal Mode),,,0,0,0,0,0,0,0,6397,5,Stab,0,51,48,40,49,1,1,4
Witch's experiment#Bear,,,0,0,0,0,0,0,0,3998,4,Slash,0,41,38,30,39,1,1,4
Witch's experiment#Skavid,,,0,0,0,0,0,0,0,3996,2,Crush,0,21,18,10,19,1,1,4
Witch's experiment#Spider,,,0,0,0,0,0,0,0,3997,3,Crush,0,31,28,20,29,1,1,4
Witch's experiment#Wolf,,,0,0,0,0,0,0,0,3999,5,Stab,0,51,48,40,49,1,1,4
Wizard,,,3,0,0,0,0,0,0,3257,4,Magic,0,14,8,8,5,10,1,4
Wolf (Soul Wars),Fire,25,10,10,10,10,10,10,10,"10522,10533",8,Slash,0,80,85,75,30,30,1,4
Wolf#Level 11,Fire,25,0,0,0,0,0,0,0,2491,2,Stab,0,10,10,10,10,1,1,4
Wolf#Level 14,Fire,25,0,0,0,0,0,0,0,2490,2,Stab,0,15,10,15,10,1,1,4
Wolf#Level 25,Fire,25,0,0,0,0,0,0,0,110,3,Stab,0,34,20,16,22,1,1,4
Wolf#Level 64,Fire,25,0,0,0,0,0,0,0,106,6,Stab,0,69,50,55,52,1,1,4
Wolf#Level 64 (Rellekka),Fire,25,0,0,0,0,0,0,0,3912,6,Stab,0,69,50,55,52,1,1,4
Wolfman#Blue,,,,,,,,,,-1,,,0,,,,,,,
Wolfman#Green,,,,,,,,,,-1,,,0,,,,,,,
Wolfman#Red,,,,,,,,,,-1,,,0,,,,,,,
Wolfwoman#Purple,,,,,,,,,,-1,,,0,,,,,,,
Wolfwoman#Red,,,,,,,,,,-1,,,0,,,,,,,
Wolfwoman#Yellow,,,,,,,,,,-1,,,0,,,,,,,
Woman (Canifis)#Purple,,,,,,,,,,-1,,,0,,,,,,,
Woman (Canifis)#Red,,,,,,,,,,-1,,,0,,,,,,,
Woman (Canifis)#Yellow,,,,,,,,,,-1,,,0,,,,,,,
Woman (East Ardougne),,,-21,-21,-21,-21,-21,-21,-21,3299,1,Crush,0,7,1,1,1,1,1,4
Woman (historical),,,-21,-21,-21,-21,-21,-21,-21,3268,1,Melee,0,7,1,1,1,1,1,4
Woman (West Ardougne)#Level 12,,,0,0,0,0,0,0,0,1140,2,Crush,0,13,10,10,10,1,1,4
Woman (West Ardougne)#Level 14,,,0,0,0,0,0,0,0,1142,2,Crush,0,23,10,10,10,1,1,4
Woman (West Ardougne)#Level 3 (1),,,0,1,1,1,0,0,0,1119,1,Crush,0,10,2,1,1,1,1,4
Woman (West Ardougne)#Level 3 (2),,,0,1,1,1,0,0,0,1131,1,Crush,0,10,2,1,1,1,1,4
Woman (West Ardougne)#Level 3 (3),,,0,0,0,0,0,0,0,1141,1,Crush,0,10,1,1,2,1,1,4
Woman (West Ardougne)#Level 4 (1),,,0,1,1,1,0,0,0,1130,1,Crush,0,13,2,1,1,1,1,4
Woman (West Ardougne)#Level 4 (2),,,0,0,0,0,0,0,0,1139,1,Crush,0,13,2,1,1,1,1,4
Woman#1,,,-21,-21,-21,-21,-21,-21,-21,"3111,6990,10728",1,Crush,0,7,1,1,1,1,1,4
Woman#2,,,-21,-21,-21,-21,-21,-21,-21,"3112,6991",1,Crush,0,7,1,1,1,1,1,4
Woman#3,,,-21,-21,-21,-21,-21,-21,-21,"3113,6992",1,Crush,0,7,1,1,1,1,1,4
Woman#4,,,-21,-21,-21,-21,-21,-21,-21,14921,1,Crush,0,7,1,1,1,1,1,4
"Woman#Shayzien, 1",,,-21,-21,-21,-21,-21,-21,-21,11053,1,Crush,0,7,1,1,1,1,1,4
"Woman#Shayzien, 2",,,-21,-21,-21,-21,-21,-21,-21,11054,1,Crush,0,7,1,1,1,1,1,4
Woman#Varrock,,,-21,-21,-21,-21,-21,-21,-21,3015,1,Crush,0,7,1,1,1,1,1,4
Wormbrain,,,0,0,0,0,0,0,0,820,1,Crush,0,5,1,1,1,1,1,4
Wuss,,,,,,,,,,-1,,,0,3500,50,,0,,0,
Wyrd,,,30,30,30,30,150,150,150,16212,"30 (melee),78+ (explosion)",Crush,0,1100,250,250,180,250,250,5
Wyrm#Attacking,Earth,50,50,50,10,50,20,10,20,8611,"13 (Magic),10 (Melee)","Magic,Slash",1,120,85,60,80,80,80,4
Wyrm#Idle,Earth,50,50,50,10,50,20,10,20,8610,"13 (Magic),10 (Melee)","Magic,Slash",1,120,85,60,80,80,80,4
Wyrmling#Attacking (Neypotzli),Earth,50,50,50,20,50,20,20,20,13032,5,Slash,0,65,20,30,40,60,15,4
Wyrmling#Attacking (Wyrmscraig),Earth,50,50,50,20,50,20,20,20,16296,5,Slash,0,65,20,30,40,60,15,4
Wyrmling#Idle (Neypotzli),Earth,50,50,50,20,50,20,20,20,13031,5,Slash,0,65,20,30,40,60,15,4
Wyrmling#Idle (Wyrmscraig),Earth,50,50,50,20,50,20,20,20,16297,5,Slash,0,65,20,30,40,60,15,4
Xamphur,,,260,180,180,180,30,30,30,"10954,10955",18,Magic,0,450,0,0,100,140,0,5
Xamphur,,,260,180,180,180,30,30,30,"10953,10956",18,Magic,0,450,0,0,100,140,0,5
Xarpus#Entry mode,Air,50,0,0,0,0,100,100,100,10768,6 (38+ recoil),"Typeless Ranged,Poison",0,3400,1,1,100,80,50,4
Xarpus#Hard mode,Air,50,0,0,0,0,160,160,160,10772,11 (50+ recoil),"Typeless Ranged,Poison",0,6000,1,1,200,220,100,4
Xarpus#Normal mode,Air,50,0,0,0,0,160,160,160,8340,11 (50+ recoil),"Typeless Ranged,Poison",0,5000,1,1,250,220,100,4
Yadviga,,,-21,-21,-21,-21,-21,-21,-21,2628,2,Crush,0,60,10,10,10,1,1,4
Yak,,,0,0,0,0,0,0,0,5816,2,Crush,0,50,20,10,1,1,1,4
Yama (Deadman)#Annihilation,Water,50,60,333,100,80,200,333,333,15555,"44 (Melee),60 (Meteor)",Slash,0,3000,320,350,225,250,210,4
Yama (Deadman)#Permanent,Water,50,60,333,100,80,200,333,333,15555,"44 (Melee),60 (Meteor)",Slash,0,1000,320,350,225,250,210,4
Yama#Normal,Water,50,,333,100,80,220,333,333,14176,"46 (auto-attacks),162 (Meteor Strike),80 (Shadow Stomp)","Melee (Slash),Ranged,Magic",0,2500,320,350,225,250,210,8
Yama#Phase 3,Water,50,81,449,135,108,297,449,449,14176,"46 (auto-attacks),162 (Meteor Strike),80 (Shadow Stomp)","Melee (Slash),Ranged,Magic",0,2500,320,350,225,250,210,7
Yeti,,,0,0,0,0,,,,2847,7,,0,55,48,60,39,1,1,4
Young impling,,,10,-10,-10,-10,-10,-10,-10,"1636,1646",N/A,N/A,0,10,0,0,0,1,1,0
Yrsa (Miscellania),,,,,,,,,,3679,,,0,,,,,,,
Yt-HurKot#Level 108,Water,40,100,0,0,0,100,100,100,3128,14,Crush,0,60,140,100,60,120,120,4
Yt-HurKot#Level 141,Water,40,130,0,0,0,130,130,130,"7701,7705,10624",18,Crush,0,90,165,125,100,150,150,4
Yt-MejKot#Spawn point,Water,40,0,0,0,0,0,0,0,3124,25,Crush,0,80,160,240,120,120,240,4
Yt-MejKot#Standard,Water,40,0,0,0,0,0,0,0,3123,25,Crush,0,80,160,240,120,120,240,4
Yuri,,,-21,-21,-21,-21,-21,-21,-21,2615,2,Crush,0,60,10,10,10,1,1,4
Zakl'n Gritch,Water,40,-5,0,0,0,0,0,0,3131,21,Ranged,0,150,83,76,127,50,150,5
Zalcano#Armoured,,,0,0,0,0,0,0,0,9049,53,Various,0,300,1,1,1,1,1,5
Zalcano#Weakened,,,0,0,0,0,0,0,0,9050,N/A,N/A,0,1000,1,1,1,1,1,0
Zamorak crafter,,,0,0,0,0,0,0,0,"7426,7427",2,Crush,0,25,15,15,12,20,1,4
Zamorak mage#Level 82,,,0,0,0,0,0,0,0,7423,9,Magic,0,50,75,80,80,85,1,4
Zamorak mage#Level 84,,,0,0,0,0,0,0,0,7422,9,Magic,0,50,78,81,82,85,1,4
Zamorak ranger#Level 81,,,0,0,0,0,0,0,0,7420,9,Ranged,0,50,75,75,80,1,80,4
Zamorak ranger#Level 82,,,0,0,0,0,0,0,0,7421,9,Ranged,0,50,75,80,80,1,80,4
Zamorak warrior#Level 84,,,0,0,0,0,0,0,0,7418,8,Slash,0,45,85,70,90,1,1,4
Zamorak warrior#Level 85,,,0,0,0,0,0,0,0,7419,8,Crush,0,45,90,70,90,1,1,4
Zamorak wizard,,,3,0,0,0,0,0,0,2954,20,Magic,0,76,24,24,24,80,1,4
Zebak#Enraged,,,200,260,160,160,110,110,110,11732,"38 (Melee),16 (Magic),16 (Ranged)","Melee,Ranged,Magic",0,580,250,140,70,100,120,4
Zebak#Normal,,,200,260,160,160,110,110,110,11730,"38 (Melee),16 (Magic),16 (Ranged)","Melee,Ranged,Magic",0,580,250,140,70,100,120,7
Zemouregal (Deadman)#Annihilation,,,255,30,30,30,15,15,15,15237,23+,Magic,0,2500,1,1,125,255,1,7
Zemouregal (Deadman)#Deadman's chest,,,255,30,30,30,15,15,15,15564,23+,Magic,0,500,1,1,125,255,1,7
Zemouregal (Deadman)#Permanent,,,255,30,30,30,15,15,15,15237,23+,Magic,0,750,1,1,125,255,1,7
Zemouregal Summon#Fremennik,,,0,0,0,0,0,0,0,15562,16,Slash,0,35,250,150,50,1,1,4
Zemouregal Summon#Khazard,,,0,0,0,0,0,0,0,15563,16,Slash,0,35,250,150,100,1,1,4
Zemouregal Summon#Mummy,Fire,50,0,0,0,0,0,0,0,15558,16,Crush,0,35,250,150,150,1,1,4
Zemouregal Summon#Pirate,Fire,50,0,0,0,0,0,0,0,15561,11,Crush,0,35,75,100,100,1,1,5
Zemouregal Summon#Shade,Air,40,0,0,0,0,0,0,0,15559,16,Crush,-3,35,250,150,10,50,1,4
Zemouregal Summon#Undead One,Fire,50,0,0,0,0,0,0,0,15560,16,Slash,0,35,200,150,100,1,1,4
Zogre,,,0,0,0,0,0,0,0,"866,867,868,869,870,871,873,874,875,876,877",5,Crush,0,71,20,36,35,1,1,6
Zoja,,,-21,-21,-21,-21,-21,-21,-21,2631,2,Crush,0,60,10,10,10,1,1,4
Zombie (Entrana Dungeon)#1,Fire,50,10,12,10,8,10,10,10,64,3,Slash,0,30,19,21,21,1,1,4
Zombie (Entrana Dungeon)#2,Fire,50,10,12,10,8,10,10,10,65,3,Slash,0,30,19,21,21,1,1,4
Zombie (Entrana Dungeon)#3,Fire,50,10,12,10,8,10,10,10,66,3,Slash,0,30,19,21,21,1,1,4
Zombie (Entrana Dungeon)#4,Fire,50,10,12,10,8,10,10,10,67,3,Slash,0,30,19,21,21,1,1,4
Zombie (Entrana Dungeon)#5,Fire,50,10,12,10,8,10,10,10,68,3,Slash,0,30,19,21,21,1,1,4
Zombie (Kourend)#Level 56,Fire,50,0,0,20,20,10,10,10,7486,7,Slash,0,50,50,50,47,1,1,5
Zombie (Kourend)#Level 70,Fire,50,0,0,20,20,10,10,10,7485,8,Slash,0,65,61,60,61,1,1,5
Zombie (Kourend)#Level 72,Fire,50,0,0,20,20,10,10,10,7488,8,Slash,0,68,61,63,62,1,1,5
Zombie (Kourend)#Level 76,Fire,50,0,0,20,20,10,10,10,7487,9,Slash,0,71,69,65,62,1,1,5
Zombie (Melzar's Maze),Fire,50,10,12,9,8,11,11,11,"3980,3981",3,Slash,0,30,19,21,16,1,1,5
Zombie (Sepulchre of Death),,,0,0,0,0,0,0,0,6741,14,Crush,0,170,130,130,130,1,1,4
Zombie (Shayzien Crypts)#Magic,Fire,50,20,35,35,30,10,10,10,8069,19,Magic,0,54,160,1,62,180,1,5
Zombie (Shayzien Crypts)#Melee,Fire,50,10,25,25,20,30,30,30,8067,19,Slash,0,54,160,180,62,1,1,5
Zombie (Shayzien Crypts)#Range,Fire,50,30,15,15,10,20,20,20,8068,19,Ranged,0,54,160,1,62,1,180,5
"Zombie (Stronghold of Security)#Level 30, 1",Fire,50,0,0,0,0,0,0,0,2501,4,Slash,0,30,25,29,20,1,1,5
"Zombie (Stronghold of Security)#Level 30, 2",Fire,50,0,0,0,0,0,0,0,2502,4,Slash,0,30,25,29,20,1,1,5
"Zombie (Stronghold of Security)#Level 30, 3",Fire,50,0,0,0,0,0,0,0,2503,4,Slash,0,30,25,29,20,1,1,5
"Zombie (Stronghold of Security)#Level 44, 1",Fire,50,0,22,0,0,0,0,0,2504,5,Slash,0,40,35,40,40,1,1,5
"Zombie (Stronghold of Security)#Level 44, 2",Fire,50,0,22,0,0,0,0,0,2505,5,Slash,0,40,35,40,40,1,1,5
"Zombie (Stronghold of Security)#Level 44, 3",Fire,50,0,22,0,0,0,0,0,2506,5,Slash,0,40,35,40,40,1,1,5
"Zombie (Stronghold of Security)#Level 53, 1",Fire,50,20,0,19,18,21,21,21,2507,5,Slash,0,50,55,40,48,1,1,5
"Zombie (Stronghold of Security)#Level 53, 2",Fire,50,20,0,19,18,21,21,21,2508,5,Slash,0,50,55,40,48,1,1,5
"Zombie (Stronghold of Security)#Level 53, 3",Fire,50,20,0,19,18,21,21,21,2509,5,Slash,0,50,55,40,48,1,1,5
Zombie (Tarn's Lair)#Level 100,Fire,50,0,0,20,20,10,10,10,6465,11,Crush,0,102,86,83,81,1,1,4
Zombie (Tarn's Lair)#Level 40,Fire,50,0,0,20,20,10,10,10,6449,5,Crush,0,38,36,35,33,1,1,4
Zombie (Tarn's Lair)#Level 42,Fire,50,0,0,20,20,10,10,10,6450,5,Crush,0,40,39,35,35,1,1,4
Zombie (Tarn's Lair)#Level 47,Fire,50,0,0,20,20,10,10,10,6451,6,Crush,0,42,42,39,42,1,1,4
Zombie (Tarn's Lair)#Level 50,Fire,50,0,0,20,20,10,10,10,6452,6,Crush,0,48,44,42,44,1,1,4
Zombie (Tarn's Lair)#Level 56,Fire,50,0,0,20,20,10,10,10,6453,7,Crush,0,50,50,50,47,1,1,4
Zombie (Tarn's Lair)#Level 61,Fire,50,0,0,20,20,10,10,10,6454,7,Crush,0,57,53,55,50,1,1,4
Zombie (Tarn's Lair)#Level 67,Fire,50,0,0,20,20,10,10,10,6455,8,Crush,0,63,56,58,60,1,1,4
Zombie (Tarn's Lair)#Level 70,Fire,50,0,0,20,20,10,10,10,6456,8,Crush,0,65,61,60,61,1,1,4
Zombie (Tarn's Lair)#Level 72,Fire,50,0,0,20,20,10,10,10,6457,8,Crush,0,68,61,63,62,1,1,4
Zombie (Tarn's Lair)#Level 76,Fire,50,0,0,20,20,10,10,10,6458,9,Crush,0,71,69,65,62,1,1,4
Zombie (Tarn's Lair)#Level 80,Fire,50,0,0,20,20,10,10,10,6459,9,Crush,0,73,72,73,62,1,1,4
Zombie (Tarn's Lair)#Level 81,Fire,50,0,0,20,20,10,10,10,6466,9,Crush,0,76,69,70,71,1,1,4
Zombie (Tarn's Lair)#Level 85,Fire,50,0,0,20,20,10,10,10,6460,10,Crush,0,75,71,81,70,1,1,4
Zombie (Tarn's Lair)#Level 86,Fire,50,0,0,20,20,10,10,10,6461,10,Crush,0,76,74,80,71,1,1,4
Zombie (Tarn's Lair)#Level 90,Fire,50,0,0,20,20,10,10,10,6462,10,Crush,0,81,82,80,72,1,1,4
Zombie (Tarn's Lair)#Level 95,Fire,50,0,0,20,20,10,10,10,6463,10,Crush,0,92,85,80,75,1,1,4
Zombie (Tarn's Lair)#Level 98,Fire,50,0,0,20,20,10,10,10,6464,11,Crush,0,96,85,83,81,1,1,4
Zombie (Temple Trekking),,,0,0,0,0,0,0,0,5647,3,Slash,0,20,20,20,20,1,1,4
"Zombie (Wilderness)#Level 18, 1",Fire,50,0,0,0,0,0,0,0,45,2,Slash,0,24,13,13,18,1,1,5
"Zombie (Wilderness)#Level 18, 2",Fire,50,0,0,0,0,0,0,0,46,2,Slash,0,24,13,13,18,1,1,5
"Zombie (Wilderness)#Level 18, 3",Fire,50,0,0,0,0,0,0,0,47,2,Slash,0,24,13,13,18,1,1,5
"Zombie (Wilderness)#Level 18, 4",Fire,50,0,0,0,0,0,0,0,48,2,Slash,0,24,13,13,18,1,1,5
"Zombie (Wilderness)#Level 18, 5",Fire,50,0,0,0,0,0,0,0,6596,2,Slash,0,24,13,13,18,1,1,5
"Zombie (Wilderness)#Level 18, 6",Fire,50,0,0,0,0,0,0,0,6597,2,Slash,0,24,13,13,18,1,1,5
"Zombie (Wilderness)#Level 18, 7",Fire,50,0,0,0,0,0,0,0,6598,2,Slash,0,24,13,13,18,1,1,5
"Zombie (Wilderness)#Level 24, 1",Fire,50,10,12,9,8,11,11,11,59,3,Slash,0,30,19,21,16,1,1,5
"Zombie (Wilderness)#Level 24, 2",Fire,50,10,12,9,8,11,11,11,60,3,Slash,0,30,19,21,16,1,1,5
"Zombie (Wilderness)#Level 24, 3",Fire,50,10,12,9,8,11,11,11,61,3,Slash,0,30,19,21,16,1,1,5
"Zombie (Wilderness)#Level 24, 4",Fire,50,10,12,9,8,11,11,11,62,3,Slash,0,30,19,21,16,1,1,5
"Zombie (Wilderness)#Level 24, 5",Fire,50,10,12,9,8,11,11,11,63,3,Slash,0,30,19,21,16,1,1,5
Zombie (Zogre Flesh Eaters),fire,50,0,0,0,0,0,0,0,880,4,Crush,0,50,30,30,30,1,1,6
Zombie pirate (Braindeath Island)#1,Fire,50,0,0,0,0,0,0,0,613,6,Crush,0,52,49,50,50,1,1,4
Zombie pirate (Braindeath Island)#2,Fire,50,0,0,0,0,0,0,0,614,6,Crush,0,52,49,50,50,1,1,4
Zombie pirate (Braindeath Island)#3,Fire,50,0,0,0,0,0,0,0,615,6,Crush,0,52,49,50,50,1,1,4
Zombie pirate (Braindeath Island)#4,Fire,50,0,0,0,0,0,0,0,616,6,Crush,0,52,49,50,50,1,1,4
Zombie pirate (Braindeath Island)#5,Fire,50,0,0,0,0,0,0,0,617,6,Crush,0,52,49,50,50,1,1,4
Zombie pirate (Braindeath Island)#6,Fire,50,0,0,0,0,0,0,0,618,6,Crush,0,52,49,50,50,1,1,4
Zombie pirate (Harmony Island)#1,Fire,50,0,0,0,0,0,0,0,"563,564",6,Crush,0,52,49,50,50,1,1,4
Zombie pirate (Harmony Island)#10,Fire,50,0,0,0,0,0,0,0,575,6,Crush,0,52,49,50,50,1,1,3
Zombie pirate (Harmony Island)#11,Fire,50,0,0,0,0,0,0,0,576,6,Crush,0,52,49,50,50,1,1,3
Zombie pirate (Harmony Island)#12,Fire,50,0,0,0,0,0,0,0,577,6,Crush,0,52,49,50,50,1,1,3
Zombie pirate (Harmony Island)#13,Fire,50,0,0,0,0,0,0,0,578,6,Crush,0,52,49,50,50,1,1,3
Zombie pirate (Harmony Island)#14,Fire,50,0,0,0,0,0,0,0,579,6,Crush,0,52,49,50,50,1,1,3
Zombie pirate (Harmony Island)#15,Fire,50,0,0,0,0,0,0,0,580,6,Crush,0,52,49,50,50,1,1,3
Zombie pirate (Harmony Island)#16,Fire,50,0,0,0,0,0,0,0,581,6,Crush,0,52,49,50,50,1,1,3
Zombie pirate (Harmony Island)#17,Fire,50,0,0,0,0,0,0,0,"582,583",6,Crush,0,52,49,50,50,1,1,3
Zombie pirate (Harmony Island)#18,Fire,50,0,0,0,0,0,0,0,"584,585",6,Crush,0,52,49,50,50,1,1,3
Zombie pirate (Harmony Island)#19,Fire,50,0,0,0,0,0,0,0,"586,587",6,Crush,0,52,49,50,50,1,1,3
Zombie pirate (Harmony Island)#2,Fire,50,0,0,0,0,0,0,0,"565,566",6,Crush,0,52,49,50,50,1,1,3
Zombie pirate (Harmony Island)#20,Fire,50,0,0,0,0,0,0,0,"588,589",6,Crush,0,52,49,50,50,1,1,3
Zombie pirate (Harmony Island)#21,Fire,50,0,0,0,0,0,0,0,"590,591",6,Crush,0,52,49,50,50,1,1,3
Zombie pirate (Harmony Island)#22,Fire,50,0,0,0,0,0,0,0,592,6,Crush,0,52,49,50,50,1,1,3
Zombie pirate (Harmony Island)#23,Fire,50,0,0,0,0,0,0,0,"593,594",6,Crush,0,52,49,50,50,1,1,3
Zombie pirate (Harmony Island)#24,Fire,50,0,0,0,0,0,0,0,"595,596",6,Crush,0,52,49,50,50,1,1,3
Zombie pirate (Harmony Island)#25,Fire,50,0,0,0,0,0,0,0,"597,598",6,Crush,0,52,49,50,50,1,1,3
Zombie pirate (Harmony Island)#26,Fire,50,0,0,0,0,0,0,0,599,6,Crush,0,52,49,50,50,1,1,3
Zombie pirate (Harmony Island)#3,Fire,50,0,0,0,0,0,0,0,567,6,Crush,0,52,49,50,50,1,1,3
Zombie pirate (Harmony Island)#4,Fire,50,0,0,0,0,0,0,0,568,6,Crush,0,52,49,50,50,1,1,3
Zombie pirate (Harmony Island)#5,Fire,50,0,0,0,0,0,0,0,"569,570",6,Crush,0,52,49,50,50,1,1,3
Zombie pirate (Harmony Island)#6,Fire,50,0,0,0,0,0,0,0,571,6,Crush,0,52,49,50,50,1,1,3
Zombie pirate (Harmony Island)#7,Fire,50,0,0,0,0,0,0,0,572,6,Crush,0,52,49,50,50,1,1,3
Zombie pirate (Harmony Island)#8,Fire,50,0,0,0,0,0,0,0,573,6,Crush,0,52,49,50,50,1,1,3
Zombie pirate (Harmony Island)#9,Fire,50,0,0,0,0,0,0,0,574,6,Crush,0,52,49,50,50,1,1,3
Zombie pirate#Level 22,Fire,50,0,0,0,0,0,0,0,13489,2,Crush,0,30,20,10,20,1,1,5
Zombie pirate#Level 28,Fire,50,0,0,0,0,0,0,0,"13490,13491",2,Crush,0,35,30,15,20,1,1,5
Zombie pirate#Level 34,Fire,50,0,0,0,0,0,0,0,"13492,13493",3,Crush,0,40,40,20,20,1,1,5
Zombie rat#1,Fire,50,0,0,0,0,0,0,0,3969,1,Stab,0,5,2,3,2,1,1,4
Zombie rat#2,Fire,50,0,0,0,0,0,0,0,3970,1,Stab,0,5,2,3,2,1,1,4
Zombie rat#3,Fire,50,0,0,0,0,0,0,0,3971,1,Stab,0,5,2,3,2,1,1,4
Zombie swab#1,Fire,50,0,0,0,0,0,0,0,619,6,Crush,0,50,45,50,50,1,1,4
Zombie swab#2,Fire,50,0,0,0,0,0,0,0,620,6,Crush,0,50,45,50,50,1,1,4
Zombie swab#3,Fire,50,0,0,0,0,0,0,0,621,6,Crush,0,50,45,50,50,1,1,4
Zombie swab#4,Fire,50,0,0,0,0,0,0,0,622,6,Crush,0,50,45,50,50,1,1,4
Zombie swab#5,Fire,50,0,0,0,0,0,0,0,623,6,Crush,0,50,45,50,50,1,1,4
Zombie swab#6,Fire,50,0,0,0,0,0,0,0,624,6,Crush,0,50,45,50,50,1,1,4
"Zombie#Level 13, 1",Fire,50,0,0,0,0,0,0,0,26,2,Crush,0,22,8,9,10,1,1,4
"Zombie#Level 13, 10",Fire,50,0,0,0,0,0,0,0,38,2,Crush,0,22,8,9,10,1,1,4
"Zombie#Level 13, 11",Fire,50,0,0,0,0,0,0,0,39,2,Crush,0,22,8,9,10,1,1,4
"Zombie#Level 13, 12",Fire,50,0,0,0,0,0,0,0,40,2,Crush,0,22,8,9,10,1,1,4
"Zombie#Level 13, 13",Fire,50,0,0,0,0,0,0,0,41,2,Crush,0,22,8,9,10,1,1,4
"Zombie#Level 13, 2",Fire,50,0,0,0,0,0,0,0,27,2,Crush,0,22,8,9,10,1,1,4
"Zombie#Level 13, 3",Fire,50,0,0,0,0,0,0,0,28,2,Crush,0,22,8,9,10,1,1,4
"Zombie#Level 13, 4",Fire,50,0,0,0,0,0,0,0,29,2,Crush,0,22,8,9,10,1,1,4
"Zombie#Level 13, 5",Fire,50,0,0,0,0,0,0,0,30,2,Crush,0,22,8,9,10,1,1,4
"Zombie#Level 13, 6",Fire,50,0,0,0,0,0,0,0,31,2,Crush,0,22,8,9,10,1,1,4
"Zombie#Level 13, 7",Fire,50,0,0,0,0,0,0,0,32,2,Crush,0,22,8,9,10,1,1,4
"Zombie#Level 13, 8",Fire,50,0,0,0,0,0,0,0,34,2,Crush,0,22,8,9,10,1,1,4
"Zombie#Level 13, 9",Fire,50,0,0,0,0,0,0,0,37,2,Crush,0,22,8,9,10,1,1,4
"Zombie#Level 18, 1",Fire,50,0,0,0,0,0,0,0,42,2,Slash,0,24,13,13,18,1,1,5
"Zombie#Level 18, 2",Fire,50,0,0,0,0,0,0,0,43,2,Slash,0,24,13,13,18,1,1,5
"Zombie#Level 18, 3",Fire,50,0,0,0,0,0,0,0,44,2,Slash,0,24,13,13,18,1,1,5
"Zombie#Level 24, 1",Fire,50,10,12,9,8,11,11,11,49,3,Slash,0,30,19,21,16,1,1,5
"Zombie#Level 24, 2",Fire,50,10,12,9,8,11,11,11,50,3,Slash,0,30,19,21,16,1,1,5
"Zombie#Level 24, 3",Fire,50,10,12,9,8,11,11,11,51,3,Slash,0,30,19,21,16,1,1,5
"Zombie#Level 24, 4",Fire,50,10,12,9,8,11,11,11,52,3,Slash,0,30,19,21,16,1,1,5
"Zombie#Level 24, 5",Fire,50,10,12,9,8,11,11,11,54,3,Slash,0,30,19,21,16,1,1,5
"Zombie#Level 24, 6",Fire,50,10,12,9,8,11,11,11,55,3,Slash,0,30,19,21,16,1,1,5
"Zombie#Level 24, 7",Fire,50,10,12,9,8,11,11,11,56,3,Slash,0,30,19,21,16,1,1,5
"Zombie#Level 24, 8",Fire,50,10,12,9,8,11,11,11,57,3,Slash,0,30,19,21,16,1,1,5
"Zombie#Level 24, 9",Fire,50,10,12,9,8,11,11,11,58,3,Slash,0,30,19,21,16,1,1,5
Zombies Champion,Fire,50,0,0,0,0,0,0,0,3359,5,Stab,0,60,38,42,42,1,1,4
Zombified Spawn#Dragon Slayer II,Fire,50,-100,3,3,3,3,3,3,8062,30,Slash,0,8,80,80,4,1,1,-1
Zombified Spawn#Post-quest,Fire,50,-100,3,3,3,3,3,3,8063,60,Slash,0,38,82,82,6,1,1,-1
Zulrah#Magma,Fire,50,0,0,0,0,300,300,300,2043,30,Typeless,0,500,1,1,300,300,300,3
Zulrah#Serpentine,Fire,50,-45,0,0,0,50,50,50,2042,41,Ranged,0,500,1,1,300,300,300,3
Zulrah#Tanzanite,Fire,50,300,0,0,0,0,0,0,2044,41,"Magic,Ranged",0,500,1,1,300,300,300,3
Zygomite#Level 74,Fire,40,20,10,10,10,20,20,20,537,"7 (Melee),6 (Ranged)","Magical melee,Magical ranged",0,65,65,65,65,65,65,4
Zygomite#Level 86,Fire,40,20,10,10,10,20,20,20,1024,"8 (Melee),10 (Ranged)","Magical melee,Magical ranged",0,75,75,75,75,75,75,4
